id,category,question,opt1,opt2,opt3,opt4,opt5,opt6,trait_axis
1,Best Friends & Quirks,What is your go-to move when your friend is feeling down (Perspective A)?,Bring over their favorite comfort food,Spam them with dumb reels until they laugh,Leave them alone until they are ready to talk,Take them on an impromptu night drive,Listen to them vent for two hours straight,Force them out of bed to do something active,Social
2,Best Friends & Quirks,What is your go-to move when your friend is feeling down (Perspective B)?,Bring over their favorite comfort food,Spam them with dumb reels until they laugh,Leave them alone until they are ready to talk,Take them on an impromptu night drive,Listen to them vent for two hours straight,Force them out of bed to do something active,Social
3,Best Friends & Quirks,What is your go-to move when your friend is feeling down (In High-Stress)?,Bring over their favorite comfort food,Spam them with dumb reels until they laugh,Leave them alone until they are ready to talk,Take them on an impromptu night drive,Listen to them vent for two hours straight,Force them out of bed to do something active,Social
4,Best Friends & Quirks,What is your go-to move when your friend is feeling down (On Weekends)?,Bring over their favorite comfort food,Spam them with dumb reels until they laugh,Leave them alone until they are ready to talk,Take them on an impromptu night drive,Listen to them vent for two hours straight,Force them out of bed to do something active,Social
5,Best Friends & Quirks,What is your go-to move when your friend is feeling down (With Strangers)?,Bring over their favorite comfort food,Spam them with dumb reels until they laugh,Leave them alone until they are ready to talk,Take them on an impromptu night drive,Listen to them vent for two hours straight,Force them out of bed to do something active,Social
6,Best Friends & Quirks,What is your go-to move when your friend is feeling down (With Inner Circle)?,Bring over their favorite comfort food,Spam them with dumb reels until they laugh,Leave them alone until they are ready to talk,Take them on an impromptu night drive,Listen to them vent for two hours straight,Force them out of bed to do something active,Social
7,Best Friends & Quirks,What is your go-to move when your friend is feeling down (Looking Back)?,Bring over their favorite comfort food,Spam them with dumb reels until they laugh,Leave them alone until they are ready to talk,Take them on an impromptu night drive,Listen to them vent for two hours straight,Force them out of bed to do something active,Social
8,Best Friends & Quirks,What is your go-to move when your friend is feeling down (Looking Ahead)?,Bring over their favorite comfort food,Spam them with dumb reels until they laugh,Leave them alone until they are ready to talk,Take them on an impromptu night drive,Listen to them vent for two hours straight,Force them out of bed to do something active,Social
9,Best Friends & Quirks,What is your go-to move when your friend is feeling down (Raw Instinct)?,Bring over their favorite comfort food,Spam them with dumb reels until they laugh,Leave them alone until they are ready to talk,Take them on an impromptu night drive,Listen to them vent for two hours straight,Force them out of bed to do something active,Social
10,Best Friends & Quirks,What is your go-to move when your friend is feeling down (Calculated)?,Bring over their favorite comfort food,Spam them with dumb reels until they laugh,Leave them alone until they are ready to talk,Take them on an impromptu night drive,Listen to them vent for two hours straight,Force them out of bed to do something active,Social
11,Best Friends & Quirks,What is your go-to move when your friend is feeling down (Deep Focus)?,Bring over their favorite comfort food,Spam them with dumb reels until they laugh,Leave them alone until they are ready to talk,Take them on an impromptu night drive,Listen to them vent for two hours straight,Force them out of bed to do something active,Social
12,Best Friends & Quirks,What is your go-to move when your friend is feeling down (Late Night)?,Bring over their favorite comfort food,Spam them with dumb reels until they laugh,Leave them alone until they are ready to talk,Take them on an impromptu night drive,Listen to them vent for two hours straight,Force them out of bed to do something active,Social
13,Best Friends & Quirks,What is your go-to move when your friend is feeling down (Social Vibe)?,Bring over their favorite comfort food,Spam them with dumb reels until they laugh,Leave them alone until they are ready to talk,Take them on an impromptu night drive,Listen to them vent for two hours straight,Force them out of bed to do something active,Social
14,Best Friends & Quirks,What is your go-to move when your friend is feeling down (Solo Mode)?,Bring over their favorite comfort food,Spam them with dumb reels until they laugh,Leave them alone until they are ready to talk,Take them on an impromptu night drive,Listen to them vent for two hours straight,Force them out of bed to do something active,Social
15,Best Friends & Quirks,What is your go-to move when your friend is feeling down (Real Talk)?,Bring over their favorite comfort food,Spam them with dumb reels until they laugh,Leave them alone until they are ready to talk,Take them on an impromptu night drive,Listen to them vent for two hours straight,Force them out of bed to do something active,Social
16,Best Friends & Quirks,What inside joke topic comes up the most (Perspective A)?,An embarrassing shared memory from years ago,A ridiculous mutual acquaintance,A cursed meme format,A disastrous trip or road event,A fictional scenario blown out of proportion,A specific misheard lyric or quote,Social
17,Best Friends & Quirks,What inside joke topic comes up the most (Perspective B)?,An embarrassing shared memory from years ago,A ridiculous mutual acquaintance,A cursed meme format,A disastrous trip or road event,A fictional scenario blown out of proportion,A specific misheard lyric or quote,Social
18,Best Friends & Quirks,What inside joke topic comes up the most (In High-Stress)?,An embarrassing shared memory from years ago,A ridiculous mutual acquaintance,A cursed meme format,A disastrous trip or road event,A fictional scenario blown out of proportion,A specific misheard lyric or quote,Social
19,Best Friends & Quirks,What inside joke topic comes up the most (On Weekends)?,An embarrassing shared memory from years ago,A ridiculous mutual acquaintance,A cursed meme format,A disastrous trip or road event,A fictional scenario blown out of proportion,A specific misheard lyric or quote,Social
20,Best Friends & Quirks,What inside joke topic comes up the most (With Strangers)?,An embarrassing shared memory from years ago,A ridiculous mutual acquaintance,A cursed meme format,A disastrous trip or road event,A fictional scenario blown out of proportion,A specific misheard lyric or quote,Social
21,Best Friends & Quirks,What inside joke topic comes up the most (With Inner Circle)?,An embarrassing shared memory from years ago,A ridiculous mutual acquaintance,A cursed meme format,A disastrous trip or road event,A fictional scenario blown out of proportion,A specific misheard lyric or quote,Social
22,Best Friends & Quirks,What inside joke topic comes up the most (Looking Back)?,An embarrassing shared memory from years ago,A ridiculous mutual acquaintance,A cursed meme format,A disastrous trip or road event,A fictional scenario blown out of proportion,A specific misheard lyric or quote,Social
23,Best Friends & Quirks,What inside joke topic comes up the most (Looking Ahead)?,An embarrassing shared memory from years ago,A ridiculous mutual acquaintance,A cursed meme format,A disastrous trip or road event,A fictional scenario blown out of proportion,A specific misheard lyric or quote,Social
24,Best Friends & Quirks,What inside joke topic comes up the most (Raw Instinct)?,An embarrassing shared memory from years ago,A ridiculous mutual acquaintance,A cursed meme format,A disastrous trip or road event,A fictional scenario blown out of proportion,A specific misheard lyric or quote,Social
25,Best Friends & Quirks,What inside joke topic comes up the most (Calculated)?,An embarrassing shared memory from years ago,A ridiculous mutual acquaintance,A cursed meme format,A disastrous trip or road event,A fictional scenario blown out of proportion,A specific misheard lyric or quote,Social
26,Best Friends & Quirks,What inside joke topic comes up the most (Deep Focus)?,An embarrassing shared memory from years ago,A ridiculous mutual acquaintance,A cursed meme format,A disastrous trip or road event,A fictional scenario blown out of proportion,A specific misheard lyric or quote,Social
27,Best Friends & Quirks,What inside joke topic comes up the most (Late Night)?,An embarrassing shared memory from years ago,A ridiculous mutual acquaintance,A cursed meme format,A disastrous trip or road event,A fictional scenario blown out of proportion,A specific misheard lyric or quote,Social
28,Best Friends & Quirks,What inside joke topic comes up the most (Social Vibe)?,An embarrassing shared memory from years ago,A ridiculous mutual acquaintance,A cursed meme format,A disastrous trip or road event,A fictional scenario blown out of proportion,A specific misheard lyric or quote,Social
29,Best Friends & Quirks,What inside joke topic comes up the most (Solo Mode)?,An embarrassing shared memory from years ago,A ridiculous mutual acquaintance,A cursed meme format,A disastrous trip or road event,A fictional scenario blown out of proportion,A specific misheard lyric or quote,Social
30,Best Friends & Quirks,What inside joke topic comes up the most (Real Talk)?,An embarrassing shared memory from years ago,A ridiculous mutual acquaintance,A cursed meme format,A disastrous trip or road event,A fictional scenario blown out of proportion,A specific misheard lyric or quote,Social
31,Best Friends & Quirks,How do you respond when your friend calls at 3:00 AM (Perspective A)?,Pick up instantly fearing an emergency,Decline and text 'You alive?',Sleep right through it on Do Not Disturb,Pick up half-asleep and mutter nonsense,Call back ten minutes later in a panic,Assume they butt-dialed and ignore it,Social
32,Best Friends & Quirks,How do you respond when your friend calls at 3:00 AM (Perspective B)?,Pick up instantly fearing an emergency,Decline and text 'You alive?',Sleep right through it on Do Not Disturb,Pick up half-asleep and mutter nonsense,Call back ten minutes later in a panic,Assume they butt-dialed and ignore it,Social
33,Best Friends & Quirks,How do you respond when your friend calls at 3:00 AM (In High-Stress)?,Pick up instantly fearing an emergency,Decline and text 'You alive?',Sleep right through it on Do Not Disturb,Pick up half-asleep and mutter nonsense,Call back ten minutes later in a panic,Assume they butt-dialed and ignore it,Social
34,Best Friends & Quirks,How do you respond when your friend calls at 3:00 AM (On Weekends)?,Pick up instantly fearing an emergency,Decline and text 'You alive?',Sleep right through it on Do Not Disturb,Pick up half-asleep and mutter nonsense,Call back ten minutes later in a panic,Assume they butt-dialed and ignore it,Social
35,Best Friends & Quirks,How do you respond when your friend calls at 3:00 AM (With Strangers)?,Pick up instantly fearing an emergency,Decline and text 'You alive?',Sleep right through it on Do Not Disturb,Pick up half-asleep and mutter nonsense,Call back ten minutes later in a panic,Assume they butt-dialed and ignore it,Social
36,Best Friends & Quirks,How do you respond when your friend calls at 3:00 AM (With Inner Circle)?,Pick up instantly fearing an emergency,Decline and text 'You alive?',Sleep right through it on Do Not Disturb,Pick up half-asleep and mutter nonsense,Call back ten minutes later in a panic,Assume they butt-dialed and ignore it,Social
37,Best Friends & Quirks,How do you respond when your friend calls at 3:00 AM (Looking Back)?,Pick up instantly fearing an emergency,Decline and text 'You alive?',Sleep right through it on Do Not Disturb,Pick up half-asleep and mutter nonsense,Call back ten minutes later in a panic,Assume they butt-dialed and ignore it,Social
38,Best Friends & Quirks,How do you respond when your friend calls at 3:00 AM (Looking Ahead)?,Pick up instantly fearing an emergency,Decline and text 'You alive?',Sleep right through it on Do Not Disturb,Pick up half-asleep and mutter nonsense,Call back ten minutes later in a panic,Assume they butt-dialed and ignore it,Social
39,Best Friends & Quirks,How do you respond when your friend calls at 3:00 AM (Raw Instinct)?,Pick up instantly fearing an emergency,Decline and text 'You alive?',Sleep right through it on Do Not Disturb,Pick up half-asleep and mutter nonsense,Call back ten minutes later in a panic,Assume they butt-dialed and ignore it,Social
40,Best Friends & Quirks,How do you respond when your friend calls at 3:00 AM (Calculated)?,Pick up instantly fearing an emergency,Decline and text 'You alive?',Sleep right through it on Do Not Disturb,Pick up half-asleep and mutter nonsense,Call back ten minutes later in a panic,Assume they butt-dialed and ignore it,Social
41,Best Friends & Quirks,How do you respond when your friend calls at 3:00 AM (Deep Focus)?,Pick up instantly fearing an emergency,Decline and text 'You alive?',Sleep right through it on Do Not Disturb,Pick up half-asleep and mutter nonsense,Call back ten minutes later in a panic,Assume they butt-dialed and ignore it,Social
42,Best Friends & Quirks,How do you respond when your friend calls at 3:00 AM (Late Night)?,Pick up instantly fearing an emergency,Decline and text 'You alive?',Sleep right through it on Do Not Disturb,Pick up half-asleep and mutter nonsense,Call back ten minutes later in a panic,Assume they butt-dialed and ignore it,Social
43,Best Friends & Quirks,How do you respond when your friend calls at 3:00 AM (Social Vibe)?,Pick up instantly fearing an emergency,Decline and text 'You alive?',Sleep right through it on Do Not Disturb,Pick up half-asleep and mutter nonsense,Call back ten minutes later in a panic,Assume they butt-dialed and ignore it,Social
44,Best Friends & Quirks,How do you respond when your friend calls at 3:00 AM (Solo Mode)?,Pick up instantly fearing an emergency,Decline and text 'You alive?',Sleep right through it on Do Not Disturb,Pick up half-asleep and mutter nonsense,Call back ten minutes later in a panic,Assume they butt-dialed and ignore it,Social
45,Best Friends & Quirks,How do you respond when your friend calls at 3:00 AM (Real Talk)?,Pick up instantly fearing an emergency,Decline and text 'You alive?',Sleep right through it on Do Not Disturb,Pick up half-asleep and mutter nonsense,Call back ten minutes later in a panic,Assume they butt-dialed and ignore it,Social
46,Best Friends & Quirks,"If you get into a silly argument, how does it end (Perspective A)?",One person makes a joke and both break character,We agree to disagree after ten minutes,We don't talk for two days then act like nothing happened,Send a meme completely unrelated to reset the vibe,Someone Googles the proof to win aggressively,Order food together and instantly forget about it,Social
47,Best Friends & Quirks,"If you get into a silly argument, how does it end (Perspective B)?",One person makes a joke and both break character,We agree to disagree after ten minutes,We don't talk for two days then act like nothing happened,Send a meme completely unrelated to reset the vibe,Someone Googles the proof to win aggressively,Order food together and instantly forget about it,Social
48,Best Friends & Quirks,"If you get into a silly argument, how does it end (In High-Stress)?",One person makes a joke and both break character,We agree to disagree after ten minutes,We don't talk for two days then act like nothing happened,Send a meme completely unrelated to reset the vibe,Someone Googles the proof to win aggressively,Order food together and instantly forget about it,Social
49,Best Friends & Quirks,"If you get into a silly argument, how does it end (On Weekends)?",One person makes a joke and both break character,We agree to disagree after ten minutes,We don't talk for two days then act like nothing happened,Send a meme completely unrelated to reset the vibe,Someone Googles the proof to win aggressively,Order food together and instantly forget about it,Social
50,Best Friends & Quirks,"If you get into a silly argument, how does it end (With Strangers)?",One person makes a joke and both break character,We agree to disagree after ten minutes,We don't talk for two days then act like nothing happened,Send a meme completely unrelated to reset the vibe,Someone Googles the proof to win aggressively,Order food together and instantly forget about it,Social
51,Best Friends & Quirks,"If you get into a silly argument, how does it end (With Inner Circle)?",One person makes a joke and both break character,We agree to disagree after ten minutes,We don't talk for two days then act like nothing happened,Send a meme completely unrelated to reset the vibe,Someone Googles the proof to win aggressively,Order food together and instantly forget about it,Social
52,Best Friends & Quirks,"If you get into a silly argument, how does it end (Looking Back)?",One person makes a joke and both break character,We agree to disagree after ten minutes,We don't talk for two days then act like nothing happened,Send a meme completely unrelated to reset the vibe,Someone Googles the proof to win aggressively,Order food together and instantly forget about it,Social
53,Best Friends & Quirks,"If you get into a silly argument, how does it end (Looking Ahead)?",One person makes a joke and both break character,We agree to disagree after ten minutes,We don't talk for two days then act like nothing happened,Send a meme completely unrelated to reset the vibe,Someone Googles the proof to win aggressively,Order food together and instantly forget about it,Social
54,Best Friends & Quirks,"If you get into a silly argument, how does it end (Raw Instinct)?",One person makes a joke and both break character,We agree to disagree after ten minutes,We don't talk for two days then act like nothing happened,Send a meme completely unrelated to reset the vibe,Someone Googles the proof to win aggressively,Order food together and instantly forget about it,Social
55,Best Friends & Quirks,"If you get into a silly argument, how does it end (Calculated)?",One person makes a joke and both break character,We agree to disagree after ten minutes,We don't talk for two days then act like nothing happened,Send a meme completely unrelated to reset the vibe,Someone Googles the proof to win aggressively,Order food together and instantly forget about it,Social
56,Best Friends & Quirks,"If you get into a silly argument, how does it end (Deep Focus)?",One person makes a joke and both break character,We agree to disagree after ten minutes,We don't talk for two days then act like nothing happened,Send a meme completely unrelated to reset the vibe,Someone Googles the proof to win aggressively,Order food together and instantly forget about it,Social
57,Best Friends & Quirks,"If you get into a silly argument, how does it end (Late Night)?",One person makes a joke and both break character,We agree to disagree after ten minutes,We don't talk for two days then act like nothing happened,Send a meme completely unrelated to reset the vibe,Someone Googles the proof to win aggressively,Order food together and instantly forget about it,Social
58,Best Friends & Quirks,"If you get into a silly argument, how does it end (Social Vibe)?",One person makes a joke and both break character,We agree to disagree after ten minutes,We don't talk for two days then act like nothing happened,Send a meme completely unrelated to reset the vibe,Someone Googles the proof to win aggressively,Order food together and instantly forget about it,Social
59,Best Friends & Quirks,"If you get into a silly argument, how does it end (Solo Mode)?",One person makes a joke and both break character,We agree to disagree after ten minutes,We don't talk for two days then act like nothing happened,Send a meme completely unrelated to reset the vibe,Someone Googles the proof to win aggressively,Order food together and instantly forget about it,Social
60,Best Friends & Quirks,"If you get into a silly argument, how does it end (Real Talk)?",One person makes a joke and both break character,We agree to disagree after ten minutes,We don't talk for two days then act like nothing happened,Send a meme completely unrelated to reset the vibe,Someone Googles the proof to win aggressively,Order food together and instantly forget about it,Social
61,Best Friends & Quirks,What makes someone immediately feel like a close friend to you (Perspective A)?,Being able to sit in complete silence without awkwardness,Sharing brutally honest hot takes without being judged,Having matching obscure humor and timing,Always having each other's backs in groups,Spontaneous late-night plans without needing notice,Remembering tiny details mentioned weeks ago,Social
62,Best Friends & Quirks,What makes someone immediately feel like a close friend to you (Perspective B)?,Being able to sit in complete silence without awkwardness,Sharing brutally honest hot takes without being judged,Having matching obscure humor and timing,Always having each other's backs in groups,Spontaneous late-night plans without needing notice,Remembering tiny details mentioned weeks ago,Social
63,Best Friends & Quirks,What makes someone immediately feel like a close friend to you (In High-Stress)?,Being able to sit in complete silence without awkwardness,Sharing brutally honest hot takes without being judged,Having matching obscure humor and timing,Always having each other's backs in groups,Spontaneous late-night plans without needing notice,Remembering tiny details mentioned weeks ago,Social
64,Best Friends & Quirks,What makes someone immediately feel like a close friend to you (On Weekends)?,Being able to sit in complete silence without awkwardness,Sharing brutally honest hot takes without being judged,Having matching obscure humor and timing,Always having each other's backs in groups,Spontaneous late-night plans without needing notice,Remembering tiny details mentioned weeks ago,Social
65,Best Friends & Quirks,What makes someone immediately feel like a close friend to you (With Strangers)?,Being able to sit in complete silence without awkwardness,Sharing brutally honest hot takes without being judged,Having matching obscure humor and timing,Always having each other's backs in groups,Spontaneous late-night plans without needing notice,Remembering tiny details mentioned weeks ago,Social
66,Best Friends & Quirks,What makes someone immediately feel like a close friend to you (With Inner Circle)?,Being able to sit in complete silence without awkwardness,Sharing brutally honest hot takes without being judged,Having matching obscure humor and timing,Always having each other's backs in groups,Spontaneous late-night plans without needing notice,Remembering tiny details mentioned weeks ago,Social
67,Best Friends & Quirks,What makes someone immediately feel like a close friend to you (Looking Back)?,Being able to sit in complete silence without awkwardness,Sharing brutally honest hot takes without being judged,Having matching obscure humor and timing,Always having each other's backs in groups,Spontaneous late-night plans without needing notice,Remembering tiny details mentioned weeks ago,Social
68,Best Friends & Quirks,What makes someone immediately feel like a close friend to you (Looking Ahead)?,Being able to sit in complete silence without awkwardness,Sharing brutally honest hot takes without being judged,Having matching obscure humor and timing,Always having each other's backs in groups,Spontaneous late-night plans without needing notice,Remembering tiny details mentioned weeks ago,Social
69,Best Friends & Quirks,What makes someone immediately feel like a close friend to you (Raw Instinct)?,Being able to sit in complete silence without awkwardness,Sharing brutally honest hot takes without being judged,Having matching obscure humor and timing,Always having each other's backs in groups,Spontaneous late-night plans without needing notice,Remembering tiny details mentioned weeks ago,Social
70,Best Friends & Quirks,What makes someone immediately feel like a close friend to you (Calculated)?,Being able to sit in complete silence without awkwardness,Sharing brutally honest hot takes without being judged,Having matching obscure humor and timing,Always having each other's backs in groups,Spontaneous late-night plans without needing notice,Remembering tiny details mentioned weeks ago,Social
71,Best Friends & Quirks,What makes someone immediately feel like a close friend to you (Deep Focus)?,Being able to sit in complete silence without awkwardness,Sharing brutally honest hot takes without being judged,Having matching obscure humor and timing,Always having each other's backs in groups,Spontaneous late-night plans without needing notice,Remembering tiny details mentioned weeks ago,Social
72,Best Friends & Quirks,What makes someone immediately feel like a close friend to you (Late Night)?,Being able to sit in complete silence without awkwardness,Sharing brutally honest hot takes without being judged,Having matching obscure humor and timing,Always having each other's backs in groups,Spontaneous late-night plans without needing notice,Remembering tiny details mentioned weeks ago,Social
73,Best Friends & Quirks,What makes someone immediately feel like a close friend to you (Social Vibe)?,Being able to sit in complete silence without awkwardness,Sharing brutally honest hot takes without being judged,Having matching obscure humor and timing,Always having each other's backs in groups,Spontaneous late-night plans without needing notice,Remembering tiny details mentioned weeks ago,Social
74,Best Friends & Quirks,What makes someone immediately feel like a close friend to you (Solo Mode)?,Being able to sit in complete silence without awkwardness,Sharing brutally honest hot takes without being judged,Having matching obscure humor and timing,Always having each other's backs in groups,Spontaneous late-night plans without needing notice,Remembering tiny details mentioned weeks ago,Social
75,Best Friends & Quirks,What makes someone immediately feel like a close friend to you (Real Talk)?,Being able to sit in complete silence without awkwardness,Sharing brutally honest hot takes without being judged,Having matching obscure humor and timing,Always having each other's backs in groups,Spontaneous late-night plans without needing notice,Remembering tiny details mentioned weeks ago,Social
76,Best Friends & Quirks,What is the most chaotic thing you would do on a dare (Perspective A)?,Eat a bizarre food combination in public,Text your contact #12 something nonsensical,Sing horribly loud in a supermarket aisle,Walk into a place and ask for an imaginary item,Wear your clothes inside-out for an entire afternoon,Flat out refuse because dignity comes first,Social
77,Best Friends & Quirks,What is the most chaotic thing you would do on a dare (Perspective B)?,Eat a bizarre food combination in public,Text your contact #12 something nonsensical,Sing horribly loud in a supermarket aisle,Walk into a place and ask for an imaginary item,Wear your clothes inside-out for an entire afternoon,Flat out refuse because dignity comes first,Social
78,Best Friends & Quirks,What is the most chaotic thing you would do on a dare (In High-Stress)?,Eat a bizarre food combination in public,Text your contact #12 something nonsensical,Sing horribly loud in a supermarket aisle,Walk into a place and ask for an imaginary item,Wear your clothes inside-out for an entire afternoon,Flat out refuse because dignity comes first,Social
79,Best Friends & Quirks,What is the most chaotic thing you would do on a dare (On Weekends)?,Eat a bizarre food combination in public,Text your contact #12 something nonsensical,Sing horribly loud in a supermarket aisle,Walk into a place and ask for an imaginary item,Wear your clothes inside-out for an entire afternoon,Flat out refuse because dignity comes first,Social
80,Best Friends & Quirks,What is the most chaotic thing you would do on a dare (With Strangers)?,Eat a bizarre food combination in public,Text your contact #12 something nonsensical,Sing horribly loud in a supermarket aisle,Walk into a place and ask for an imaginary item,Wear your clothes inside-out for an entire afternoon,Flat out refuse because dignity comes first,Social
81,Best Friends & Quirks,What is the most chaotic thing you would do on a dare (With Inner Circle)?,Eat a bizarre food combination in public,Text your contact #12 something nonsensical,Sing horribly loud in a supermarket aisle,Walk into a place and ask for an imaginary item,Wear your clothes inside-out for an entire afternoon,Flat out refuse because dignity comes first,Social
82,Best Friends & Quirks,What is the most chaotic thing you would do on a dare (Looking Back)?,Eat a bizarre food combination in public,Text your contact #12 something nonsensical,Sing horribly loud in a supermarket aisle,Walk into a place and ask for an imaginary item,Wear your clothes inside-out for an entire afternoon,Flat out refuse because dignity comes first,Social
83,Best Friends & Quirks,What is the most chaotic thing you would do on a dare (Looking Ahead)?,Eat a bizarre food combination in public,Text your contact #12 something nonsensical,Sing horribly loud in a supermarket aisle,Walk into a place and ask for an imaginary item,Wear your clothes inside-out for an entire afternoon,Flat out refuse because dignity comes first,Social
84,Best Friends & Quirks,What is the most chaotic thing you would do on a dare (Raw Instinct)?,Eat a bizarre food combination in public,Text your contact #12 something nonsensical,Sing horribly loud in a supermarket aisle,Walk into a place and ask for an imaginary item,Wear your clothes inside-out for an entire afternoon,Flat out refuse because dignity comes first,Social
85,Best Friends & Quirks,What is the most chaotic thing you would do on a dare (Calculated)?,Eat a bizarre food combination in public,Text your contact #12 something nonsensical,Sing horribly loud in a supermarket aisle,Walk into a place and ask for an imaginary item,Wear your clothes inside-out for an entire afternoon,Flat out refuse because dignity comes first,Social
86,Best Friends & Quirks,What is the most chaotic thing you would do on a dare (Deep Focus)?,Eat a bizarre food combination in public,Text your contact #12 something nonsensical,Sing horribly loud in a supermarket aisle,Walk into a place and ask for an imaginary item,Wear your clothes inside-out for an entire afternoon,Flat out refuse because dignity comes first,Social
87,Best Friends & Quirks,What is the most chaotic thing you would do on a dare (Late Night)?,Eat a bizarre food combination in public,Text your contact #12 something nonsensical,Sing horribly loud in a supermarket aisle,Walk into a place and ask for an imaginary item,Wear your clothes inside-out for an entire afternoon,Flat out refuse because dignity comes first,Social
88,Best Friends & Quirks,What is the most chaotic thing you would do on a dare (Social Vibe)?,Eat a bizarre food combination in public,Text your contact #12 something nonsensical,Sing horribly loud in a supermarket aisle,Walk into a place and ask for an imaginary item,Wear your clothes inside-out for an entire afternoon,Flat out refuse because dignity comes first,Social
89,Best Friends & Quirks,What is the most chaotic thing you would do on a dare (Solo Mode)?,Eat a bizarre food combination in public,Text your contact #12 something nonsensical,Sing horribly loud in a supermarket aisle,Walk into a place and ask for an imaginary item,Wear your clothes inside-out for an entire afternoon,Flat out refuse because dignity comes first,Social
90,Best Friends & Quirks,What is the most chaotic thing you would do on a dare (Real Talk)?,Eat a bizarre food combination in public,Text your contact #12 something nonsensical,Sing horribly loud in a supermarket aisle,Walk into a place and ask for an imaginary item,Wear your clothes inside-out for an entire afternoon,Flat out refuse because dignity comes first,Social
91,Best Friends & Quirks,How do you handle your best friend having annoying habits (Perspective A)?,Call them out bluntly right on the spot,Laugh at it and turn it into a running gag,Privately ignore it because nobody is perfect,Subtly mimic them until they notice,Have an honest one-on-one talk if it gets bad,Vent about it once then completely drop it,Social
92,Best Friends & Quirks,How do you handle your best friend having annoying habits (Perspective B)?,Call them out bluntly right on the spot,Laugh at it and turn it into a running gag,Privately ignore it because nobody is perfect,Subtly mimic them until they notice,Have an honest one-on-one talk if it gets bad,Vent about it once then completely drop it,Social
93,Best Friends & Quirks,How do you handle your best friend having annoying habits (In High-Stress)?,Call them out bluntly right on the spot,Laugh at it and turn it into a running gag,Privately ignore it because nobody is perfect,Subtly mimic them until they notice,Have an honest one-on-one talk if it gets bad,Vent about it once then completely drop it,Social
94,Best Friends & Quirks,How do you handle your best friend having annoying habits (On Weekends)?,Call them out bluntly right on the spot,Laugh at it and turn it into a running gag,Privately ignore it because nobody is perfect,Subtly mimic them until they notice,Have an honest one-on-one talk if it gets bad,Vent about it once then completely drop it,Social
95,Best Friends & Quirks,How do you handle your best friend having annoying habits (With Strangers)?,Call them out bluntly right on the spot,Laugh at it and turn it into a running gag,Privately ignore it because nobody is perfect,Subtly mimic them until they notice,Have an honest one-on-one talk if it gets bad,Vent about it once then completely drop it,Social
96,Best Friends & Quirks,How do you handle your best friend having annoying habits (With Inner Circle)?,Call them out bluntly right on the spot,Laugh at it and turn it into a running gag,Privately ignore it because nobody is perfect,Subtly mimic them until they notice,Have an honest one-on-one talk if it gets bad,Vent about it once then completely drop it,Social
97,Best Friends & Quirks,How do you handle your best friend having annoying habits (Looking Back)?,Call them out bluntly right on the spot,Laugh at it and turn it into a running gag,Privately ignore it because nobody is perfect,Subtly mimic them until they notice,Have an honest one-on-one talk if it gets bad,Vent about it once then completely drop it,Social
98,Best Friends & Quirks,How do you handle your best friend having annoying habits (Looking Ahead)?,Call them out bluntly right on the spot,Laugh at it and turn it into a running gag,Privately ignore it because nobody is perfect,Subtly mimic them until they notice,Have an honest one-on-one talk if it gets bad,Vent about it once then completely drop it,Social
99,Best Friends & Quirks,How do you handle your best friend having annoying habits (Raw Instinct)?,Call them out bluntly right on the spot,Laugh at it and turn it into a running gag,Privately ignore it because nobody is perfect,Subtly mimic them until they notice,Have an honest one-on-one talk if it gets bad,Vent about it once then completely drop it,Social
100,Best Friends & Quirks,How do you handle your best friend having annoying habits (Calculated)?,Call them out bluntly right on the spot,Laugh at it and turn it into a running gag,Privately ignore it because nobody is perfect,Subtly mimic them until they notice,Have an honest one-on-one talk if it gets bad,Vent about it once then completely drop it,Social
101,Best Friends & Quirks,How do you handle your best friend having annoying habits (Deep Focus)?,Call them out bluntly right on the spot,Laugh at it and turn it into a running gag,Privately ignore it because nobody is perfect,Subtly mimic them until they notice,Have an honest one-on-one talk if it gets bad,Vent about it once then completely drop it,Social
102,Best Friends & Quirks,How do you handle your best friend having annoying habits (Late Night)?,Call them out bluntly right on the spot,Laugh at it and turn it into a running gag,Privately ignore it because nobody is perfect,Subtly mimic them until they notice,Have an honest one-on-one talk if it gets bad,Vent about it once then completely drop it,Social
103,Best Friends & Quirks,How do you handle your best friend having annoying habits (Social Vibe)?,Call them out bluntly right on the spot,Laugh at it and turn it into a running gag,Privately ignore it because nobody is perfect,Subtly mimic them until they notice,Have an honest one-on-one talk if it gets bad,Vent about it once then completely drop it,Social
104,Best Friends & Quirks,How do you handle your best friend having annoying habits (Solo Mode)?,Call them out bluntly right on the spot,Laugh at it and turn it into a running gag,Privately ignore it because nobody is perfect,Subtly mimic them until they notice,Have an honest one-on-one talk if it gets bad,Vent about it once then completely drop it,Social
105,Best Friends & Quirks,How do you handle your best friend having annoying habits (Real Talk)?,Call them out bluntly right on the spot,Laugh at it and turn it into a running gag,Privately ignore it because nobody is perfect,Subtly mimic them until they notice,Have an honest one-on-one talk if it gets bad,Vent about it once then completely drop it,Social
106,Dating & Romance,What is your definition of an ideal first date (Perspective A)?,Casual coffee and a walk through town,A low-key late-night dinner,An activity like go-karting or bowling,Exploring a scenic overlook with music,Staying in to cook and watch a movie,An upscale restaurant date,Romance
107,Dating & Romance,What is your definition of an ideal first date (Perspective B)?,Casual coffee and a walk through town,A low-key late-night dinner,An activity like go-karting or bowling,Exploring a scenic overlook with music,Staying in to cook and watch a movie,An upscale restaurant date,Romance
108,Dating & Romance,What is your definition of an ideal first date (In High-Stress)?,Casual coffee and a walk through town,A low-key late-night dinner,An activity like go-karting or bowling,Exploring a scenic overlook with music,Staying in to cook and watch a movie,An upscale restaurant date,Romance
109,Dating & Romance,What is your definition of an ideal first date (On Weekends)?,Casual coffee and a walk through town,A low-key late-night dinner,An activity like go-karting or bowling,Exploring a scenic overlook with music,Staying in to cook and watch a movie,An upscale restaurant date,Romance
110,Dating & Romance,What is your definition of an ideal first date (With Strangers)?,Casual coffee and a walk through town,A low-key late-night dinner,An activity like go-karting or bowling,Exploring a scenic overlook with music,Staying in to cook and watch a movie,An upscale restaurant date,Romance
111,Dating & Romance,What is your definition of an ideal first date (With Inner Circle)?,Casual coffee and a walk through town,A low-key late-night dinner,An activity like go-karting or bowling,Exploring a scenic overlook with music,Staying in to cook and watch a movie,An upscale restaurant date,Romance
112,Dating & Romance,What is your definition of an ideal first date (Looking Back)?,Casual coffee and a walk through town,A low-key late-night dinner,An activity like go-karting or bowling,Exploring a scenic overlook with music,Staying in to cook and watch a movie,An upscale restaurant date,Romance
113,Dating & Romance,What is your definition of an ideal first date (Looking Ahead)?,Casual coffee and a walk through town,A low-key late-night dinner,An activity like go-karting or bowling,Exploring a scenic overlook with music,Staying in to cook and watch a movie,An upscale restaurant date,Romance
114,Dating & Romance,What is your definition of an ideal first date (Raw Instinct)?,Casual coffee and a walk through town,A low-key late-night dinner,An activity like go-karting or bowling,Exploring a scenic overlook with music,Staying in to cook and watch a movie,An upscale restaurant date,Romance
115,Dating & Romance,What is your definition of an ideal first date (Calculated)?,Casual coffee and a walk through town,A low-key late-night dinner,An activity like go-karting or bowling,Exploring a scenic overlook with music,Staying in to cook and watch a movie,An upscale restaurant date,Romance
116,Dating & Romance,What is your definition of an ideal first date (Deep Focus)?,Casual coffee and a walk through town,A low-key late-night dinner,An activity like go-karting or bowling,Exploring a scenic overlook with music,Staying in to cook and watch a movie,An upscale restaurant date,Romance
117,Dating & Romance,What is your definition of an ideal first date (Late Night)?,Casual coffee and a walk through town,A low-key late-night dinner,An activity like go-karting or bowling,Exploring a scenic overlook with music,Staying in to cook and watch a movie,An upscale restaurant date,Romance
118,Dating & Romance,What is your definition of an ideal first date (Social Vibe)?,Casual coffee and a walk through town,A low-key late-night dinner,An activity like go-karting or bowling,Exploring a scenic overlook with music,Staying in to cook and watch a movie,An upscale restaurant date,Romance
119,Dating & Romance,What is your definition of an ideal first date (Solo Mode)?,Casual coffee and a walk through town,A low-key late-night dinner,An activity like go-karting or bowling,Exploring a scenic overlook with music,Staying in to cook and watch a movie,An upscale restaurant date,Romance
120,Dating & Romance,What is your definition of an ideal first date (Real Talk)?,Casual coffee and a walk through town,A low-key late-night dinner,An activity like go-karting or bowling,Exploring a scenic overlook with music,Staying in to cook and watch a movie,An upscale restaurant date,Romance
121,Dating & Romance,How do you express affection most naturally (Perspective A)?,Physical touch and lingering hugs,Remembering specific little details and preferences,Giving unexpected thoughtful gifts,Acts of service like cooking or helping out,Quality one-on-one uninterrupted time,Hyping them up with genuine words of validation,Romance
122,Dating & Romance,How do you express affection most naturally (Perspective B)?,Physical touch and lingering hugs,Remembering specific little details and preferences,Giving unexpected thoughtful gifts,Acts of service like cooking or helping out,Quality one-on-one uninterrupted time,Hyping them up with genuine words of validation,Romance
123,Dating & Romance,How do you express affection most naturally (In High-Stress)?,Physical touch and lingering hugs,Remembering specific little details and preferences,Giving unexpected thoughtful gifts,Acts of service like cooking or helping out,Quality one-on-one uninterrupted time,Hyping them up with genuine words of validation,Romance
124,Dating & Romance,How do you express affection most naturally (On Weekends)?,Physical touch and lingering hugs,Remembering specific little details and preferences,Giving unexpected thoughtful gifts,Acts of service like cooking or helping out,Quality one-on-one uninterrupted time,Hyping them up with genuine words of validation,Romance
125,Dating & Romance,How do you express affection most naturally (With Strangers)?,Physical touch and lingering hugs,Remembering specific little details and preferences,Giving unexpected thoughtful gifts,Acts of service like cooking or helping out,Quality one-on-one uninterrupted time,Hyping them up with genuine words of validation,Romance
126,Dating & Romance,How do you express affection most naturally (With Inner Circle)?,Physical touch and lingering hugs,Remembering specific little details and preferences,Giving unexpected thoughtful gifts,Acts of service like cooking or helping out,Quality one-on-one uninterrupted time,Hyping them up with genuine words of validation,Romance
127,Dating & Romance,How do you express affection most naturally (Looking Back)?,Physical touch and lingering hugs,Remembering specific little details and preferences,Giving unexpected thoughtful gifts,Acts of service like cooking or helping out,Quality one-on-one uninterrupted time,Hyping them up with genuine words of validation,Romance
128,Dating & Romance,How do you express affection most naturally (Looking Ahead)?,Physical touch and lingering hugs,Remembering specific little details and preferences,Giving unexpected thoughtful gifts,Acts of service like cooking or helping out,Quality one-on-one uninterrupted time,Hyping them up with genuine words of validation,Romance
129,Dating & Romance,How do you express affection most naturally (Raw Instinct)?,Physical touch and lingering hugs,Remembering specific little details and preferences,Giving unexpected thoughtful gifts,Acts of service like cooking or helping out,Quality one-on-one uninterrupted time,Hyping them up with genuine words of validation,Romance
130,Dating & Romance,How do you express affection most naturally (Calculated)?,Physical touch and lingering hugs,Remembering specific little details and preferences,Giving unexpected thoughtful gifts,Acts of service like cooking or helping out,Quality one-on-one uninterrupted time,Hyping them up with genuine words of validation,Romance
131,Dating & Romance,How do you express affection most naturally (Deep Focus)?,Physical touch and lingering hugs,Remembering specific little details and preferences,Giving unexpected thoughtful gifts,Acts of service like cooking or helping out,Quality one-on-one uninterrupted time,Hyping them up with genuine words of validation,Romance
132,Dating & Romance,How do you express affection most naturally (Late Night)?,Physical touch and lingering hugs,Remembering specific little details and preferences,Giving unexpected thoughtful gifts,Acts of service like cooking or helping out,Quality one-on-one uninterrupted time,Hyping them up with genuine words of validation,Romance
133,Dating & Romance,How do you express affection most naturally (Social Vibe)?,Physical touch and lingering hugs,Remembering specific little details and preferences,Giving unexpected thoughtful gifts,Acts of service like cooking or helping out,Quality one-on-one uninterrupted time,Hyping them up with genuine words of validation,Romance
134,Dating & Romance,How do you express affection most naturally (Solo Mode)?,Physical touch and lingering hugs,Remembering specific little details and preferences,Giving unexpected thoughtful gifts,Acts of service like cooking or helping out,Quality one-on-one uninterrupted time,Hyping them up with genuine words of validation,Romance
135,Dating & Romance,How do you express affection most naturally (Real Talk)?,Physical touch and lingering hugs,Remembering specific little details and preferences,Giving unexpected thoughtful gifts,Acts of service like cooking or helping out,Quality one-on-one uninterrupted time,Hyping them up with genuine words of validation,Romance
136,Dating & Romance,What is your biggest immediate green flag (Perspective A)?,Treating waitstaff and strangers with genuine kindness,Great communication when plans change suddenly,Passionate about their own personal hobbies,Comfortable with quiet shared silence,Consistent replies without playing mind games,Making you laugh uncontrollably within minutes,Romance
137,Dating & Romance,What is your biggest immediate green flag (Perspective B)?,Treating waitstaff and strangers with genuine kindness,Great communication when plans change suddenly,Passionate about their own personal hobbies,Comfortable with quiet shared silence,Consistent replies without playing mind games,Making you laugh uncontrollably within minutes,Romance
138,Dating & Romance,What is your biggest immediate green flag (In High-Stress)?,Treating waitstaff and strangers with genuine kindness,Great communication when plans change suddenly,Passionate about their own personal hobbies,Comfortable with quiet shared silence,Consistent replies without playing mind games,Making you laugh uncontrollably within minutes,Romance
139,Dating & Romance,What is your biggest immediate green flag (On Weekends)?,Treating waitstaff and strangers with genuine kindness,Great communication when plans change suddenly,Passionate about their own personal hobbies,Comfortable with quiet shared silence,Consistent replies without playing mind games,Making you laugh uncontrollably within minutes,Romance
140,Dating & Romance,What is your biggest immediate green flag (With Strangers)?,Treating waitstaff and strangers with genuine kindness,Great communication when plans change suddenly,Passionate about their own personal hobbies,Comfortable with quiet shared silence,Consistent replies without playing mind games,Making you laugh uncontrollably within minutes,Romance
141,Dating & Romance,What is your biggest immediate green flag (With Inner Circle)?,Treating waitstaff and strangers with genuine kindness,Great communication when plans change suddenly,Passionate about their own personal hobbies,Comfortable with quiet shared silence,Consistent replies without playing mind games,Making you laugh uncontrollably within minutes,Romance
142,Dating & Romance,What is your biggest immediate green flag (Looking Back)?,Treating waitstaff and strangers with genuine kindness,Great communication when plans change suddenly,Passionate about their own personal hobbies,Comfortable with quiet shared silence,Consistent replies without playing mind games,Making you laugh uncontrollably within minutes,Romance
143,Dating & Romance,What is your biggest immediate green flag (Looking Ahead)?,Treating waitstaff and strangers with genuine kindness,Great communication when plans change suddenly,Passionate about their own personal hobbies,Comfortable with quiet shared silence,Consistent replies without playing mind games,Making you laugh uncontrollably within minutes,Romance
144,Dating & Romance,What is your biggest immediate green flag (Raw Instinct)?,Treating waitstaff and strangers with genuine kindness,Great communication when plans change suddenly,Passionate about their own personal hobbies,Comfortable with quiet shared silence,Consistent replies without playing mind games,Making you laugh uncontrollably within minutes,Romance
145,Dating & Romance,What is your biggest immediate green flag (Calculated)?,Treating waitstaff and strangers with genuine kindness,Great communication when plans change suddenly,Passionate about their own personal hobbies,Comfortable with quiet shared silence,Consistent replies without playing mind games,Making you laugh uncontrollably within minutes,Romance
146,Dating & Romance,What is your biggest immediate green flag (Deep Focus)?,Treating waitstaff and strangers with genuine kindness,Great communication when plans change suddenly,Passionate about their own personal hobbies,Comfortable with quiet shared silence,Consistent replies without playing mind games,Making you laugh uncontrollably within minutes,Romance
147,Dating & Romance,What is your biggest immediate green flag (Late Night)?,Treating waitstaff and strangers with genuine kindness,Great communication when plans change suddenly,Passionate about their own personal hobbies,Comfortable with quiet shared silence,Consistent replies without playing mind games,Making you laugh uncontrollably within minutes,Romance
148,Dating & Romance,What is your biggest immediate green flag (Social Vibe)?,Treating waitstaff and strangers with genuine kindness,Great communication when plans change suddenly,Passionate about their own personal hobbies,Comfortable with quiet shared silence,Consistent replies without playing mind games,Making you laugh uncontrollably within minutes,Romance
149,Dating & Romance,What is your biggest immediate green flag (Solo Mode)?,Treating waitstaff and strangers with genuine kindness,Great communication when plans change suddenly,Passionate about their own personal hobbies,Comfortable with quiet shared silence,Consistent replies without playing mind games,Making you laugh uncontrollably within minutes,Romance
150,Dating & Romance,What is your biggest immediate green flag (Real Talk)?,Treating waitstaff and strangers with genuine kindness,Great communication when plans change suddenly,Passionate about their own personal hobbies,Comfortable with quiet shared silence,Consistent replies without playing mind games,Making you laugh uncontrollably within minutes,Romance
151,Dating & Romance,How do you handle romantic misunderstandings (Perspective A)?,Talk it out immediately face-to-face,Take a couple of hours alone to process before speaking,Write out my thoughts in a clear message,Ask clarifying questions before reacting defensively,Wait for the other person to bring it up first,Make a light joke to break tension before talking,Romance
152,Dating & Romance,How do you handle romantic misunderstandings (Perspective B)?,Talk it out immediately face-to-face,Take a couple of hours alone to process before speaking,Write out my thoughts in a clear message,Ask clarifying questions before reacting defensively,Wait for the other person to bring it up first,Make a light joke to break tension before talking,Romance
153,Dating & Romance,How do you handle romantic misunderstandings (In High-Stress)?,Talk it out immediately face-to-face,Take a couple of hours alone to process before speaking,Write out my thoughts in a clear message,Ask clarifying questions before reacting defensively,Wait for the other person to bring it up first,Make a light joke to break tension before talking,Romance
154,Dating & Romance,How do you handle romantic misunderstandings (On Weekends)?,Talk it out immediately face-to-face,Take a couple of hours alone to process before speaking,Write out my thoughts in a clear message,Ask clarifying questions before reacting defensively,Wait for the other person to bring it up first,Make a light joke to break tension before talking,Romance
155,Dating & Romance,How do you handle romantic misunderstandings (With Strangers)?,Talk it out immediately face-to-face,Take a couple of hours alone to process before speaking,Write out my thoughts in a clear message,Ask clarifying questions before reacting defensively,Wait for the other person to bring it up first,Make a light joke to break tension before talking,Romance
156,Dating & Romance,How do you handle romantic misunderstandings (With Inner Circle)?,Talk it out immediately face-to-face,Take a couple of hours alone to process before speaking,Write out my thoughts in a clear message,Ask clarifying questions before reacting defensively,Wait for the other person to bring it up first,Make a light joke to break tension before talking,Romance
157,Dating & Romance,How do you handle romantic misunderstandings (Looking Back)?,Talk it out immediately face-to-face,Take a couple of hours alone to process before speaking,Write out my thoughts in a clear message,Ask clarifying questions before reacting defensively,Wait for the other person to bring it up first,Make a light joke to break tension before talking,Romance
158,Dating & Romance,How do you handle romantic misunderstandings (Looking Ahead)?,Talk it out immediately face-to-face,Take a couple of hours alone to process before speaking,Write out my thoughts in a clear message,Ask clarifying questions before reacting defensively,Wait for the other person to bring it up first,Make a light joke to break tension before talking,Romance
159,Dating & Romance,How do you handle romantic misunderstandings (Raw Instinct)?,Talk it out immediately face-to-face,Take a couple of hours alone to process before speaking,Write out my thoughts in a clear message,Ask clarifying questions before reacting defensively,Wait for the other person to bring it up first,Make a light joke to break tension before talking,Romance
160,Dating & Romance,How do you handle romantic misunderstandings (Calculated)?,Talk it out immediately face-to-face,Take a couple of hours alone to process before speaking,Write out my thoughts in a clear message,Ask clarifying questions before reacting defensively,Wait for the other person to bring it up first,Make a light joke to break tension before talking,Romance
161,Dating & Romance,How do you handle romantic misunderstandings (Deep Focus)?,Talk it out immediately face-to-face,Take a couple of hours alone to process before speaking,Write out my thoughts in a clear message,Ask clarifying questions before reacting defensively,Wait for the other person to bring it up first,Make a light joke to break tension before talking,Romance
162,Dating & Romance,How do you handle romantic misunderstandings (Late Night)?,Talk it out immediately face-to-face,Take a couple of hours alone to process before speaking,Write out my thoughts in a clear message,Ask clarifying questions before reacting defensively,Wait for the other person to bring it up first,Make a light joke to break tension before talking,Romance
163,Dating & Romance,How do you handle romantic misunderstandings (Social Vibe)?,Talk it out immediately face-to-face,Take a couple of hours alone to process before speaking,Write out my thoughts in a clear message,Ask clarifying questions before reacting defensively,Wait for the other person to bring it up first,Make a light joke to break tension before talking,Romance
164,Dating & Romance,How do you handle romantic misunderstandings (Solo Mode)?,Talk it out immediately face-to-face,Take a couple of hours alone to process before speaking,Write out my thoughts in a clear message,Ask clarifying questions before reacting defensively,Wait for the other person to bring it up first,Make a light joke to break tension before talking,Romance
165,Dating & Romance,How do you handle romantic misunderstandings (Real Talk)?,Talk it out immediately face-to-face,Take a couple of hours alone to process before speaking,Write out my thoughts in a clear message,Ask clarifying questions before reacting defensively,Wait for the other person to bring it up first,Make a light joke to break tension before talking,Romance
166,Dating & Romance,What speed do you naturally move at when seeing someone (Perspective A)?,Cautious and taking weeks to open up,Instant spark and diving right in,Steady pace letting friendship build first,Go with the flow depending entirely on their vibe,Guarded until undeniable consistency is proven,"Fast upfront, then slowing down to evaluate",Romance
167,Dating & Romance,What speed do you naturally move at when seeing someone (Perspective B)?,Cautious and taking weeks to open up,Instant spark and diving right in,Steady pace letting friendship build first,Go with the flow depending entirely on their vibe,Guarded until undeniable consistency is proven,"Fast upfront, then slowing down to evaluate",Romance
168,Dating & Romance,What speed do you naturally move at when seeing someone (In High-Stress)?,Cautious and taking weeks to open up,Instant spark and diving right in,Steady pace letting friendship build first,Go with the flow depending entirely on their vibe,Guarded until undeniable consistency is proven,"Fast upfront, then slowing down to evaluate",Romance
169,Dating & Romance,What speed do you naturally move at when seeing someone (On Weekends)?,Cautious and taking weeks to open up,Instant spark and diving right in,Steady pace letting friendship build first,Go with the flow depending entirely on their vibe,Guarded until undeniable consistency is proven,"Fast upfront, then slowing down to evaluate",Romance
170,Dating & Romance,What speed do you naturally move at when seeing someone (With Strangers)?,Cautious and taking weeks to open up,Instant spark and diving right in,Steady pace letting friendship build first,Go with the flow depending entirely on their vibe,Guarded until undeniable consistency is proven,"Fast upfront, then slowing down to evaluate",Romance
171,Dating & Romance,What speed do you naturally move at when seeing someone (With Inner Circle)?,Cautious and taking weeks to open up,Instant spark and diving right in,Steady pace letting friendship build first,Go with the flow depending entirely on their vibe,Guarded until undeniable consistency is proven,"Fast upfront, then slowing down to evaluate",Romance
172,Dating & Romance,What speed do you naturally move at when seeing someone (Looking Back)?,Cautious and taking weeks to open up,Instant spark and diving right in,Steady pace letting friendship build first,Go with the flow depending entirely on their vibe,Guarded until undeniable consistency is proven,"Fast upfront, then slowing down to evaluate",Romance
173,Dating & Romance,What speed do you naturally move at when seeing someone (Looking Ahead)?,Cautious and taking weeks to open up,Instant spark and diving right in,Steady pace letting friendship build first,Go with the flow depending entirely on their vibe,Guarded until undeniable consistency is proven,"Fast upfront, then slowing down to evaluate",Romance
174,Dating & Romance,What speed do you naturally move at when seeing someone (Raw Instinct)?,Cautious and taking weeks to open up,Instant spark and diving right in,Steady pace letting friendship build first,Go with the flow depending entirely on their vibe,Guarded until undeniable consistency is proven,"Fast upfront, then slowing down to evaluate",Romance
175,Dating & Romance,What speed do you naturally move at when seeing someone (Calculated)?,Cautious and taking weeks to open up,Instant spark and diving right in,Steady pace letting friendship build first,Go with the flow depending entirely on their vibe,Guarded until undeniable consistency is proven,"Fast upfront, then slowing down to evaluate",Romance
176,Dating & Romance,What speed do you naturally move at when seeing someone (Deep Focus)?,Cautious and taking weeks to open up,Instant spark and diving right in,Steady pace letting friendship build first,Go with the flow depending entirely on their vibe,Guarded until undeniable consistency is proven,"Fast upfront, then slowing down to evaluate",Romance
177,Dating & Romance,What speed do you naturally move at when seeing someone (Late Night)?,Cautious and taking weeks to open up,Instant spark and diving right in,Steady pace letting friendship build first,Go with the flow depending entirely on their vibe,Guarded until undeniable consistency is proven,"Fast upfront, then slowing down to evaluate",Romance
178,Dating & Romance,What speed do you naturally move at when seeing someone (Social Vibe)?,Cautious and taking weeks to open up,Instant spark and diving right in,Steady pace letting friendship build first,Go with the flow depending entirely on their vibe,Guarded until undeniable consistency is proven,"Fast upfront, then slowing down to evaluate",Romance
179,Dating & Romance,What speed do you naturally move at when seeing someone (Solo Mode)?,Cautious and taking weeks to open up,Instant spark and diving right in,Steady pace letting friendship build first,Go with the flow depending entirely on their vibe,Guarded until undeniable consistency is proven,"Fast upfront, then slowing down to evaluate",Romance
180,Dating & Romance,What speed do you naturally move at when seeing someone (Real Talk)?,Cautious and taking weeks to open up,Instant spark and diving right in,Steady pace letting friendship build first,Go with the flow depending entirely on their vibe,Guarded until undeniable consistency is proven,"Fast upfront, then slowing down to evaluate",Romance
181,Dating & Romance,How do you handle romantic anniversaries or milestones (Perspective A)?,Plan an elaborate surprise trip or event,Exchange meaningful handwritten letters and quiet dinner,Keep it simple and treat it like an elevated normal day,Go out to a favorite spot with close comfort food,Buy a high-tier gadget or aesthetic piece,Spontaneous adventure decided morning-of,Romance
182,Dating & Romance,How do you handle romantic anniversaries or milestones (Perspective B)?,Plan an elaborate surprise trip or event,Exchange meaningful handwritten letters and quiet dinner,Keep it simple and treat it like an elevated normal day,Go out to a favorite spot with close comfort food,Buy a high-tier gadget or aesthetic piece,Spontaneous adventure decided morning-of,Romance
183,Dating & Romance,How do you handle romantic anniversaries or milestones (In High-Stress)?,Plan an elaborate surprise trip or event,Exchange meaningful handwritten letters and quiet dinner,Keep it simple and treat it like an elevated normal day,Go out to a favorite spot with close comfort food,Buy a high-tier gadget or aesthetic piece,Spontaneous adventure decided morning-of,Romance
184,Dating & Romance,How do you handle romantic anniversaries or milestones (On Weekends)?,Plan an elaborate surprise trip or event,Exchange meaningful handwritten letters and quiet dinner,Keep it simple and treat it like an elevated normal day,Go out to a favorite spot with close comfort food,Buy a high-tier gadget or aesthetic piece,Spontaneous adventure decided morning-of,Romance
185,Dating & Romance,How do you handle romantic anniversaries or milestones (With Strangers)?,Plan an elaborate surprise trip or event,Exchange meaningful handwritten letters and quiet dinner,Keep it simple and treat it like an elevated normal day,Go out to a favorite spot with close comfort food,Buy a high-tier gadget or aesthetic piece,Spontaneous adventure decided morning-of,Romance
186,Dating & Romance,How do you handle romantic anniversaries or milestones (With Inner Circle)?,Plan an elaborate surprise trip or event,Exchange meaningful handwritten letters and quiet dinner,Keep it simple and treat it like an elevated normal day,Go out to a favorite spot with close comfort food,Buy a high-tier gadget or aesthetic piece,Spontaneous adventure decided morning-of,Romance
187,Dating & Romance,How do you handle romantic anniversaries or milestones (Looking Back)?,Plan an elaborate surprise trip or event,Exchange meaningful handwritten letters and quiet dinner,Keep it simple and treat it like an elevated normal day,Go out to a favorite spot with close comfort food,Buy a high-tier gadget or aesthetic piece,Spontaneous adventure decided morning-of,Romance
188,Dating & Romance,How do you handle romantic anniversaries or milestones (Looking Ahead)?,Plan an elaborate surprise trip or event,Exchange meaningful handwritten letters and quiet dinner,Keep it simple and treat it like an elevated normal day,Go out to a favorite spot with close comfort food,Buy a high-tier gadget or aesthetic piece,Spontaneous adventure decided morning-of,Romance
189,Dating & Romance,How do you handle romantic anniversaries or milestones (Raw Instinct)?,Plan an elaborate surprise trip or event,Exchange meaningful handwritten letters and quiet dinner,Keep it simple and treat it like an elevated normal day,Go out to a favorite spot with close comfort food,Buy a high-tier gadget or aesthetic piece,Spontaneous adventure decided morning-of,Romance
190,Dating & Romance,How do you handle romantic anniversaries or milestones (Calculated)?,Plan an elaborate surprise trip or event,Exchange meaningful handwritten letters and quiet dinner,Keep it simple and treat it like an elevated normal day,Go out to a favorite spot with close comfort food,Buy a high-tier gadget or aesthetic piece,Spontaneous adventure decided morning-of,Romance
191,Dating & Romance,How do you handle romantic anniversaries or milestones (Deep Focus)?,Plan an elaborate surprise trip or event,Exchange meaningful handwritten letters and quiet dinner,Keep it simple and treat it like an elevated normal day,Go out to a favorite spot with close comfort food,Buy a high-tier gadget or aesthetic piece,Spontaneous adventure decided morning-of,Romance
192,Dating & Romance,How do you handle romantic anniversaries or milestones (Late Night)?,Plan an elaborate surprise trip or event,Exchange meaningful handwritten letters and quiet dinner,Keep it simple and treat it like an elevated normal day,Go out to a favorite spot with close comfort food,Buy a high-tier gadget or aesthetic piece,Spontaneous adventure decided morning-of,Romance
193,Dating & Romance,How do you handle romantic anniversaries or milestones (Social Vibe)?,Plan an elaborate surprise trip or event,Exchange meaningful handwritten letters and quiet dinner,Keep it simple and treat it like an elevated normal day,Go out to a favorite spot with close comfort food,Buy a high-tier gadget or aesthetic piece,Spontaneous adventure decided morning-of,Romance
194,Dating & Romance,How do you handle romantic anniversaries or milestones (Solo Mode)?,Plan an elaborate surprise trip or event,Exchange meaningful handwritten letters and quiet dinner,Keep it simple and treat it like an elevated normal day,Go out to a favorite spot with close comfort food,Buy a high-tier gadget or aesthetic piece,Spontaneous adventure decided morning-of,Romance
195,Dating & Romance,How do you handle romantic anniversaries or milestones (Real Talk)?,Plan an elaborate surprise trip or event,Exchange meaningful handwritten letters and quiet dinner,Keep it simple and treat it like an elevated normal day,Go out to a favorite spot with close comfort food,Buy a high-tier gadget or aesthetic piece,Spontaneous adventure decided morning-of,Romance
196,Dating & Romance,What is your stance on public displays of affection (Perspective A)?,Subtle hand-holding and quiet closeness only,Completely open and natural anywhere,Strictly private behind closed doors,Playful nudges and inside jokes in public,Depends entirely on who is around us,Indifferent as long as it's not over-the-top,Romance
197,Dating & Romance,What is your stance on public displays of affection (Perspective B)?,Subtle hand-holding and quiet closeness only,Completely open and natural anywhere,Strictly private behind closed doors,Playful nudges and inside jokes in public,Depends entirely on who is around us,Indifferent as long as it's not over-the-top,Romance
198,Dating & Romance,What is your stance on public displays of affection (In High-Stress)?,Subtle hand-holding and quiet closeness only,Completely open and natural anywhere,Strictly private behind closed doors,Playful nudges and inside jokes in public,Depends entirely on who is around us,Indifferent as long as it's not over-the-top,Romance
199,Dating & Romance,What is your stance on public displays of affection (On Weekends)?,Subtle hand-holding and quiet closeness only,Completely open and natural anywhere,Strictly private behind closed doors,Playful nudges and inside jokes in public,Depends entirely on who is around us,Indifferent as long as it's not over-the-top,Romance
200,Dating & Romance,What is your stance on public displays of affection (With Strangers)?,Subtle hand-holding and quiet closeness only,Completely open and natural anywhere,Strictly private behind closed doors,Playful nudges and inside jokes in public,Depends entirely on who is around us,Indifferent as long as it's not over-the-top,Romance
201,Dating & Romance,What is your stance on public displays of affection (With Inner Circle)?,Subtle hand-holding and quiet closeness only,Completely open and natural anywhere,Strictly private behind closed doors,Playful nudges and inside jokes in public,Depends entirely on who is around us,Indifferent as long as it's not over-the-top,Romance
202,Dating & Romance,What is your stance on public displays of affection (Looking Back)?,Subtle hand-holding and quiet closeness only,Completely open and natural anywhere,Strictly private behind closed doors,Playful nudges and inside jokes in public,Depends entirely on who is around us,Indifferent as long as it's not over-the-top,Romance
203,Dating & Romance,What is your stance on public displays of affection (Looking Ahead)?,Subtle hand-holding and quiet closeness only,Completely open and natural anywhere,Strictly private behind closed doors,Playful nudges and inside jokes in public,Depends entirely on who is around us,Indifferent as long as it's not over-the-top,Romance
204,Dating & Romance,What is your stance on public displays of affection (Raw Instinct)?,Subtle hand-holding and quiet closeness only,Completely open and natural anywhere,Strictly private behind closed doors,Playful nudges and inside jokes in public,Depends entirely on who is around us,Indifferent as long as it's not over-the-top,Romance
205,Dating & Romance,What is your stance on public displays of affection (Calculated)?,Subtle hand-holding and quiet closeness only,Completely open and natural anywhere,Strictly private behind closed doors,Playful nudges and inside jokes in public,Depends entirely on who is around us,Indifferent as long as it's not over-the-top,Romance
206,Dating & Romance,What is your stance on public displays of affection (Deep Focus)?,Subtle hand-holding and quiet closeness only,Completely open and natural anywhere,Strictly private behind closed doors,Playful nudges and inside jokes in public,Depends entirely on who is around us,Indifferent as long as it's not over-the-top,Romance
207,Dating & Romance,What is your stance on public displays of affection (Late Night)?,Subtle hand-holding and quiet closeness only,Completely open and natural anywhere,Strictly private behind closed doors,Playful nudges and inside jokes in public,Depends entirely on who is around us,Indifferent as long as it's not over-the-top,Romance
208,Dating & Romance,What is your stance on public displays of affection (Social Vibe)?,Subtle hand-holding and quiet closeness only,Completely open and natural anywhere,Strictly private behind closed doors,Playful nudges and inside jokes in public,Depends entirely on who is around us,Indifferent as long as it's not over-the-top,Romance
209,Dating & Romance,What is your stance on public displays of affection (Solo Mode)?,Subtle hand-holding and quiet closeness only,Completely open and natural anywhere,Strictly private behind closed doors,Playful nudges and inside jokes in public,Depends entirely on who is around us,Indifferent as long as it's not over-the-top,Romance
210,Dating & Romance,What is your stance on public displays of affection (Real Talk)?,Subtle hand-holding and quiet closeness only,Completely open and natural anywhere,Strictly private behind closed doors,Playful nudges and inside jokes in public,Depends entirely on who is around us,Indifferent as long as it's not over-the-top,Romance
211,Deep & Values,What core value do you refuse to compromise on (Perspective A)?,Uncompromising honesty in all circumstances,Loyalty to those who stood by me,Personal autonomy and independence,Empathy and kindness toward the vulnerable,Ambition and relentless self-improvement,Peace of mind and emotional calmness,Values
212,Deep & Values,What core value do you refuse to compromise on (Perspective B)?,Uncompromising honesty in all circumstances,Loyalty to those who stood by me,Personal autonomy and independence,Empathy and kindness toward the vulnerable,Ambition and relentless self-improvement,Peace of mind and emotional calmness,Values
213,Deep & Values,What core value do you refuse to compromise on (In High-Stress)?,Uncompromising honesty in all circumstances,Loyalty to those who stood by me,Personal autonomy and independence,Empathy and kindness toward the vulnerable,Ambition and relentless self-improvement,Peace of mind and emotional calmness,Values
214,Deep & Values,What core value do you refuse to compromise on (On Weekends)?,Uncompromising honesty in all circumstances,Loyalty to those who stood by me,Personal autonomy and independence,Empathy and kindness toward the vulnerable,Ambition and relentless self-improvement,Peace of mind and emotional calmness,Values
215,Deep & Values,What core value do you refuse to compromise on (With Strangers)?,Uncompromising honesty in all circumstances,Loyalty to those who stood by me,Personal autonomy and independence,Empathy and kindness toward the vulnerable,Ambition and relentless self-improvement,Peace of mind and emotional calmness,Values
216,Deep & Values,What core value do you refuse to compromise on (With Inner Circle)?,Uncompromising honesty in all circumstances,Loyalty to those who stood by me,Personal autonomy and independence,Empathy and kindness toward the vulnerable,Ambition and relentless self-improvement,Peace of mind and emotional calmness,Values
217,Deep & Values,What core value do you refuse to compromise on (Looking Back)?,Uncompromising honesty in all circumstances,Loyalty to those who stood by me,Personal autonomy and independence,Empathy and kindness toward the vulnerable,Ambition and relentless self-improvement,Peace of mind and emotional calmness,Values
218,Deep & Values,What core value do you refuse to compromise on (Looking Ahead)?,Uncompromising honesty in all circumstances,Loyalty to those who stood by me,Personal autonomy and independence,Empathy and kindness toward the vulnerable,Ambition and relentless self-improvement,Peace of mind and emotional calmness,Values
219,Deep & Values,What core value do you refuse to compromise on (Raw Instinct)?,Uncompromising honesty in all circumstances,Loyalty to those who stood by me,Personal autonomy and independence,Empathy and kindness toward the vulnerable,Ambition and relentless self-improvement,Peace of mind and emotional calmness,Values
220,Deep & Values,What core value do you refuse to compromise on (Calculated)?,Uncompromising honesty in all circumstances,Loyalty to those who stood by me,Personal autonomy and independence,Empathy and kindness toward the vulnerable,Ambition and relentless self-improvement,Peace of mind and emotional calmness,Values
221,Deep & Values,What core value do you refuse to compromise on (Deep Focus)?,Uncompromising honesty in all circumstances,Loyalty to those who stood by me,Personal autonomy and independence,Empathy and kindness toward the vulnerable,Ambition and relentless self-improvement,Peace of mind and emotional calmness,Values
222,Deep & Values,What core value do you refuse to compromise on (Late Night)?,Uncompromising honesty in all circumstances,Loyalty to those who stood by me,Personal autonomy and independence,Empathy and kindness toward the vulnerable,Ambition and relentless self-improvement,Peace of mind and emotional calmness,Values
223,Deep & Values,What core value do you refuse to compromise on (Social Vibe)?,Uncompromising honesty in all circumstances,Loyalty to those who stood by me,Personal autonomy and independence,Empathy and kindness toward the vulnerable,Ambition and relentless self-improvement,Peace of mind and emotional calmness,Values
224,Deep & Values,What core value do you refuse to compromise on (Solo Mode)?,Uncompromising honesty in all circumstances,Loyalty to those who stood by me,Personal autonomy and independence,Empathy and kindness toward the vulnerable,Ambition and relentless self-improvement,Peace of mind and emotional calmness,Values
225,Deep & Values,What core value do you refuse to compromise on (Real Talk)?,Uncompromising honesty in all circumstances,Loyalty to those who stood by me,Personal autonomy and independence,Empathy and kindness toward the vulnerable,Ambition and relentless self-improvement,Peace of mind and emotional calmness,Values
226,Deep & Values,"When facing a tough moral dilemma, what guides your choice (Perspective A)?",Cold objective logic and consequences,My immediate gut feeling and moral compass,How it affects the people I care about most,Universal principles of fairness and justice,Seeking counsel from someone I trust completely,Choosing whichever path causes the least overall harm,Values
227,Deep & Values,"When facing a tough moral dilemma, what guides your choice (Perspective B)?",Cold objective logic and consequences,My immediate gut feeling and moral compass,How it affects the people I care about most,Universal principles of fairness and justice,Seeking counsel from someone I trust completely,Choosing whichever path causes the least overall harm,Values
228,Deep & Values,"When facing a tough moral dilemma, what guides your choice (In High-Stress)?",Cold objective logic and consequences,My immediate gut feeling and moral compass,How it affects the people I care about most,Universal principles of fairness and justice,Seeking counsel from someone I trust completely,Choosing whichever path causes the least overall harm,Values
229,Deep & Values,"When facing a tough moral dilemma, what guides your choice (On Weekends)?",Cold objective logic and consequences,My immediate gut feeling and moral compass,How it affects the people I care about most,Universal principles of fairness and justice,Seeking counsel from someone I trust completely,Choosing whichever path causes the least overall harm,Values
230,Deep & Values,"When facing a tough moral dilemma, what guides your choice (With Strangers)?",Cold objective logic and consequences,My immediate gut feeling and moral compass,How it affects the people I care about most,Universal principles of fairness and justice,Seeking counsel from someone I trust completely,Choosing whichever path causes the least overall harm,Values
231,Deep & Values,"When facing a tough moral dilemma, what guides your choice (With Inner Circle)?",Cold objective logic and consequences,My immediate gut feeling and moral compass,How it affects the people I care about most,Universal principles of fairness and justice,Seeking counsel from someone I trust completely,Choosing whichever path causes the least overall harm,Values
232,Deep & Values,"When facing a tough moral dilemma, what guides your choice (Looking Back)?",Cold objective logic and consequences,My immediate gut feeling and moral compass,How it affects the people I care about most,Universal principles of fairness and justice,Seeking counsel from someone I trust completely,Choosing whichever path causes the least overall harm,Values
233,Deep & Values,"When facing a tough moral dilemma, what guides your choice (Looking Ahead)?",Cold objective logic and consequences,My immediate gut feeling and moral compass,How it affects the people I care about most,Universal principles of fairness and justice,Seeking counsel from someone I trust completely,Choosing whichever path causes the least overall harm,Values
234,Deep & Values,"When facing a tough moral dilemma, what guides your choice (Raw Instinct)?",Cold objective logic and consequences,My immediate gut feeling and moral compass,How it affects the people I care about most,Universal principles of fairness and justice,Seeking counsel from someone I trust completely,Choosing whichever path causes the least overall harm,Values
235,Deep & Values,"When facing a tough moral dilemma, what guides your choice (Calculated)?",Cold objective logic and consequences,My immediate gut feeling and moral compass,How it affects the people I care about most,Universal principles of fairness and justice,Seeking counsel from someone I trust completely,Choosing whichever path causes the least overall harm,Values
236,Deep & Values,"When facing a tough moral dilemma, what guides your choice (Deep Focus)?",Cold objective logic and consequences,My immediate gut feeling and moral compass,How it affects the people I care about most,Universal principles of fairness and justice,Seeking counsel from someone I trust completely,Choosing whichever path causes the least overall harm,Values
237,Deep & Values,"When facing a tough moral dilemma, what guides your choice (Late Night)?",Cold objective logic and consequences,My immediate gut feeling and moral compass,How it affects the people I care about most,Universal principles of fairness and justice,Seeking counsel from someone I trust completely,Choosing whichever path causes the least overall harm,Values
238,Deep & Values,"When facing a tough moral dilemma, what guides your choice (Social Vibe)?",Cold objective logic and consequences,My immediate gut feeling and moral compass,How it affects the people I care about most,Universal principles of fairness and justice,Seeking counsel from someone I trust completely,Choosing whichever path causes the least overall harm,Values
239,Deep & Values,"When facing a tough moral dilemma, what guides your choice (Solo Mode)?",Cold objective logic and consequences,My immediate gut feeling and moral compass,How it affects the people I care about most,Universal principles of fairness and justice,Seeking counsel from someone I trust completely,Choosing whichever path causes the least overall harm,Values
240,Deep & Values,"When facing a tough moral dilemma, what guides your choice (Real Talk)?",Cold objective logic and consequences,My immediate gut feeling and moral compass,How it affects the people I care about most,Universal principles of fairness and justice,Seeking counsel from someone I trust completely,Choosing whichever path causes the least overall harm,Values
241,Deep & Values,What does true personal success look like to you (Perspective A)?,Financial independence and complete freedom,Building deep lifelong connections with loved ones,Mastering my craft and building exceptional work,Living peacefully with zero stress or drama,Inspiring or mentoring others along the way,Experiencing as much of the world as possible,Values
242,Deep & Values,What does true personal success look like to you (Perspective B)?,Financial independence and complete freedom,Building deep lifelong connections with loved ones,Mastering my craft and building exceptional work,Living peacefully with zero stress or drama,Inspiring or mentoring others along the way,Experiencing as much of the world as possible,Values
243,Deep & Values,What does true personal success look like to you (In High-Stress)?,Financial independence and complete freedom,Building deep lifelong connections with loved ones,Mastering my craft and building exceptional work,Living peacefully with zero stress or drama,Inspiring or mentoring others along the way,Experiencing as much of the world as possible,Values
244,Deep & Values,What does true personal success look like to you (On Weekends)?,Financial independence and complete freedom,Building deep lifelong connections with loved ones,Mastering my craft and building exceptional work,Living peacefully with zero stress or drama,Inspiring or mentoring others along the way,Experiencing as much of the world as possible,Values
245,Deep & Values,What does true personal success look like to you (With Strangers)?,Financial independence and complete freedom,Building deep lifelong connections with loved ones,Mastering my craft and building exceptional work,Living peacefully with zero stress or drama,Inspiring or mentoring others along the way,Experiencing as much of the world as possible,Values
246,Deep & Values,What does true personal success look like to you (With Inner Circle)?,Financial independence and complete freedom,Building deep lifelong connections with loved ones,Mastering my craft and building exceptional work,Living peacefully with zero stress or drama,Inspiring or mentoring others along the way,Experiencing as much of the world as possible,Values
247,Deep & Values,What does true personal success look like to you (Looking Back)?,Financial independence and complete freedom,Building deep lifelong connections with loved ones,Mastering my craft and building exceptional work,Living peacefully with zero stress or drama,Inspiring or mentoring others along the way,Experiencing as much of the world as possible,Values
248,Deep & Values,What does true personal success look like to you (Looking Ahead)?,Financial independence and complete freedom,Building deep lifelong connections with loved ones,Mastering my craft and building exceptional work,Living peacefully with zero stress or drama,Inspiring or mentoring others along the way,Experiencing as much of the world as possible,Values
249,Deep & Values,What does true personal success look like to you (Raw Instinct)?,Financial independence and complete freedom,Building deep lifelong connections with loved ones,Mastering my craft and building exceptional work,Living peacefully with zero stress or drama,Inspiring or mentoring others along the way,Experiencing as much of the world as possible,Values
250,Deep & Values,What does true personal success look like to you (Calculated)?,Financial independence and complete freedom,Building deep lifelong connections with loved ones,Mastering my craft and building exceptional work,Living peacefully with zero stress or drama,Inspiring or mentoring others along the way,Experiencing as much of the world as possible,Values
251,Deep & Values,What does true personal success look like to you (Deep Focus)?,Financial independence and complete freedom,Building deep lifelong connections with loved ones,Mastering my craft and building exceptional work,Living peacefully with zero stress or drama,Inspiring or mentoring others along the way,Experiencing as much of the world as possible,Values
252,Deep & Values,What does true personal success look like to you (Late Night)?,Financial independence and complete freedom,Building deep lifelong connections with loved ones,Mastering my craft and building exceptional work,Living peacefully with zero stress or drama,Inspiring or mentoring others along the way,Experiencing as much of the world as possible,Values
253,Deep & Values,What does true personal success look like to you (Social Vibe)?,Financial independence and complete freedom,Building deep lifelong connections with loved ones,Mastering my craft and building exceptional work,Living peacefully with zero stress or drama,Inspiring or mentoring others along the way,Experiencing as much of the world as possible,Values
254,Deep & Values,What does true personal success look like to you (Solo Mode)?,Financial independence and complete freedom,Building deep lifelong connections with loved ones,Mastering my craft and building exceptional work,Living peacefully with zero stress or drama,Inspiring or mentoring others along the way,Experiencing as much of the world as possible,Values
255,Deep & Values,What does true personal success look like to you (Real Talk)?,Financial independence and complete freedom,Building deep lifelong connections with loved ones,Mastering my craft and building exceptional work,Living peacefully with zero stress or drama,Inspiring or mentoring others along the way,Experiencing as much of the world as possible,Values
256,Deep & Values,How do you view failure or setbacks (Perspective A)?,Essential data points and lessons to iterate on,Momentary frustration followed by stubborn refocusing,A sign to rethink the entire strategy,Heavy emotional burden that takes time to shake,Proof that I was pushing outside my comfort zone,Fuel to prove doubters wrong,Values
257,Deep & Values,How do you view failure or setbacks (Perspective B)?,Essential data points and lessons to iterate on,Momentary frustration followed by stubborn refocusing,A sign to rethink the entire strategy,Heavy emotional burden that takes time to shake,Proof that I was pushing outside my comfort zone,Fuel to prove doubters wrong,Values
258,Deep & Values,How do you view failure or setbacks (In High-Stress)?,Essential data points and lessons to iterate on,Momentary frustration followed by stubborn refocusing,A sign to rethink the entire strategy,Heavy emotional burden that takes time to shake,Proof that I was pushing outside my comfort zone,Fuel to prove doubters wrong,Values
259,Deep & Values,How do you view failure or setbacks (On Weekends)?,Essential data points and lessons to iterate on,Momentary frustration followed by stubborn refocusing,A sign to rethink the entire strategy,Heavy emotional burden that takes time to shake,Proof that I was pushing outside my comfort zone,Fuel to prove doubters wrong,Values
260,Deep & Values,How do you view failure or setbacks (With Strangers)?,Essential data points and lessons to iterate on,Momentary frustration followed by stubborn refocusing,A sign to rethink the entire strategy,Heavy emotional burden that takes time to shake,Proof that I was pushing outside my comfort zone,Fuel to prove doubters wrong,Values
261,Deep & Values,How do you view failure or setbacks (With Inner Circle)?,Essential data points and lessons to iterate on,Momentary frustration followed by stubborn refocusing,A sign to rethink the entire strategy,Heavy emotional burden that takes time to shake,Proof that I was pushing outside my comfort zone,Fuel to prove doubters wrong,Values
262,Deep & Values,How do you view failure or setbacks (Looking Back)?,Essential data points and lessons to iterate on,Momentary frustration followed by stubborn refocusing,A sign to rethink the entire strategy,Heavy emotional burden that takes time to shake,Proof that I was pushing outside my comfort zone,Fuel to prove doubters wrong,Values
263,Deep & Values,How do you view failure or setbacks (Looking Ahead)?,Essential data points and lessons to iterate on,Momentary frustration followed by stubborn refocusing,A sign to rethink the entire strategy,Heavy emotional burden that takes time to shake,Proof that I was pushing outside my comfort zone,Fuel to prove doubters wrong,Values
264,Deep & Values,How do you view failure or setbacks (Raw Instinct)?,Essential data points and lessons to iterate on,Momentary frustration followed by stubborn refocusing,A sign to rethink the entire strategy,Heavy emotional burden that takes time to shake,Proof that I was pushing outside my comfort zone,Fuel to prove doubters wrong,Values
265,Deep & Values,How do you view failure or setbacks (Calculated)?,Essential data points and lessons to iterate on,Momentary frustration followed by stubborn refocusing,A sign to rethink the entire strategy,Heavy emotional burden that takes time to shake,Proof that I was pushing outside my comfort zone,Fuel to prove doubters wrong,Values
266,Deep & Values,How do you view failure or setbacks (Deep Focus)?,Essential data points and lessons to iterate on,Momentary frustration followed by stubborn refocusing,A sign to rethink the entire strategy,Heavy emotional burden that takes time to shake,Proof that I was pushing outside my comfort zone,Fuel to prove doubters wrong,Values
267,Deep & Values,How do you view failure or setbacks (Late Night)?,Essential data points and lessons to iterate on,Momentary frustration followed by stubborn refocusing,A sign to rethink the entire strategy,Heavy emotional burden that takes time to shake,Proof that I was pushing outside my comfort zone,Fuel to prove doubters wrong,Values
268,Deep & Values,How do you view failure or setbacks (Social Vibe)?,Essential data points and lessons to iterate on,Momentary frustration followed by stubborn refocusing,A sign to rethink the entire strategy,Heavy emotional burden that takes time to shake,Proof that I was pushing outside my comfort zone,Fuel to prove doubters wrong,Values
269,Deep & Values,How do you view failure or setbacks (Solo Mode)?,Essential data points and lessons to iterate on,Momentary frustration followed by stubborn refocusing,A sign to rethink the entire strategy,Heavy emotional burden that takes time to shake,Proof that I was pushing outside my comfort zone,Fuel to prove doubters wrong,Values
270,Deep & Values,How do you view failure or setbacks (Real Talk)?,Essential data points and lessons to iterate on,Momentary frustration followed by stubborn refocusing,A sign to rethink the entire strategy,Heavy emotional burden that takes time to shake,Proof that I was pushing outside my comfort zone,Fuel to prove doubters wrong,Values
271,Deep & Values,What keeps you grounded when life gets overwhelmingly chaotic (Perspective A)?,Solo time with music and no notifications,Focusing strictly on basic daily routines,Talking through everything with one trusted person,Stepping outside into fresh air and open scenery,Diving headfirst into hands-on physical tasks,Reminding myself that everything is temporary,Values
272,Deep & Values,What keeps you grounded when life gets overwhelmingly chaotic (Perspective B)?,Solo time with music and no notifications,Focusing strictly on basic daily routines,Talking through everything with one trusted person,Stepping outside into fresh air and open scenery,Diving headfirst into hands-on physical tasks,Reminding myself that everything is temporary,Values
273,Deep & Values,What keeps you grounded when life gets overwhelmingly chaotic (In High-Stress)?,Solo time with music and no notifications,Focusing strictly on basic daily routines,Talking through everything with one trusted person,Stepping outside into fresh air and open scenery,Diving headfirst into hands-on physical tasks,Reminding myself that everything is temporary,Values
274,Deep & Values,What keeps you grounded when life gets overwhelmingly chaotic (On Weekends)?,Solo time with music and no notifications,Focusing strictly on basic daily routines,Talking through everything with one trusted person,Stepping outside into fresh air and open scenery,Diving headfirst into hands-on physical tasks,Reminding myself that everything is temporary,Values
275,Deep & Values,What keeps you grounded when life gets overwhelmingly chaotic (With Strangers)?,Solo time with music and no notifications,Focusing strictly on basic daily routines,Talking through everything with one trusted person,Stepping outside into fresh air and open scenery,Diving headfirst into hands-on physical tasks,Reminding myself that everything is temporary,Values
276,Deep & Values,What keeps you grounded when life gets overwhelmingly chaotic (With Inner Circle)?,Solo time with music and no notifications,Focusing strictly on basic daily routines,Talking through everything with one trusted person,Stepping outside into fresh air and open scenery,Diving headfirst into hands-on physical tasks,Reminding myself that everything is temporary,Values
277,Deep & Values,What keeps you grounded when life gets overwhelmingly chaotic (Looking Back)?,Solo time with music and no notifications,Focusing strictly on basic daily routines,Talking through everything with one trusted person,Stepping outside into fresh air and open scenery,Diving headfirst into hands-on physical tasks,Reminding myself that everything is temporary,Values
278,Deep & Values,What keeps you grounded when life gets overwhelmingly chaotic (Looking Ahead)?,Solo time with music and no notifications,Focusing strictly on basic daily routines,Talking through everything with one trusted person,Stepping outside into fresh air and open scenery,Diving headfirst into hands-on physical tasks,Reminding myself that everything is temporary,Values
279,Deep & Values,What keeps you grounded when life gets overwhelmingly chaotic (Raw Instinct)?,Solo time with music and no notifications,Focusing strictly on basic daily routines,Talking through everything with one trusted person,Stepping outside into fresh air and open scenery,Diving headfirst into hands-on physical tasks,Reminding myself that everything is temporary,Values
280,Deep & Values,What keeps you grounded when life gets overwhelmingly chaotic (Calculated)?,Solo time with music and no notifications,Focusing strictly on basic daily routines,Talking through everything with one trusted person,Stepping outside into fresh air and open scenery,Diving headfirst into hands-on physical tasks,Reminding myself that everything is temporary,Values
281,Deep & Values,What keeps you grounded when life gets overwhelmingly chaotic (Deep Focus)?,Solo time with music and no notifications,Focusing strictly on basic daily routines,Talking through everything with one trusted person,Stepping outside into fresh air and open scenery,Diving headfirst into hands-on physical tasks,Reminding myself that everything is temporary,Values
282,Deep & Values,What keeps you grounded when life gets overwhelmingly chaotic (Late Night)?,Solo time with music and no notifications,Focusing strictly on basic daily routines,Talking through everything with one trusted person,Stepping outside into fresh air and open scenery,Diving headfirst into hands-on physical tasks,Reminding myself that everything is temporary,Values
283,Deep & Values,What keeps you grounded when life gets overwhelmingly chaotic (Social Vibe)?,Solo time with music and no notifications,Focusing strictly on basic daily routines,Talking through everything with one trusted person,Stepping outside into fresh air and open scenery,Diving headfirst into hands-on physical tasks,Reminding myself that everything is temporary,Values
284,Deep & Values,What keeps you grounded when life gets overwhelmingly chaotic (Solo Mode)?,Solo time with music and no notifications,Focusing strictly on basic daily routines,Talking through everything with one trusted person,Stepping outside into fresh air and open scenery,Diving headfirst into hands-on physical tasks,Reminding myself that everything is temporary,Values
285,Deep & Values,What keeps you grounded when life gets overwhelmingly chaotic (Real Talk)?,Solo time with music and no notifications,Focusing strictly on basic daily routines,Talking through everything with one trusted person,Stepping outside into fresh air and open scenery,Diving headfirst into hands-on physical tasks,Reminding myself that everything is temporary,Values
286,Deep & Values,How do you handle someone breaking your trust (Perspective A)?,Cut them off cleanly with zero drama,Forgive them eventually but the dynamic is permanently altered,Confront them directly demanding full clarity,Keep them at arm's length as a casual acquaintance,Second chances are possible if genuine remorse is shown,Quietly detach and never rely on them again,Values
287,Deep & Values,How do you handle someone breaking your trust (Perspective B)?,Cut them off cleanly with zero drama,Forgive them eventually but the dynamic is permanently altered,Confront them directly demanding full clarity,Keep them at arm's length as a casual acquaintance,Second chances are possible if genuine remorse is shown,Quietly detach and never rely on them again,Values
288,Deep & Values,How do you handle someone breaking your trust (In High-Stress)?,Cut them off cleanly with zero drama,Forgive them eventually but the dynamic is permanently altered,Confront them directly demanding full clarity,Keep them at arm's length as a casual acquaintance,Second chances are possible if genuine remorse is shown,Quietly detach and never rely on them again,Values
289,Deep & Values,How do you handle someone breaking your trust (On Weekends)?,Cut them off cleanly with zero drama,Forgive them eventually but the dynamic is permanently altered,Confront them directly demanding full clarity,Keep them at arm's length as a casual acquaintance,Second chances are possible if genuine remorse is shown,Quietly detach and never rely on them again,Values
290,Deep & Values,How do you handle someone breaking your trust (With Strangers)?,Cut them off cleanly with zero drama,Forgive them eventually but the dynamic is permanently altered,Confront them directly demanding full clarity,Keep them at arm's length as a casual acquaintance,Second chances are possible if genuine remorse is shown,Quietly detach and never rely on them again,Values
291,Deep & Values,How do you handle someone breaking your trust (With Inner Circle)?,Cut them off cleanly with zero drama,Forgive them eventually but the dynamic is permanently altered,Confront them directly demanding full clarity,Keep them at arm's length as a casual acquaintance,Second chances are possible if genuine remorse is shown,Quietly detach and never rely on them again,Values
292,Deep & Values,How do you handle someone breaking your trust (Looking Back)?,Cut them off cleanly with zero drama,Forgive them eventually but the dynamic is permanently altered,Confront them directly demanding full clarity,Keep them at arm's length as a casual acquaintance,Second chances are possible if genuine remorse is shown,Quietly detach and never rely on them again,Values
293,Deep & Values,How do you handle someone breaking your trust (Looking Ahead)?,Cut them off cleanly with zero drama,Forgive them eventually but the dynamic is permanently altered,Confront them directly demanding full clarity,Keep them at arm's length as a casual acquaintance,Second chances are possible if genuine remorse is shown,Quietly detach and never rely on them again,Values
294,Deep & Values,How do you handle someone breaking your trust (Raw Instinct)?,Cut them off cleanly with zero drama,Forgive them eventually but the dynamic is permanently altered,Confront them directly demanding full clarity,Keep them at arm's length as a casual acquaintance,Second chances are possible if genuine remorse is shown,Quietly detach and never rely on them again,Values
295,Deep & Values,How do you handle someone breaking your trust (Calculated)?,Cut them off cleanly with zero drama,Forgive them eventually but the dynamic is permanently altered,Confront them directly demanding full clarity,Keep them at arm's length as a casual acquaintance,Second chances are possible if genuine remorse is shown,Quietly detach and never rely on them again,Values
296,Deep & Values,How do you handle someone breaking your trust (Deep Focus)?,Cut them off cleanly with zero drama,Forgive them eventually but the dynamic is permanently altered,Confront them directly demanding full clarity,Keep them at arm's length as a casual acquaintance,Second chances are possible if genuine remorse is shown,Quietly detach and never rely on them again,Values
297,Deep & Values,How do you handle someone breaking your trust (Late Night)?,Cut them off cleanly with zero drama,Forgive them eventually but the dynamic is permanently altered,Confront them directly demanding full clarity,Keep them at arm's length as a casual acquaintance,Second chances are possible if genuine remorse is shown,Quietly detach and never rely on them again,Values
298,Deep & Values,How do you handle someone breaking your trust (Social Vibe)?,Cut them off cleanly with zero drama,Forgive them eventually but the dynamic is permanently altered,Confront them directly demanding full clarity,Keep them at arm's length as a casual acquaintance,Second chances are possible if genuine remorse is shown,Quietly detach and never rely on them again,Values
299,Deep & Values,How do you handle someone breaking your trust (Solo Mode)?,Cut them off cleanly with zero drama,Forgive them eventually but the dynamic is permanently altered,Confront them directly demanding full clarity,Keep them at arm's length as a casual acquaintance,Second chances are possible if genuine remorse is shown,Quietly detach and never rely on them again,Values
300,Deep & Values,How do you handle someone breaking your trust (Real Talk)?,Cut them off cleanly with zero drama,Forgive them eventually but the dynamic is permanently altered,Confront them directly demanding full clarity,Keep them at arm's length as a casual acquaintance,Second chances are possible if genuine remorse is shown,Quietly detach and never rely on them again,Values
301,Deep & Values,What legacy or reputation matters most to you (Perspective A)?,Being known as someone who kept their word,Being remembered as reliable and genuinely kind,Leaving behind impressive technical or creative works,Making life distinctly better for my inner circle,Living authentically without apologizing for who I was,Not caring at all what people think after I am gone,Values
302,Deep & Values,What legacy or reputation matters most to you (Perspective B)?,Being known as someone who kept their word,Being remembered as reliable and genuinely kind,Leaving behind impressive technical or creative works,Making life distinctly better for my inner circle,Living authentically without apologizing for who I was,Not caring at all what people think after I am gone,Values
303,Deep & Values,What legacy or reputation matters most to you (In High-Stress)?,Being known as someone who kept their word,Being remembered as reliable and genuinely kind,Leaving behind impressive technical or creative works,Making life distinctly better for my inner circle,Living authentically without apologizing for who I was,Not caring at all what people think after I am gone,Values
304,Deep & Values,What legacy or reputation matters most to you (On Weekends)?,Being known as someone who kept their word,Being remembered as reliable and genuinely kind,Leaving behind impressive technical or creative works,Making life distinctly better for my inner circle,Living authentically without apologizing for who I was,Not caring at all what people think after I am gone,Values
305,Deep & Values,What legacy or reputation matters most to you (With Strangers)?,Being known as someone who kept their word,Being remembered as reliable and genuinely kind,Leaving behind impressive technical or creative works,Making life distinctly better for my inner circle,Living authentically without apologizing for who I was,Not caring at all what people think after I am gone,Values
306,Deep & Values,What legacy or reputation matters most to you (With Inner Circle)?,Being known as someone who kept their word,Being remembered as reliable and genuinely kind,Leaving behind impressive technical or creative works,Making life distinctly better for my inner circle,Living authentically without apologizing for who I was,Not caring at all what people think after I am gone,Values
307,Deep & Values,What legacy or reputation matters most to you (Looking Back)?,Being known as someone who kept their word,Being remembered as reliable and genuinely kind,Leaving behind impressive technical or creative works,Making life distinctly better for my inner circle,Living authentically without apologizing for who I was,Not caring at all what people think after I am gone,Values
308,Deep & Values,What legacy or reputation matters most to you (Looking Ahead)?,Being known as someone who kept their word,Being remembered as reliable and genuinely kind,Leaving behind impressive technical or creative works,Making life distinctly better for my inner circle,Living authentically without apologizing for who I was,Not caring at all what people think after I am gone,Values
309,Deep & Values,What legacy or reputation matters most to you (Raw Instinct)?,Being known as someone who kept their word,Being remembered as reliable and genuinely kind,Leaving behind impressive technical or creative works,Making life distinctly better for my inner circle,Living authentically without apologizing for who I was,Not caring at all what people think after I am gone,Values
310,Deep & Values,What legacy or reputation matters most to you (Calculated)?,Being known as someone who kept their word,Being remembered as reliable and genuinely kind,Leaving behind impressive technical or creative works,Making life distinctly better for my inner circle,Living authentically without apologizing for who I was,Not caring at all what people think after I am gone,Values
311,Deep & Values,What legacy or reputation matters most to you (Deep Focus)?,Being known as someone who kept their word,Being remembered as reliable and genuinely kind,Leaving behind impressive technical or creative works,Making life distinctly better for my inner circle,Living authentically without apologizing for who I was,Not caring at all what people think after I am gone,Values
312,Deep & Values,What legacy or reputation matters most to you (Late Night)?,Being known as someone who kept their word,Being remembered as reliable and genuinely kind,Leaving behind impressive technical or creative works,Making life distinctly better for my inner circle,Living authentically without apologizing for who I was,Not caring at all what people think after I am gone,Values
313,Deep & Values,What legacy or reputation matters most to you (Social Vibe)?,Being known as someone who kept their word,Being remembered as reliable and genuinely kind,Leaving behind impressive technical or creative works,Making life distinctly better for my inner circle,Living authentically without apologizing for who I was,Not caring at all what people think after I am gone,Values
314,Deep & Values,What legacy or reputation matters most to you (Solo Mode)?,Being known as someone who kept their word,Being remembered as reliable and genuinely kind,Leaving behind impressive technical or creative works,Making life distinctly better for my inner circle,Living authentically without apologizing for who I was,Not caring at all what people think after I am gone,Values
315,Deep & Values,What legacy or reputation matters most to you (Real Talk)?,Being known as someone who kept their word,Being remembered as reliable and genuinely kind,Leaving behind impressive technical or creative works,Making life distinctly better for my inner circle,Living authentically without apologizing for who I was,Not caring at all what people think after I am gone,Values
316,Habits & Daily Routines,What does your first waking hour look like (Perspective A)?,Check phone notifications immediately in bed,Drink water and start moving straight away,Hit snooze three times and rush out the door,Stare into space contemplating life with coffee,Strict structured morning protocol,Slow relaxed wake-up with background music,Routine
317,Habits & Daily Routines,What does your first waking hour look like (Perspective B)?,Check phone notifications immediately in bed,Drink water and start moving straight away,Hit snooze three times and rush out the door,Stare into space contemplating life with coffee,Strict structured morning protocol,Slow relaxed wake-up with background music,Routine
318,Habits & Daily Routines,What does your first waking hour look like (In High-Stress)?,Check phone notifications immediately in bed,Drink water and start moving straight away,Hit snooze three times and rush out the door,Stare into space contemplating life with coffee,Strict structured morning protocol,Slow relaxed wake-up with background music,Routine
319,Habits & Daily Routines,What does your first waking hour look like (On Weekends)?,Check phone notifications immediately in bed,Drink water and start moving straight away,Hit snooze three times and rush out the door,Stare into space contemplating life with coffee,Strict structured morning protocol,Slow relaxed wake-up with background music,Routine
320,Habits & Daily Routines,What does your first waking hour look like (With Strangers)?,Check phone notifications immediately in bed,Drink water and start moving straight away,Hit snooze three times and rush out the door,Stare into space contemplating life with coffee,Strict structured morning protocol,Slow relaxed wake-up with background music,Routine
321,Habits & Daily Routines,What does your first waking hour look like (With Inner Circle)?,Check phone notifications immediately in bed,Drink water and start moving straight away,Hit snooze three times and rush out the door,Stare into space contemplating life with coffee,Strict structured morning protocol,Slow relaxed wake-up with background music,Routine
322,Habits & Daily Routines,What does your first waking hour look like (Looking Back)?,Check phone notifications immediately in bed,Drink water and start moving straight away,Hit snooze three times and rush out the door,Stare into space contemplating life with coffee,Strict structured morning protocol,Slow relaxed wake-up with background music,Routine
323,Habits & Daily Routines,What does your first waking hour look like (Looking Ahead)?,Check phone notifications immediately in bed,Drink water and start moving straight away,Hit snooze three times and rush out the door,Stare into space contemplating life with coffee,Strict structured morning protocol,Slow relaxed wake-up with background music,Routine
324,Habits & Daily Routines,What does your first waking hour look like (Raw Instinct)?,Check phone notifications immediately in bed,Drink water and start moving straight away,Hit snooze three times and rush out the door,Stare into space contemplating life with coffee,Strict structured morning protocol,Slow relaxed wake-up with background music,Routine
325,Habits & Daily Routines,What does your first waking hour look like (Calculated)?,Check phone notifications immediately in bed,Drink water and start moving straight away,Hit snooze three times and rush out the door,Stare into space contemplating life with coffee,Strict structured morning protocol,Slow relaxed wake-up with background music,Routine
326,Habits & Daily Routines,What does your first waking hour look like (Deep Focus)?,Check phone notifications immediately in bed,Drink water and start moving straight away,Hit snooze three times and rush out the door,Stare into space contemplating life with coffee,Strict structured morning protocol,Slow relaxed wake-up with background music,Routine
327,Habits & Daily Routines,What does your first waking hour look like (Late Night)?,Check phone notifications immediately in bed,Drink water and start moving straight away,Hit snooze three times and rush out the door,Stare into space contemplating life with coffee,Strict structured morning protocol,Slow relaxed wake-up with background music,Routine
328,Habits & Daily Routines,What does your first waking hour look like (Social Vibe)?,Check phone notifications immediately in bed,Drink water and start moving straight away,Hit snooze three times and rush out the door,Stare into space contemplating life with coffee,Strict structured morning protocol,Slow relaxed wake-up with background music,Routine
329,Habits & Daily Routines,What does your first waking hour look like (Solo Mode)?,Check phone notifications immediately in bed,Drink water and start moving straight away,Hit snooze three times and rush out the door,Stare into space contemplating life with coffee,Strict structured morning protocol,Slow relaxed wake-up with background music,Routine
330,Habits & Daily Routines,What does your first waking hour look like (Real Talk)?,Check phone notifications immediately in bed,Drink water and start moving straight away,Hit snooze three times and rush out the door,Stare into space contemplating life with coffee,Strict structured morning protocol,Slow relaxed wake-up with background music,Routine
331,Habits & Daily Routines,How do you organize your physical workspace (Perspective A)?,Meticulously organized with cable management,Functional chaos where only I know where things are,Completely bare with just the essential device,"Cluttered with mugs, sticky notes, and accessories",Constantly rearranging it every couple of weeks,Dual setups with aesthetic accent lighting,Routine
332,Habits & Daily Routines,How do you organize your physical workspace (Perspective B)?,Meticulously organized with cable management,Functional chaos where only I know where things are,Completely bare with just the essential device,"Cluttered with mugs, sticky notes, and accessories",Constantly rearranging it every couple of weeks,Dual setups with aesthetic accent lighting,Routine
333,Habits & Daily Routines,How do you organize your physical workspace (In High-Stress)?,Meticulously organized with cable management,Functional chaos where only I know where things are,Completely bare with just the essential device,"Cluttered with mugs, sticky notes, and accessories",Constantly rearranging it every couple of weeks,Dual setups with aesthetic accent lighting,Routine
334,Habits & Daily Routines,How do you organize your physical workspace (On Weekends)?,Meticulously organized with cable management,Functional chaos where only I know where things are,Completely bare with just the essential device,"Cluttered with mugs, sticky notes, and accessories",Constantly rearranging it every couple of weeks,Dual setups with aesthetic accent lighting,Routine
335,Habits & Daily Routines,How do you organize your physical workspace (With Strangers)?,Meticulously organized with cable management,Functional chaos where only I know where things are,Completely bare with just the essential device,"Cluttered with mugs, sticky notes, and accessories",Constantly rearranging it every couple of weeks,Dual setups with aesthetic accent lighting,Routine
336,Habits & Daily Routines,How do you organize your physical workspace (With Inner Circle)?,Meticulously organized with cable management,Functional chaos where only I know where things are,Completely bare with just the essential device,"Cluttered with mugs, sticky notes, and accessories",Constantly rearranging it every couple of weeks,Dual setups with aesthetic accent lighting,Routine
337,Habits & Daily Routines,How do you organize your physical workspace (Looking Back)?,Meticulously organized with cable management,Functional chaos where only I know where things are,Completely bare with just the essential device,"Cluttered with mugs, sticky notes, and accessories",Constantly rearranging it every couple of weeks,Dual setups with aesthetic accent lighting,Routine
338,Habits & Daily Routines,How do you organize your physical workspace (Looking Ahead)?,Meticulously organized with cable management,Functional chaos where only I know where things are,Completely bare with just the essential device,"Cluttered with mugs, sticky notes, and accessories",Constantly rearranging it every couple of weeks,Dual setups with aesthetic accent lighting,Routine
339,Habits & Daily Routines,How do you organize your physical workspace (Raw Instinct)?,Meticulously organized with cable management,Functional chaos where only I know where things are,Completely bare with just the essential device,"Cluttered with mugs, sticky notes, and accessories",Constantly rearranging it every couple of weeks,Dual setups with aesthetic accent lighting,Routine
340,Habits & Daily Routines,How do you organize your physical workspace (Calculated)?,Meticulously organized with cable management,Functional chaos where only I know where things are,Completely bare with just the essential device,"Cluttered with mugs, sticky notes, and accessories",Constantly rearranging it every couple of weeks,Dual setups with aesthetic accent lighting,Routine
341,Habits & Daily Routines,How do you organize your physical workspace (Deep Focus)?,Meticulously organized with cable management,Functional chaos where only I know where things are,Completely bare with just the essential device,"Cluttered with mugs, sticky notes, and accessories",Constantly rearranging it every couple of weeks,Dual setups with aesthetic accent lighting,Routine
342,Habits & Daily Routines,How do you organize your physical workspace (Late Night)?,Meticulously organized with cable management,Functional chaos where only I know where things are,Completely bare with just the essential device,"Cluttered with mugs, sticky notes, and accessories",Constantly rearranging it every couple of weeks,Dual setups with aesthetic accent lighting,Routine
343,Habits & Daily Routines,How do you organize your physical workspace (Social Vibe)?,Meticulously organized with cable management,Functional chaos where only I know where things are,Completely bare with just the essential device,"Cluttered with mugs, sticky notes, and accessories",Constantly rearranging it every couple of weeks,Dual setups with aesthetic accent lighting,Routine
344,Habits & Daily Routines,How do you organize your physical workspace (Solo Mode)?,Meticulously organized with cable management,Functional chaos where only I know where things are,Completely bare with just the essential device,"Cluttered with mugs, sticky notes, and accessories",Constantly rearranging it every couple of weeks,Dual setups with aesthetic accent lighting,Routine
345,Habits & Daily Routines,How do you organize your physical workspace (Real Talk)?,Meticulously organized with cable management,Functional chaos where only I know where things are,Completely bare with just the essential device,"Cluttered with mugs, sticky notes, and accessories",Constantly rearranging it every couple of weeks,Dual setups with aesthetic accent lighting,Routine
346,Habits & Daily Routines,What is your approach to grocery shopping (Perspective A)?,Strict itemized checklist stick to the plan,Wander aisles picking whatever looks appetizing,Buy the exact same five staple meals every time,Order delivery to completely bypass the physical store,Bulk buy snacks and impulse purchases at checkout,In and out within eight minutes flat,Routine
347,Habits & Daily Routines,What is your approach to grocery shopping (Perspective B)?,Strict itemized checklist stick to the plan,Wander aisles picking whatever looks appetizing,Buy the exact same five staple meals every time,Order delivery to completely bypass the physical store,Bulk buy snacks and impulse purchases at checkout,In and out within eight minutes flat,Routine
348,Habits & Daily Routines,What is your approach to grocery shopping (In High-Stress)?,Strict itemized checklist stick to the plan,Wander aisles picking whatever looks appetizing,Buy the exact same five staple meals every time,Order delivery to completely bypass the physical store,Bulk buy snacks and impulse purchases at checkout,In and out within eight minutes flat,Routine
349,Habits & Daily Routines,What is your approach to grocery shopping (On Weekends)?,Strict itemized checklist stick to the plan,Wander aisles picking whatever looks appetizing,Buy the exact same five staple meals every time,Order delivery to completely bypass the physical store,Bulk buy snacks and impulse purchases at checkout,In and out within eight minutes flat,Routine
350,Habits & Daily Routines,What is your approach to grocery shopping (With Strangers)?,Strict itemized checklist stick to the plan,Wander aisles picking whatever looks appetizing,Buy the exact same five staple meals every time,Order delivery to completely bypass the physical store,Bulk buy snacks and impulse purchases at checkout,In and out within eight minutes flat,Routine
351,Habits & Daily Routines,What is your approach to grocery shopping (With Inner Circle)?,Strict itemized checklist stick to the plan,Wander aisles picking whatever looks appetizing,Buy the exact same five staple meals every time,Order delivery to completely bypass the physical store,Bulk buy snacks and impulse purchases at checkout,In and out within eight minutes flat,Routine
352,Habits & Daily Routines,What is your approach to grocery shopping (Looking Back)?,Strict itemized checklist stick to the plan,Wander aisles picking whatever looks appetizing,Buy the exact same five staple meals every time,Order delivery to completely bypass the physical store,Bulk buy snacks and impulse purchases at checkout,In and out within eight minutes flat,Routine
353,Habits & Daily Routines,What is your approach to grocery shopping (Looking Ahead)?,Strict itemized checklist stick to the plan,Wander aisles picking whatever looks appetizing,Buy the exact same five staple meals every time,Order delivery to completely bypass the physical store,Bulk buy snacks and impulse purchases at checkout,In and out within eight minutes flat,Routine
354,Habits & Daily Routines,What is your approach to grocery shopping (Raw Instinct)?,Strict itemized checklist stick to the plan,Wander aisles picking whatever looks appetizing,Buy the exact same five staple meals every time,Order delivery to completely bypass the physical store,Bulk buy snacks and impulse purchases at checkout,In and out within eight minutes flat,Routine
355,Habits & Daily Routines,What is your approach to grocery shopping (Calculated)?,Strict itemized checklist stick to the plan,Wander aisles picking whatever looks appetizing,Buy the exact same five staple meals every time,Order delivery to completely bypass the physical store,Bulk buy snacks and impulse purchases at checkout,In and out within eight minutes flat,Routine
356,Habits & Daily Routines,What is your approach to grocery shopping (Deep Focus)?,Strict itemized checklist stick to the plan,Wander aisles picking whatever looks appetizing,Buy the exact same five staple meals every time,Order delivery to completely bypass the physical store,Bulk buy snacks and impulse purchases at checkout,In and out within eight minutes flat,Routine
357,Habits & Daily Routines,What is your approach to grocery shopping (Late Night)?,Strict itemized checklist stick to the plan,Wander aisles picking whatever looks appetizing,Buy the exact same five staple meals every time,Order delivery to completely bypass the physical store,Bulk buy snacks and impulse purchases at checkout,In and out within eight minutes flat,Routine
358,Habits & Daily Routines,What is your approach to grocery shopping (Social Vibe)?,Strict itemized checklist stick to the plan,Wander aisles picking whatever looks appetizing,Buy the exact same five staple meals every time,Order delivery to completely bypass the physical store,Bulk buy snacks and impulse purchases at checkout,In and out within eight minutes flat,Routine
359,Habits & Daily Routines,What is your approach to grocery shopping (Solo Mode)?,Strict itemized checklist stick to the plan,Wander aisles picking whatever looks appetizing,Buy the exact same five staple meals every time,Order delivery to completely bypass the physical store,Bulk buy snacks and impulse purchases at checkout,In and out within eight minutes flat,Routine
360,Habits & Daily Routines,What is your approach to grocery shopping (Real Talk)?,Strict itemized checklist stick to the plan,Wander aisles picking whatever looks appetizing,Buy the exact same five staple meals every time,Order delivery to completely bypass the physical store,Bulk buy snacks and impulse purchases at checkout,In and out within eight minutes flat,Routine
361,Habits & Daily Routines,How do you handle chores like laundry or dishes (Perspective A)?,Tackle them immediately after use without delay,Let them accumulate until Sunday blitz cleaning,Do them while listening to podcasts or phonk beats,Procrastinate until the last clean dish or shirt remains,Small incremental bursts throughout the week,Delegate or automate wherever possible,Routine
362,Habits & Daily Routines,How do you handle chores like laundry or dishes (Perspective B)?,Tackle them immediately after use without delay,Let them accumulate until Sunday blitz cleaning,Do them while listening to podcasts or phonk beats,Procrastinate until the last clean dish or shirt remains,Small incremental bursts throughout the week,Delegate or automate wherever possible,Routine
363,Habits & Daily Routines,How do you handle chores like laundry or dishes (In High-Stress)?,Tackle them immediately after use without delay,Let them accumulate until Sunday blitz cleaning,Do them while listening to podcasts or phonk beats,Procrastinate until the last clean dish or shirt remains,Small incremental bursts throughout the week,Delegate or automate wherever possible,Routine
364,Habits & Daily Routines,How do you handle chores like laundry or dishes (On Weekends)?,Tackle them immediately after use without delay,Let them accumulate until Sunday blitz cleaning,Do them while listening to podcasts or phonk beats,Procrastinate until the last clean dish or shirt remains,Small incremental bursts throughout the week,Delegate or automate wherever possible,Routine
365,Habits & Daily Routines,How do you handle chores like laundry or dishes (With Strangers)?,Tackle them immediately after use without delay,Let them accumulate until Sunday blitz cleaning,Do them while listening to podcasts or phonk beats,Procrastinate until the last clean dish or shirt remains,Small incremental bursts throughout the week,Delegate or automate wherever possible,Routine
366,Habits & Daily Routines,How do you handle chores like laundry or dishes (With Inner Circle)?,Tackle them immediately after use without delay,Let them accumulate until Sunday blitz cleaning,Do them while listening to podcasts or phonk beats,Procrastinate until the last clean dish or shirt remains,Small incremental bursts throughout the week,Delegate or automate wherever possible,Routine
367,Habits & Daily Routines,How do you handle chores like laundry or dishes (Looking Back)?,Tackle them immediately after use without delay,Let them accumulate until Sunday blitz cleaning,Do them while listening to podcasts or phonk beats,Procrastinate until the last clean dish or shirt remains,Small incremental bursts throughout the week,Delegate or automate wherever possible,Routine
368,Habits & Daily Routines,How do you handle chores like laundry or dishes (Looking Ahead)?,Tackle them immediately after use without delay,Let them accumulate until Sunday blitz cleaning,Do them while listening to podcasts or phonk beats,Procrastinate until the last clean dish or shirt remains,Small incremental bursts throughout the week,Delegate or automate wherever possible,Routine
369,Habits & Daily Routines,How do you handle chores like laundry or dishes (Raw Instinct)?,Tackle them immediately after use without delay,Let them accumulate until Sunday blitz cleaning,Do them while listening to podcasts or phonk beats,Procrastinate until the last clean dish or shirt remains,Small incremental bursts throughout the week,Delegate or automate wherever possible,Routine
370,Habits & Daily Routines,How do you handle chores like laundry or dishes (Calculated)?,Tackle them immediately after use without delay,Let them accumulate until Sunday blitz cleaning,Do them while listening to podcasts or phonk beats,Procrastinate until the last clean dish or shirt remains,Small incremental bursts throughout the week,Delegate or automate wherever possible,Routine
371,Habits & Daily Routines,How do you handle chores like laundry or dishes (Deep Focus)?,Tackle them immediately after use without delay,Let them accumulate until Sunday blitz cleaning,Do them while listening to podcasts or phonk beats,Procrastinate until the last clean dish or shirt remains,Small incremental bursts throughout the week,Delegate or automate wherever possible,Routine
372,Habits & Daily Routines,How do you handle chores like laundry or dishes (Late Night)?,Tackle them immediately after use without delay,Let them accumulate until Sunday blitz cleaning,Do them while listening to podcasts or phonk beats,Procrastinate until the last clean dish or shirt remains,Small incremental bursts throughout the week,Delegate or automate wherever possible,Routine
373,Habits & Daily Routines,How do you handle chores like laundry or dishes (Social Vibe)?,Tackle them immediately after use without delay,Let them accumulate until Sunday blitz cleaning,Do them while listening to podcasts or phonk beats,Procrastinate until the last clean dish or shirt remains,Small incremental bursts throughout the week,Delegate or automate wherever possible,Routine
374,Habits & Daily Routines,How do you handle chores like laundry or dishes (Solo Mode)?,Tackle them immediately after use without delay,Let them accumulate until Sunday blitz cleaning,Do them while listening to podcasts or phonk beats,Procrastinate until the last clean dish or shirt remains,Small incremental bursts throughout the week,Delegate or automate wherever possible,Routine
375,Habits & Daily Routines,How do you handle chores like laundry or dishes (Real Talk)?,Tackle them immediately after use without delay,Let them accumulate until Sunday blitz cleaning,Do them while listening to podcasts or phonk beats,Procrastinate until the last clean dish or shirt remains,Small incremental bursts throughout the week,Delegate or automate wherever possible,Routine
376,Habits & Daily Routines,What is your bedtime ritual like (Perspective A)?,Fall asleep within five minutes of hitting the pillow,Scroll social media or watch videos for an hour,Listen to calm ambient music or white noise,Overthink every life decision made since 2018,Read or sketch until eyes get heavy,Sleep at completely erratic hours each night,Routine
377,Habits & Daily Routines,What is your bedtime ritual like (Perspective B)?,Fall asleep within five minutes of hitting the pillow,Scroll social media or watch videos for an hour,Listen to calm ambient music or white noise,Overthink every life decision made since 2018,Read or sketch until eyes get heavy,Sleep at completely erratic hours each night,Routine
378,Habits & Daily Routines,What is your bedtime ritual like (In High-Stress)?,Fall asleep within five minutes of hitting the pillow,Scroll social media or watch videos for an hour,Listen to calm ambient music or white noise,Overthink every life decision made since 2018,Read or sketch until eyes get heavy,Sleep at completely erratic hours each night,Routine
379,Habits & Daily Routines,What is your bedtime ritual like (On Weekends)?,Fall asleep within five minutes of hitting the pillow,Scroll social media or watch videos for an hour,Listen to calm ambient music or white noise,Overthink every life decision made since 2018,Read or sketch until eyes get heavy,Sleep at completely erratic hours each night,Routine
380,Habits & Daily Routines,What is your bedtime ritual like (With Strangers)?,Fall asleep within five minutes of hitting the pillow,Scroll social media or watch videos for an hour,Listen to calm ambient music or white noise,Overthink every life decision made since 2018,Read or sketch until eyes get heavy,Sleep at completely erratic hours each night,Routine
381,Habits & Daily Routines,What is your bedtime ritual like (With Inner Circle)?,Fall asleep within five minutes of hitting the pillow,Scroll social media or watch videos for an hour,Listen to calm ambient music or white noise,Overthink every life decision made since 2018,Read or sketch until eyes get heavy,Sleep at completely erratic hours each night,Routine
382,Habits & Daily Routines,What is your bedtime ritual like (Looking Back)?,Fall asleep within five minutes of hitting the pillow,Scroll social media or watch videos for an hour,Listen to calm ambient music or white noise,Overthink every life decision made since 2018,Read or sketch until eyes get heavy,Sleep at completely erratic hours each night,Routine
383,Habits & Daily Routines,What is your bedtime ritual like (Looking Ahead)?,Fall asleep within five minutes of hitting the pillow,Scroll social media or watch videos for an hour,Listen to calm ambient music or white noise,Overthink every life decision made since 2018,Read or sketch until eyes get heavy,Sleep at completely erratic hours each night,Routine
384,Habits & Daily Routines,What is your bedtime ritual like (Raw Instinct)?,Fall asleep within five minutes of hitting the pillow,Scroll social media or watch videos for an hour,Listen to calm ambient music or white noise,Overthink every life decision made since 2018,Read or sketch until eyes get heavy,Sleep at completely erratic hours each night,Routine
385,Habits & Daily Routines,What is your bedtime ritual like (Calculated)?,Fall asleep within five minutes of hitting the pillow,Scroll social media or watch videos for an hour,Listen to calm ambient music or white noise,Overthink every life decision made since 2018,Read or sketch until eyes get heavy,Sleep at completely erratic hours each night,Routine
386,Habits & Daily Routines,What is your bedtime ritual like (Deep Focus)?,Fall asleep within five minutes of hitting the pillow,Scroll social media or watch videos for an hour,Listen to calm ambient music or white noise,Overthink every life decision made since 2018,Read or sketch until eyes get heavy,Sleep at completely erratic hours each night,Routine
387,Habits & Daily Routines,What is your bedtime ritual like (Late Night)?,Fall asleep within five minutes of hitting the pillow,Scroll social media or watch videos for an hour,Listen to calm ambient music or white noise,Overthink every life decision made since 2018,Read or sketch until eyes get heavy,Sleep at completely erratic hours each night,Routine
388,Habits & Daily Routines,What is your bedtime ritual like (Social Vibe)?,Fall asleep within five minutes of hitting the pillow,Scroll social media or watch videos for an hour,Listen to calm ambient music or white noise,Overthink every life decision made since 2018,Read or sketch until eyes get heavy,Sleep at completely erratic hours each night,Routine
389,Habits & Daily Routines,What is your bedtime ritual like (Solo Mode)?,Fall asleep within five minutes of hitting the pillow,Scroll social media or watch videos for an hour,Listen to calm ambient music or white noise,Overthink every life decision made since 2018,Read or sketch until eyes get heavy,Sleep at completely erratic hours each night,Routine
390,Habits & Daily Routines,What is your bedtime ritual like (Real Talk)?,Fall asleep within five minutes of hitting the pillow,Scroll social media or watch videos for an hour,Listen to calm ambient music or white noise,Overthink every life decision made since 2018,Read or sketch until eyes get heavy,Sleep at completely erratic hours each night,Routine
391,Habits & Daily Routines,How do you stay caffeinated or energized (Perspective A)?,Black coffee or espresso straight up,Energy drinks or iced caffeinated beverages,"Matcha, green tea, or herbal infusions",Pure hydration with ice-cold water,Sugary sodas or flavored teas,Natural energy without needing stimulants,Routine
392,Habits & Daily Routines,How do you stay caffeinated or energized (Perspective B)?,Black coffee or espresso straight up,Energy drinks or iced caffeinated beverages,"Matcha, green tea, or herbal infusions",Pure hydration with ice-cold water,Sugary sodas or flavored teas,Natural energy without needing stimulants,Routine
393,Habits & Daily Routines,How do you stay caffeinated or energized (In High-Stress)?,Black coffee or espresso straight up,Energy drinks or iced caffeinated beverages,"Matcha, green tea, or herbal infusions",Pure hydration with ice-cold water,Sugary sodas or flavored teas,Natural energy without needing stimulants,Routine
394,Habits & Daily Routines,How do you stay caffeinated or energized (On Weekends)?,Black coffee or espresso straight up,Energy drinks or iced caffeinated beverages,"Matcha, green tea, or herbal infusions",Pure hydration with ice-cold water,Sugary sodas or flavored teas,Natural energy without needing stimulants,Routine
395,Habits & Daily Routines,How do you stay caffeinated or energized (With Strangers)?,Black coffee or espresso straight up,Energy drinks or iced caffeinated beverages,"Matcha, green tea, or herbal infusions",Pure hydration with ice-cold water,Sugary sodas or flavored teas,Natural energy without needing stimulants,Routine
396,Habits & Daily Routines,How do you stay caffeinated or energized (With Inner Circle)?,Black coffee or espresso straight up,Energy drinks or iced caffeinated beverages,"Matcha, green tea, or herbal infusions",Pure hydration with ice-cold water,Sugary sodas or flavored teas,Natural energy without needing stimulants,Routine
397,Habits & Daily Routines,How do you stay caffeinated or energized (Looking Back)?,Black coffee or espresso straight up,Energy drinks or iced caffeinated beverages,"Matcha, green tea, or herbal infusions",Pure hydration with ice-cold water,Sugary sodas or flavored teas,Natural energy without needing stimulants,Routine
398,Habits & Daily Routines,How do you stay caffeinated or energized (Looking Ahead)?,Black coffee or espresso straight up,Energy drinks or iced caffeinated beverages,"Matcha, green tea, or herbal infusions",Pure hydration with ice-cold water,Sugary sodas or flavored teas,Natural energy without needing stimulants,Routine
399,Habits & Daily Routines,How do you stay caffeinated or energized (Raw Instinct)?,Black coffee or espresso straight up,Energy drinks or iced caffeinated beverages,"Matcha, green tea, or herbal infusions",Pure hydration with ice-cold water,Sugary sodas or flavored teas,Natural energy without needing stimulants,Routine
400,Habits & Daily Routines,How do you stay caffeinated or energized (Calculated)?,Black coffee or espresso straight up,Energy drinks or iced caffeinated beverages,"Matcha, green tea, or herbal infusions",Pure hydration with ice-cold water,Sugary sodas or flavored teas,Natural energy without needing stimulants,Routine
401,Habits & Daily Routines,How do you stay caffeinated or energized (Deep Focus)?,Black coffee or espresso straight up,Energy drinks or iced caffeinated beverages,"Matcha, green tea, or herbal infusions",Pure hydration with ice-cold water,Sugary sodas or flavored teas,Natural energy without needing stimulants,Routine
402,Habits & Daily Routines,How do you stay caffeinated or energized (Late Night)?,Black coffee or espresso straight up,Energy drinks or iced caffeinated beverages,"Matcha, green tea, or herbal infusions",Pure hydration with ice-cold water,Sugary sodas or flavored teas,Natural energy without needing stimulants,Routine
403,Habits & Daily Routines,How do you stay caffeinated or energized (Social Vibe)?,Black coffee or espresso straight up,Energy drinks or iced caffeinated beverages,"Matcha, green tea, or herbal infusions",Pure hydration with ice-cold water,Sugary sodas or flavored teas,Natural energy without needing stimulants,Routine
404,Habits & Daily Routines,How do you stay caffeinated or energized (Solo Mode)?,Black coffee or espresso straight up,Energy drinks or iced caffeinated beverages,"Matcha, green tea, or herbal infusions",Pure hydration with ice-cold water,Sugary sodas or flavored teas,Natural energy without needing stimulants,Routine
405,Habits & Daily Routines,How do you stay caffeinated or energized (Real Talk)?,Black coffee or espresso straight up,Energy drinks or iced caffeinated beverages,"Matcha, green tea, or herbal infusions",Pure hydration with ice-cold water,Sugary sodas or flavored teas,Natural energy without needing stimulants,Routine
406,Habits & Daily Routines,How do you handle unexpected schedule disruptions (Perspective A)?,Adapt effortlessly on the fly with zero stress,Mild internal irritation while readjusting the plan,Total frustration that ruins momentum for an hour,Find the silver lining and turn it into free time,Demand clarity before deciding how to proceed,Shrug and let whatever happens happen,Routine
407,Habits & Daily Routines,How do you handle unexpected schedule disruptions (Perspective B)?,Adapt effortlessly on the fly with zero stress,Mild internal irritation while readjusting the plan,Total frustration that ruins momentum for an hour,Find the silver lining and turn it into free time,Demand clarity before deciding how to proceed,Shrug and let whatever happens happen,Routine
408,Habits & Daily Routines,How do you handle unexpected schedule disruptions (In High-Stress)?,Adapt effortlessly on the fly with zero stress,Mild internal irritation while readjusting the plan,Total frustration that ruins momentum for an hour,Find the silver lining and turn it into free time,Demand clarity before deciding how to proceed,Shrug and let whatever happens happen,Routine
409,Habits & Daily Routines,How do you handle unexpected schedule disruptions (On Weekends)?,Adapt effortlessly on the fly with zero stress,Mild internal irritation while readjusting the plan,Total frustration that ruins momentum for an hour,Find the silver lining and turn it into free time,Demand clarity before deciding how to proceed,Shrug and let whatever happens happen,Routine
410,Habits & Daily Routines,How do you handle unexpected schedule disruptions (With Strangers)?,Adapt effortlessly on the fly with zero stress,Mild internal irritation while readjusting the plan,Total frustration that ruins momentum for an hour,Find the silver lining and turn it into free time,Demand clarity before deciding how to proceed,Shrug and let whatever happens happen,Routine
411,Habits & Daily Routines,How do you handle unexpected schedule disruptions (With Inner Circle)?,Adapt effortlessly on the fly with zero stress,Mild internal irritation while readjusting the plan,Total frustration that ruins momentum for an hour,Find the silver lining and turn it into free time,Demand clarity before deciding how to proceed,Shrug and let whatever happens happen,Routine
412,Habits & Daily Routines,How do you handle unexpected schedule disruptions (Looking Back)?,Adapt effortlessly on the fly with zero stress,Mild internal irritation while readjusting the plan,Total frustration that ruins momentum for an hour,Find the silver lining and turn it into free time,Demand clarity before deciding how to proceed,Shrug and let whatever happens happen,Routine
413,Habits & Daily Routines,How do you handle unexpected schedule disruptions (Looking Ahead)?,Adapt effortlessly on the fly with zero stress,Mild internal irritation while readjusting the plan,Total frustration that ruins momentum for an hour,Find the silver lining and turn it into free time,Demand clarity before deciding how to proceed,Shrug and let whatever happens happen,Routine
414,Habits & Daily Routines,How do you handle unexpected schedule disruptions (Raw Instinct)?,Adapt effortlessly on the fly with zero stress,Mild internal irritation while readjusting the plan,Total frustration that ruins momentum for an hour,Find the silver lining and turn it into free time,Demand clarity before deciding how to proceed,Shrug and let whatever happens happen,Routine
415,Habits & Daily Routines,How do you handle unexpected schedule disruptions (Calculated)?,Adapt effortlessly on the fly with zero stress,Mild internal irritation while readjusting the plan,Total frustration that ruins momentum for an hour,Find the silver lining and turn it into free time,Demand clarity before deciding how to proceed,Shrug and let whatever happens happen,Routine
416,Habits & Daily Routines,How do you handle unexpected schedule disruptions (Deep Focus)?,Adapt effortlessly on the fly with zero stress,Mild internal irritation while readjusting the plan,Total frustration that ruins momentum for an hour,Find the silver lining and turn it into free time,Demand clarity before deciding how to proceed,Shrug and let whatever happens happen,Routine
417,Habits & Daily Routines,How do you handle unexpected schedule disruptions (Late Night)?,Adapt effortlessly on the fly with zero stress,Mild internal irritation while readjusting the plan,Total frustration that ruins momentum for an hour,Find the silver lining and turn it into free time,Demand clarity before deciding how to proceed,Shrug and let whatever happens happen,Routine
418,Habits & Daily Routines,How do you handle unexpected schedule disruptions (Social Vibe)?,Adapt effortlessly on the fly with zero stress,Mild internal irritation while readjusting the plan,Total frustration that ruins momentum for an hour,Find the silver lining and turn it into free time,Demand clarity before deciding how to proceed,Shrug and let whatever happens happen,Routine
419,Habits & Daily Routines,How do you handle unexpected schedule disruptions (Solo Mode)?,Adapt effortlessly on the fly with zero stress,Mild internal irritation while readjusting the plan,Total frustration that ruins momentum for an hour,Find the silver lining and turn it into free time,Demand clarity before deciding how to proceed,Shrug and let whatever happens happen,Routine
420,Habits & Daily Routines,How do you handle unexpected schedule disruptions (Real Talk)?,Adapt effortlessly on the fly with zero stress,Mild internal irritation while readjusting the plan,Total frustration that ruins momentum for an hour,Find the silver lining and turn it into free time,Demand clarity before deciding how to proceed,Shrug and let whatever happens happen,Routine
421,Food & Dining Out,"When picking a restaurant with friends, what role do you take (Perspective A)?",The one who already has three vetted menus ready,The indecisive 'anything is fine' voter,The explorer who insists on trying new street food,The creature of habit who votes for the usual spot,The foodie focused strictly on value and portion sizes,The one who leaves the choice entirely to the group,Food
422,Food & Dining Out,"When picking a restaurant with friends, what role do you take (Perspective B)?",The one who already has three vetted menus ready,The indecisive 'anything is fine' voter,The explorer who insists on trying new street food,The creature of habit who votes for the usual spot,The foodie focused strictly on value and portion sizes,The one who leaves the choice entirely to the group,Food
423,Food & Dining Out,"When picking a restaurant with friends, what role do you take (In High-Stress)?",The one who already has three vetted menus ready,The indecisive 'anything is fine' voter,The explorer who insists on trying new street food,The creature of habit who votes for the usual spot,The foodie focused strictly on value and portion sizes,The one who leaves the choice entirely to the group,Food
424,Food & Dining Out,"When picking a restaurant with friends, what role do you take (On Weekends)?",The one who already has three vetted menus ready,The indecisive 'anything is fine' voter,The explorer who insists on trying new street food,The creature of habit who votes for the usual spot,The foodie focused strictly on value and portion sizes,The one who leaves the choice entirely to the group,Food
425,Food & Dining Out,"When picking a restaurant with friends, what role do you take (With Strangers)?",The one who already has three vetted menus ready,The indecisive 'anything is fine' voter,The explorer who insists on trying new street food,The creature of habit who votes for the usual spot,The foodie focused strictly on value and portion sizes,The one who leaves the choice entirely to the group,Food
426,Food & Dining Out,"When picking a restaurant with friends, what role do you take (With Inner Circle)?",The one who already has three vetted menus ready,The indecisive 'anything is fine' voter,The explorer who insists on trying new street food,The creature of habit who votes for the usual spot,The foodie focused strictly on value and portion sizes,The one who leaves the choice entirely to the group,Food
427,Food & Dining Out,"When picking a restaurant with friends, what role do you take (Looking Back)?",The one who already has three vetted menus ready,The indecisive 'anything is fine' voter,The explorer who insists on trying new street food,The creature of habit who votes for the usual spot,The foodie focused strictly on value and portion sizes,The one who leaves the choice entirely to the group,Food
428,Food & Dining Out,"When picking a restaurant with friends, what role do you take (Looking Ahead)?",The one who already has three vetted menus ready,The indecisive 'anything is fine' voter,The explorer who insists on trying new street food,The creature of habit who votes for the usual spot,The foodie focused strictly on value and portion sizes,The one who leaves the choice entirely to the group,Food
429,Food & Dining Out,"When picking a restaurant with friends, what role do you take (Raw Instinct)?",The one who already has three vetted menus ready,The indecisive 'anything is fine' voter,The explorer who insists on trying new street food,The creature of habit who votes for the usual spot,The foodie focused strictly on value and portion sizes,The one who leaves the choice entirely to the group,Food
430,Food & Dining Out,"When picking a restaurant with friends, what role do you take (Calculated)?",The one who already has three vetted menus ready,The indecisive 'anything is fine' voter,The explorer who insists on trying new street food,The creature of habit who votes for the usual spot,The foodie focused strictly on value and portion sizes,The one who leaves the choice entirely to the group,Food
431,Food & Dining Out,"When picking a restaurant with friends, what role do you take (Deep Focus)?",The one who already has three vetted menus ready,The indecisive 'anything is fine' voter,The explorer who insists on trying new street food,The creature of habit who votes for the usual spot,The foodie focused strictly on value and portion sizes,The one who leaves the choice entirely to the group,Food
432,Food & Dining Out,"When picking a restaurant with friends, what role do you take (Late Night)?",The one who already has three vetted menus ready,The indecisive 'anything is fine' voter,The explorer who insists on trying new street food,The creature of habit who votes for the usual spot,The foodie focused strictly on value and portion sizes,The one who leaves the choice entirely to the group,Food
433,Food & Dining Out,"When picking a restaurant with friends, what role do you take (Social Vibe)?",The one who already has three vetted menus ready,The indecisive 'anything is fine' voter,The explorer who insists on trying new street food,The creature of habit who votes for the usual spot,The foodie focused strictly on value and portion sizes,The one who leaves the choice entirely to the group,Food
434,Food & Dining Out,"When picking a restaurant with friends, what role do you take (Solo Mode)?",The one who already has three vetted menus ready,The indecisive 'anything is fine' voter,The explorer who insists on trying new street food,The creature of habit who votes for the usual spot,The foodie focused strictly on value and portion sizes,The one who leaves the choice entirely to the group,Food
435,Food & Dining Out,"When picking a restaurant with friends, what role do you take (Real Talk)?",The one who already has three vetted menus ready,The indecisive 'anything is fine' voter,The explorer who insists on trying new street food,The creature of habit who votes for the usual spot,The foodie focused strictly on value and portion sizes,The one who leaves the choice entirely to the group,Food
436,Food & Dining Out,What is your stance on sharing food at the table (Perspective A)?,Take whatever you want off my plate freely,Ask politely first and trade a piece,Strictly hands off my plate—order your own,Family-style order where everything is shared,Only share fries or side appetizers,Reluctantly share while monitoring portion balance,Food
437,Food & Dining Out,What is your stance on sharing food at the table (Perspective B)?,Take whatever you want off my plate freely,Ask politely first and trade a piece,Strictly hands off my plate—order your own,Family-style order where everything is shared,Only share fries or side appetizers,Reluctantly share while monitoring portion balance,Food
438,Food & Dining Out,What is your stance on sharing food at the table (In High-Stress)?,Take whatever you want off my plate freely,Ask politely first and trade a piece,Strictly hands off my plate—order your own,Family-style order where everything is shared,Only share fries or side appetizers,Reluctantly share while monitoring portion balance,Food
439,Food & Dining Out,What is your stance on sharing food at the table (On Weekends)?,Take whatever you want off my plate freely,Ask politely first and trade a piece,Strictly hands off my plate—order your own,Family-style order where everything is shared,Only share fries or side appetizers,Reluctantly share while monitoring portion balance,Food
440,Food & Dining Out,What is your stance on sharing food at the table (With Strangers)?,Take whatever you want off my plate freely,Ask politely first and trade a piece,Strictly hands off my plate—order your own,Family-style order where everything is shared,Only share fries or side appetizers,Reluctantly share while monitoring portion balance,Food
441,Food & Dining Out,What is your stance on sharing food at the table (With Inner Circle)?,Take whatever you want off my plate freely,Ask politely first and trade a piece,Strictly hands off my plate—order your own,Family-style order where everything is shared,Only share fries or side appetizers,Reluctantly share while monitoring portion balance,Food
442,Food & Dining Out,What is your stance on sharing food at the table (Looking Back)?,Take whatever you want off my plate freely,Ask politely first and trade a piece,Strictly hands off my plate—order your own,Family-style order where everything is shared,Only share fries or side appetizers,Reluctantly share while monitoring portion balance,Food
443,Food & Dining Out,What is your stance on sharing food at the table (Looking Ahead)?,Take whatever you want off my plate freely,Ask politely first and trade a piece,Strictly hands off my plate—order your own,Family-style order where everything is shared,Only share fries or side appetizers,Reluctantly share while monitoring portion balance,Food
444,Food & Dining Out,What is your stance on sharing food at the table (Raw Instinct)?,Take whatever you want off my plate freely,Ask politely first and trade a piece,Strictly hands off my plate—order your own,Family-style order where everything is shared,Only share fries or side appetizers,Reluctantly share while monitoring portion balance,Food
445,Food & Dining Out,What is your stance on sharing food at the table (Calculated)?,Take whatever you want off my plate freely,Ask politely first and trade a piece,Strictly hands off my plate—order your own,Family-style order where everything is shared,Only share fries or side appetizers,Reluctantly share while monitoring portion balance,Food
446,Food & Dining Out,What is your stance on sharing food at the table (Deep Focus)?,Take whatever you want off my plate freely,Ask politely first and trade a piece,Strictly hands off my plate—order your own,Family-style order where everything is shared,Only share fries or side appetizers,Reluctantly share while monitoring portion balance,Food
447,Food & Dining Out,What is your stance on sharing food at the table (Late Night)?,Take whatever you want off my plate freely,Ask politely first and trade a piece,Strictly hands off my plate—order your own,Family-style order where everything is shared,Only share fries or side appetizers,Reluctantly share while monitoring portion balance,Food
448,Food & Dining Out,What is your stance on sharing food at the table (Social Vibe)?,Take whatever you want off my plate freely,Ask politely first and trade a piece,Strictly hands off my plate—order your own,Family-style order where everything is shared,Only share fries or side appetizers,Reluctantly share while monitoring portion balance,Food
449,Food & Dining Out,What is your stance on sharing food at the table (Solo Mode)?,Take whatever you want off my plate freely,Ask politely first and trade a piece,Strictly hands off my plate—order your own,Family-style order where everything is shared,Only share fries or side appetizers,Reluctantly share while monitoring portion balance,Food
450,Food & Dining Out,What is your stance on sharing food at the table (Real Talk)?,Take whatever you want off my plate freely,Ask politely first and trade a piece,Strictly hands off my plate—order your own,Family-style order where everything is shared,Only share fries or side appetizers,Reluctantly share while monitoring portion balance,Food
451,Food & Dining Out,What is your ultimate late-night comfort snack (Perspective A)?,Air-fried finger food or mozzarella sticks,Freshly cooked pasta with savory sauce,Sweet baked treats or chocolate bars,Savory instant noodles with extra seasonings,Leftovers reheated from the fridge,Fresh fruit slices or cold watermelon,Food
452,Food & Dining Out,What is your ultimate late-night comfort snack (Perspective B)?,Air-fried finger food or mozzarella sticks,Freshly cooked pasta with savory sauce,Sweet baked treats or chocolate bars,Savory instant noodles with extra seasonings,Leftovers reheated from the fridge,Fresh fruit slices or cold watermelon,Food
453,Food & Dining Out,What is your ultimate late-night comfort snack (In High-Stress)?,Air-fried finger food or mozzarella sticks,Freshly cooked pasta with savory sauce,Sweet baked treats or chocolate bars,Savory instant noodles with extra seasonings,Leftovers reheated from the fridge,Fresh fruit slices or cold watermelon,Food
454,Food & Dining Out,What is your ultimate late-night comfort snack (On Weekends)?,Air-fried finger food or mozzarella sticks,Freshly cooked pasta with savory sauce,Sweet baked treats or chocolate bars,Savory instant noodles with extra seasonings,Leftovers reheated from the fridge,Fresh fruit slices or cold watermelon,Food
455,Food & Dining Out,What is your ultimate late-night comfort snack (With Strangers)?,Air-fried finger food or mozzarella sticks,Freshly cooked pasta with savory sauce,Sweet baked treats or chocolate bars,Savory instant noodles with extra seasonings,Leftovers reheated from the fridge,Fresh fruit slices or cold watermelon,Food
456,Food & Dining Out,What is your ultimate late-night comfort snack (With Inner Circle)?,Air-fried finger food or mozzarella sticks,Freshly cooked pasta with savory sauce,Sweet baked treats or chocolate bars,Savory instant noodles with extra seasonings,Leftovers reheated from the fridge,Fresh fruit slices or cold watermelon,Food
457,Food & Dining Out,What is your ultimate late-night comfort snack (Looking Back)?,Air-fried finger food or mozzarella sticks,Freshly cooked pasta with savory sauce,Sweet baked treats or chocolate bars,Savory instant noodles with extra seasonings,Leftovers reheated from the fridge,Fresh fruit slices or cold watermelon,Food
458,Food & Dining Out,What is your ultimate late-night comfort snack (Looking Ahead)?,Air-fried finger food or mozzarella sticks,Freshly cooked pasta with savory sauce,Sweet baked treats or chocolate bars,Savory instant noodles with extra seasonings,Leftovers reheated from the fridge,Fresh fruit slices or cold watermelon,Food
459,Food & Dining Out,What is your ultimate late-night comfort snack (Raw Instinct)?,Air-fried finger food or mozzarella sticks,Freshly cooked pasta with savory sauce,Sweet baked treats or chocolate bars,Savory instant noodles with extra seasonings,Leftovers reheated from the fridge,Fresh fruit slices or cold watermelon,Food
460,Food & Dining Out,What is your ultimate late-night comfort snack (Calculated)?,Air-fried finger food or mozzarella sticks,Freshly cooked pasta with savory sauce,Sweet baked treats or chocolate bars,Savory instant noodles with extra seasonings,Leftovers reheated from the fridge,Fresh fruit slices or cold watermelon,Food
461,Food & Dining Out,What is your ultimate late-night comfort snack (Deep Focus)?,Air-fried finger food or mozzarella sticks,Freshly cooked pasta with savory sauce,Sweet baked treats or chocolate bars,Savory instant noodles with extra seasonings,Leftovers reheated from the fridge,Fresh fruit slices or cold watermelon,Food
462,Food & Dining Out,What is your ultimate late-night comfort snack (Late Night)?,Air-fried finger food or mozzarella sticks,Freshly cooked pasta with savory sauce,Sweet baked treats or chocolate bars,Savory instant noodles with extra seasonings,Leftovers reheated from the fridge,Fresh fruit slices or cold watermelon,Food
463,Food & Dining Out,What is your ultimate late-night comfort snack (Social Vibe)?,Air-fried finger food or mozzarella sticks,Freshly cooked pasta with savory sauce,Sweet baked treats or chocolate bars,Savory instant noodles with extra seasonings,Leftovers reheated from the fridge,Fresh fruit slices or cold watermelon,Food
464,Food & Dining Out,What is your ultimate late-night comfort snack (Solo Mode)?,Air-fried finger food or mozzarella sticks,Freshly cooked pasta with savory sauce,Sweet baked treats or chocolate bars,Savory instant noodles with extra seasonings,Leftovers reheated from the fridge,Fresh fruit slices or cold watermelon,Food
465,Food & Dining Out,What is your ultimate late-night comfort snack (Real Talk)?,Air-fried finger food or mozzarella sticks,Freshly cooked pasta with savory sauce,Sweet baked treats or chocolate bars,Savory instant noodles with extra seasonings,Leftovers reheated from the fridge,Fresh fruit slices or cold watermelon,Food
466,Food & Dining Out,How adventurous are you with bizarre menu items (Perspective A)?,Order the weirdest item on the menu instantly,Stick to safe options with a proven track record,Try one bite if someone else orders it,Only venture out if the ingredients are familiar,Research online reviews before ordering anything new,Strictly order my one favorite dish everywhere,Food
467,Food & Dining Out,How adventurous are you with bizarre menu items (Perspective B)?,Order the weirdest item on the menu instantly,Stick to safe options with a proven track record,Try one bite if someone else orders it,Only venture out if the ingredients are familiar,Research online reviews before ordering anything new,Strictly order my one favorite dish everywhere,Food
468,Food & Dining Out,How adventurous are you with bizarre menu items (In High-Stress)?,Order the weirdest item on the menu instantly,Stick to safe options with a proven track record,Try one bite if someone else orders it,Only venture out if the ingredients are familiar,Research online reviews before ordering anything new,Strictly order my one favorite dish everywhere,Food
469,Food & Dining Out,How adventurous are you with bizarre menu items (On Weekends)?,Order the weirdest item on the menu instantly,Stick to safe options with a proven track record,Try one bite if someone else orders it,Only venture out if the ingredients are familiar,Research online reviews before ordering anything new,Strictly order my one favorite dish everywhere,Food
470,Food & Dining Out,How adventurous are you with bizarre menu items (With Strangers)?,Order the weirdest item on the menu instantly,Stick to safe options with a proven track record,Try one bite if someone else orders it,Only venture out if the ingredients are familiar,Research online reviews before ordering anything new,Strictly order my one favorite dish everywhere,Food
471,Food & Dining Out,How adventurous are you with bizarre menu items (With Inner Circle)?,Order the weirdest item on the menu instantly,Stick to safe options with a proven track record,Try one bite if someone else orders it,Only venture out if the ingredients are familiar,Research online reviews before ordering anything new,Strictly order my one favorite dish everywhere,Food
472,Food & Dining Out,How adventurous are you with bizarre menu items (Looking Back)?,Order the weirdest item on the menu instantly,Stick to safe options with a proven track record,Try one bite if someone else orders it,Only venture out if the ingredients are familiar,Research online reviews before ordering anything new,Strictly order my one favorite dish everywhere,Food
473,Food & Dining Out,How adventurous are you with bizarre menu items (Looking Ahead)?,Order the weirdest item on the menu instantly,Stick to safe options with a proven track record,Try one bite if someone else orders it,Only venture out if the ingredients are familiar,Research online reviews before ordering anything new,Strictly order my one favorite dish everywhere,Food
474,Food & Dining Out,How adventurous are you with bizarre menu items (Raw Instinct)?,Order the weirdest item on the menu instantly,Stick to safe options with a proven track record,Try one bite if someone else orders it,Only venture out if the ingredients are familiar,Research online reviews before ordering anything new,Strictly order my one favorite dish everywhere,Food
475,Food & Dining Out,How adventurous are you with bizarre menu items (Calculated)?,Order the weirdest item on the menu instantly,Stick to safe options with a proven track record,Try one bite if someone else orders it,Only venture out if the ingredients are familiar,Research online reviews before ordering anything new,Strictly order my one favorite dish everywhere,Food
476,Food & Dining Out,How adventurous are you with bizarre menu items (Deep Focus)?,Order the weirdest item on the menu instantly,Stick to safe options with a proven track record,Try one bite if someone else orders it,Only venture out if the ingredients are familiar,Research online reviews before ordering anything new,Strictly order my one favorite dish everywhere,Food
477,Food & Dining Out,How adventurous are you with bizarre menu items (Late Night)?,Order the weirdest item on the menu instantly,Stick to safe options with a proven track record,Try one bite if someone else orders it,Only venture out if the ingredients are familiar,Research online reviews before ordering anything new,Strictly order my one favorite dish everywhere,Food
478,Food & Dining Out,How adventurous are you with bizarre menu items (Social Vibe)?,Order the weirdest item on the menu instantly,Stick to safe options with a proven track record,Try one bite if someone else orders it,Only venture out if the ingredients are familiar,Research online reviews before ordering anything new,Strictly order my one favorite dish everywhere,Food
479,Food & Dining Out,How adventurous are you with bizarre menu items (Solo Mode)?,Order the weirdest item on the menu instantly,Stick to safe options with a proven track record,Try one bite if someone else orders it,Only venture out if the ingredients are familiar,Research online reviews before ordering anything new,Strictly order my one favorite dish everywhere,Food
480,Food & Dining Out,How adventurous are you with bizarre menu items (Real Talk)?,Order the weirdest item on the menu instantly,Stick to safe options with a proven track record,Try one bite if someone else orders it,Only venture out if the ingredients are familiar,Research online reviews before ordering anything new,Strictly order my one favorite dish everywhere,Food
481,Food & Dining Out,What drink always accompanies your meal (Perspective A)?,Ice-cold water with lemon,Carbonated mineral water,Zero-sugar soda or craft cola,Iced tea or fruit lemonade,Cold draft beverage or cider,Warm tea or black coffee,Food
482,Food & Dining Out,What drink always accompanies your meal (Perspective B)?,Ice-cold water with lemon,Carbonated mineral water,Zero-sugar soda or craft cola,Iced tea or fruit lemonade,Cold draft beverage or cider,Warm tea or black coffee,Food
483,Food & Dining Out,What drink always accompanies your meal (In High-Stress)?,Ice-cold water with lemon,Carbonated mineral water,Zero-sugar soda or craft cola,Iced tea or fruit lemonade,Cold draft beverage or cider,Warm tea or black coffee,Food
484,Food & Dining Out,What drink always accompanies your meal (On Weekends)?,Ice-cold water with lemon,Carbonated mineral water,Zero-sugar soda or craft cola,Iced tea or fruit lemonade,Cold draft beverage or cider,Warm tea or black coffee,Food
485,Food & Dining Out,What drink always accompanies your meal (With Strangers)?,Ice-cold water with lemon,Carbonated mineral water,Zero-sugar soda or craft cola,Iced tea or fruit lemonade,Cold draft beverage or cider,Warm tea or black coffee,Food
486,Food & Dining Out,What drink always accompanies your meal (With Inner Circle)?,Ice-cold water with lemon,Carbonated mineral water,Zero-sugar soda or craft cola,Iced tea or fruit lemonade,Cold draft beverage or cider,Warm tea or black coffee,Food
487,Food & Dining Out,What drink always accompanies your meal (Looking Back)?,Ice-cold water with lemon,Carbonated mineral water,Zero-sugar soda or craft cola,Iced tea or fruit lemonade,Cold draft beverage or cider,Warm tea or black coffee,Food
488,Food & Dining Out,What drink always accompanies your meal (Looking Ahead)?,Ice-cold water with lemon,Carbonated mineral water,Zero-sugar soda or craft cola,Iced tea or fruit lemonade,Cold draft beverage or cider,Warm tea or black coffee,Food
489,Food & Dining Out,What drink always accompanies your meal (Raw Instinct)?,Ice-cold water with lemon,Carbonated mineral water,Zero-sugar soda or craft cola,Iced tea or fruit lemonade,Cold draft beverage or cider,Warm tea or black coffee,Food
490,Food & Dining Out,What drink always accompanies your meal (Calculated)?,Ice-cold water with lemon,Carbonated mineral water,Zero-sugar soda or craft cola,Iced tea or fruit lemonade,Cold draft beverage or cider,Warm tea or black coffee,Food
491,Food & Dining Out,What drink always accompanies your meal (Deep Focus)?,Ice-cold water with lemon,Carbonated mineral water,Zero-sugar soda or craft cola,Iced tea or fruit lemonade,Cold draft beverage or cider,Warm tea or black coffee,Food
492,Food & Dining Out,What drink always accompanies your meal (Late Night)?,Ice-cold water with lemon,Carbonated mineral water,Zero-sugar soda or craft cola,Iced tea or fruit lemonade,Cold draft beverage or cider,Warm tea or black coffee,Food
493,Food & Dining Out,What drink always accompanies your meal (Social Vibe)?,Ice-cold water with lemon,Carbonated mineral water,Zero-sugar soda or craft cola,Iced tea or fruit lemonade,Cold draft beverage or cider,Warm tea or black coffee,Food
494,Food & Dining Out,What drink always accompanies your meal (Solo Mode)?,Ice-cold water with lemon,Carbonated mineral water,Zero-sugar soda or craft cola,Iced tea or fruit lemonade,Cold draft beverage or cider,Warm tea or black coffee,Food
495,Food & Dining Out,What drink always accompanies your meal (Real Talk)?,Ice-cold water with lemon,Carbonated mineral water,Zero-sugar soda or craft cola,Iced tea or fruit lemonade,Cold draft beverage or cider,Warm tea or black coffee,Food
496,Food & Dining Out,How do you handle cooking at home (Perspective A)?,"Quick, efficient air-fryer or pan-seared staples",Elaborate multi-pot experiments with spices,Meal prep identical containers for the week,Whatever can be thrown together in under ten minutes,Cooking is a social vibe with music playing,Avoid cooking completely via takeout,Food
497,Food & Dining Out,How do you handle cooking at home (Perspective B)?,"Quick, efficient air-fryer or pan-seared staples",Elaborate multi-pot experiments with spices,Meal prep identical containers for the week,Whatever can be thrown together in under ten minutes,Cooking is a social vibe with music playing,Avoid cooking completely via takeout,Food
498,Food & Dining Out,How do you handle cooking at home (In High-Stress)?,"Quick, efficient air-fryer or pan-seared staples",Elaborate multi-pot experiments with spices,Meal prep identical containers for the week,Whatever can be thrown together in under ten minutes,Cooking is a social vibe with music playing,Avoid cooking completely via takeout,Food
499,Food & Dining Out,How do you handle cooking at home (On Weekends)?,"Quick, efficient air-fryer or pan-seared staples",Elaborate multi-pot experiments with spices,Meal prep identical containers for the week,Whatever can be thrown together in under ten minutes,Cooking is a social vibe with music playing,Avoid cooking completely via takeout,Food
500,Food & Dining Out,How do you handle cooking at home (With Strangers)?,"Quick, efficient air-fryer or pan-seared staples",Elaborate multi-pot experiments with spices,Meal prep identical containers for the week,Whatever can be thrown together in under ten minutes,Cooking is a social vibe with music playing,Avoid cooking completely via takeout,Food
501,Food & Dining Out,How do you handle cooking at home (With Inner Circle)?,"Quick, efficient air-fryer or pan-seared staples",Elaborate multi-pot experiments with spices,Meal prep identical containers for the week,Whatever can be thrown together in under ten minutes,Cooking is a social vibe with music playing,Avoid cooking completely via takeout,Food
502,Food & Dining Out,How do you handle cooking at home (Looking Back)?,"Quick, efficient air-fryer or pan-seared staples",Elaborate multi-pot experiments with spices,Meal prep identical containers for the week,Whatever can be thrown together in under ten minutes,Cooking is a social vibe with music playing,Avoid cooking completely via takeout,Food
503,Food & Dining Out,How do you handle cooking at home (Looking Ahead)?,"Quick, efficient air-fryer or pan-seared staples",Elaborate multi-pot experiments with spices,Meal prep identical containers for the week,Whatever can be thrown together in under ten minutes,Cooking is a social vibe with music playing,Avoid cooking completely via takeout,Food
504,Food & Dining Out,How do you handle cooking at home (Raw Instinct)?,"Quick, efficient air-fryer or pan-seared staples",Elaborate multi-pot experiments with spices,Meal prep identical containers for the week,Whatever can be thrown together in under ten minutes,Cooking is a social vibe with music playing,Avoid cooking completely via takeout,Food
505,Food & Dining Out,How do you handle cooking at home (Calculated)?,"Quick, efficient air-fryer or pan-seared staples",Elaborate multi-pot experiments with spices,Meal prep identical containers for the week,Whatever can be thrown together in under ten minutes,Cooking is a social vibe with music playing,Avoid cooking completely via takeout,Food
506,Food & Dining Out,How do you handle cooking at home (Deep Focus)?,"Quick, efficient air-fryer or pan-seared staples",Elaborate multi-pot experiments with spices,Meal prep identical containers for the week,Whatever can be thrown together in under ten minutes,Cooking is a social vibe with music playing,Avoid cooking completely via takeout,Food
507,Food & Dining Out,How do you handle cooking at home (Late Night)?,"Quick, efficient air-fryer or pan-seared staples",Elaborate multi-pot experiments with spices,Meal prep identical containers for the week,Whatever can be thrown together in under ten minutes,Cooking is a social vibe with music playing,Avoid cooking completely via takeout,Food
508,Food & Dining Out,How do you handle cooking at home (Social Vibe)?,"Quick, efficient air-fryer or pan-seared staples",Elaborate multi-pot experiments with spices,Meal prep identical containers for the week,Whatever can be thrown together in under ten minutes,Cooking is a social vibe with music playing,Avoid cooking completely via takeout,Food
509,Food & Dining Out,How do you handle cooking at home (Solo Mode)?,"Quick, efficient air-fryer or pan-seared staples",Elaborate multi-pot experiments with spices,Meal prep identical containers for the week,Whatever can be thrown together in under ten minutes,Cooking is a social vibe with music playing,Avoid cooking completely via takeout,Food
510,Food & Dining Out,How do you handle cooking at home (Real Talk)?,"Quick, efficient air-fryer or pan-seared staples",Elaborate multi-pot experiments with spices,Meal prep identical containers for the week,Whatever can be thrown together in under ten minutes,Cooking is a social vibe with music playing,Avoid cooking completely via takeout,Food
511,Food & Dining Out,What is your pet peeve when eating out (Perspective A)?,Slow service when the venue is empty,Dishes that arrive at completely different times,"Loud, disruptive tables nearby",Overpriced tiny portion sizes,Uncomfortable seating or sticky tables,Hidden service fees on the final bill,Food
512,Food & Dining Out,What is your pet peeve when eating out (Perspective B)?,Slow service when the venue is empty,Dishes that arrive at completely different times,"Loud, disruptive tables nearby",Overpriced tiny portion sizes,Uncomfortable seating or sticky tables,Hidden service fees on the final bill,Food
513,Food & Dining Out,What is your pet peeve when eating out (In High-Stress)?,Slow service when the venue is empty,Dishes that arrive at completely different times,"Loud, disruptive tables nearby",Overpriced tiny portion sizes,Uncomfortable seating or sticky tables,Hidden service fees on the final bill,Food
514,Food & Dining Out,What is your pet peeve when eating out (On Weekends)?,Slow service when the venue is empty,Dishes that arrive at completely different times,"Loud, disruptive tables nearby",Overpriced tiny portion sizes,Uncomfortable seating or sticky tables,Hidden service fees on the final bill,Food
515,Food & Dining Out,What is your pet peeve when eating out (With Strangers)?,Slow service when the venue is empty,Dishes that arrive at completely different times,"Loud, disruptive tables nearby",Overpriced tiny portion sizes,Uncomfortable seating or sticky tables,Hidden service fees on the final bill,Food
516,Food & Dining Out,What is your pet peeve when eating out (With Inner Circle)?,Slow service when the venue is empty,Dishes that arrive at completely different times,"Loud, disruptive tables nearby",Overpriced tiny portion sizes,Uncomfortable seating or sticky tables,Hidden service fees on the final bill,Food
517,Food & Dining Out,What is your pet peeve when eating out (Looking Back)?,Slow service when the venue is empty,Dishes that arrive at completely different times,"Loud, disruptive tables nearby",Overpriced tiny portion sizes,Uncomfortable seating or sticky tables,Hidden service fees on the final bill,Food
518,Food & Dining Out,What is your pet peeve when eating out (Looking Ahead)?,Slow service when the venue is empty,Dishes that arrive at completely different times,"Loud, disruptive tables nearby",Overpriced tiny portion sizes,Uncomfortable seating or sticky tables,Hidden service fees on the final bill,Food
519,Food & Dining Out,What is your pet peeve when eating out (Raw Instinct)?,Slow service when the venue is empty,Dishes that arrive at completely different times,"Loud, disruptive tables nearby",Overpriced tiny portion sizes,Uncomfortable seating or sticky tables,Hidden service fees on the final bill,Food
520,Food & Dining Out,What is your pet peeve when eating out (Calculated)?,Slow service when the venue is empty,Dishes that arrive at completely different times,"Loud, disruptive tables nearby",Overpriced tiny portion sizes,Uncomfortable seating or sticky tables,Hidden service fees on the final bill,Food
521,Food & Dining Out,What is your pet peeve when eating out (Deep Focus)?,Slow service when the venue is empty,Dishes that arrive at completely different times,"Loud, disruptive tables nearby",Overpriced tiny portion sizes,Uncomfortable seating or sticky tables,Hidden service fees on the final bill,Food
522,Food & Dining Out,What is your pet peeve when eating out (Late Night)?,Slow service when the venue is empty,Dishes that arrive at completely different times,"Loud, disruptive tables nearby",Overpriced tiny portion sizes,Uncomfortable seating or sticky tables,Hidden service fees on the final bill,Food
523,Food & Dining Out,What is your pet peeve when eating out (Social Vibe)?,Slow service when the venue is empty,Dishes that arrive at completely different times,"Loud, disruptive tables nearby",Overpriced tiny portion sizes,Uncomfortable seating or sticky tables,Hidden service fees on the final bill,Food
524,Food & Dining Out,What is your pet peeve when eating out (Solo Mode)?,Slow service when the venue is empty,Dishes that arrive at completely different times,"Loud, disruptive tables nearby",Overpriced tiny portion sizes,Uncomfortable seating or sticky tables,Hidden service fees on the final bill,Food
525,Food & Dining Out,What is your pet peeve when eating out (Real Talk)?,Slow service when the venue is empty,Dishes that arrive at completely different times,"Loud, disruptive tables nearby",Overpriced tiny portion sizes,Uncomfortable seating or sticky tables,Hidden service fees on the final bill,Food
526,Entertainment & Pop Culture,How do you listen to your favorite music tracks (Perspective A)?,High-bitrate headphones in focused solitude,Blasting through speakers or car audio with bass,Low-volume background accompaniment while coding,On repeat for three days straight until burnt out,Carefully curated genre and mood playlists,"Shuffle mode across one chaotic 2,000-song library",Entertainment
527,Entertainment & Pop Culture,How do you listen to your favorite music tracks (Perspective B)?,High-bitrate headphones in focused solitude,Blasting through speakers or car audio with bass,Low-volume background accompaniment while coding,On repeat for three days straight until burnt out,Carefully curated genre and mood playlists,"Shuffle mode across one chaotic 2,000-song library",Entertainment
528,Entertainment & Pop Culture,How do you listen to your favorite music tracks (In High-Stress)?,High-bitrate headphones in focused solitude,Blasting through speakers or car audio with bass,Low-volume background accompaniment while coding,On repeat for three days straight until burnt out,Carefully curated genre and mood playlists,"Shuffle mode across one chaotic 2,000-song library",Entertainment
529,Entertainment & Pop Culture,How do you listen to your favorite music tracks (On Weekends)?,High-bitrate headphones in focused solitude,Blasting through speakers or car audio with bass,Low-volume background accompaniment while coding,On repeat for three days straight until burnt out,Carefully curated genre and mood playlists,"Shuffle mode across one chaotic 2,000-song library",Entertainment
530,Entertainment & Pop Culture,How do you listen to your favorite music tracks (With Strangers)?,High-bitrate headphones in focused solitude,Blasting through speakers or car audio with bass,Low-volume background accompaniment while coding,On repeat for three days straight until burnt out,Carefully curated genre and mood playlists,"Shuffle mode across one chaotic 2,000-song library",Entertainment
531,Entertainment & Pop Culture,How do you listen to your favorite music tracks (With Inner Circle)?,High-bitrate headphones in focused solitude,Blasting through speakers or car audio with bass,Low-volume background accompaniment while coding,On repeat for three days straight until burnt out,Carefully curated genre and mood playlists,"Shuffle mode across one chaotic 2,000-song library",Entertainment
532,Entertainment & Pop Culture,How do you listen to your favorite music tracks (Looking Back)?,High-bitrate headphones in focused solitude,Blasting through speakers or car audio with bass,Low-volume background accompaniment while coding,On repeat for three days straight until burnt out,Carefully curated genre and mood playlists,"Shuffle mode across one chaotic 2,000-song library",Entertainment
533,Entertainment & Pop Culture,How do you listen to your favorite music tracks (Looking Ahead)?,High-bitrate headphones in focused solitude,Blasting through speakers or car audio with bass,Low-volume background accompaniment while coding,On repeat for three days straight until burnt out,Carefully curated genre and mood playlists,"Shuffle mode across one chaotic 2,000-song library",Entertainment
534,Entertainment & Pop Culture,How do you listen to your favorite music tracks (Raw Instinct)?,High-bitrate headphones in focused solitude,Blasting through speakers or car audio with bass,Low-volume background accompaniment while coding,On repeat for three days straight until burnt out,Carefully curated genre and mood playlists,"Shuffle mode across one chaotic 2,000-song library",Entertainment
535,Entertainment & Pop Culture,How do you listen to your favorite music tracks (Calculated)?,High-bitrate headphones in focused solitude,Blasting through speakers or car audio with bass,Low-volume background accompaniment while coding,On repeat for three days straight until burnt out,Carefully curated genre and mood playlists,"Shuffle mode across one chaotic 2,000-song library",Entertainment
536,Entertainment & Pop Culture,How do you listen to your favorite music tracks (Deep Focus)?,High-bitrate headphones in focused solitude,Blasting through speakers or car audio with bass,Low-volume background accompaniment while coding,On repeat for three days straight until burnt out,Carefully curated genre and mood playlists,"Shuffle mode across one chaotic 2,000-song library",Entertainment
537,Entertainment & Pop Culture,How do you listen to your favorite music tracks (Late Night)?,High-bitrate headphones in focused solitude,Blasting through speakers or car audio with bass,Low-volume background accompaniment while coding,On repeat for three days straight until burnt out,Carefully curated genre and mood playlists,"Shuffle mode across one chaotic 2,000-song library",Entertainment
538,Entertainment & Pop Culture,How do you listen to your favorite music tracks (Social Vibe)?,High-bitrate headphones in focused solitude,Blasting through speakers or car audio with bass,Low-volume background accompaniment while coding,On repeat for three days straight until burnt out,Carefully curated genre and mood playlists,"Shuffle mode across one chaotic 2,000-song library",Entertainment
539,Entertainment & Pop Culture,How do you listen to your favorite music tracks (Solo Mode)?,High-bitrate headphones in focused solitude,Blasting through speakers or car audio with bass,Low-volume background accompaniment while coding,On repeat for three days straight until burnt out,Carefully curated genre and mood playlists,"Shuffle mode across one chaotic 2,000-song library",Entertainment
540,Entertainment & Pop Culture,How do you listen to your favorite music tracks (Real Talk)?,High-bitrate headphones in focused solitude,Blasting through speakers or car audio with bass,Low-volume background accompaniment while coding,On repeat for three days straight until burnt out,Carefully curated genre and mood playlists,"Shuffle mode across one chaotic 2,000-song library",Entertainment
541,Entertainment & Pop Culture,What movie or show genre pulls you in without fail (Perspective A)?,Psychological thrillers and plot twists,Gripping anime series with heavy emotion,High-octane sci-fi or cyberpunk aesthetics,Dumb laugh-out-loud comedies,Gritty crime dramas or investigative docs,Cozy nostalgic animated features,Entertainment
542,Entertainment & Pop Culture,What movie or show genre pulls you in without fail (Perspective B)?,Psychological thrillers and plot twists,Gripping anime series with heavy emotion,High-octane sci-fi or cyberpunk aesthetics,Dumb laugh-out-loud comedies,Gritty crime dramas or investigative docs,Cozy nostalgic animated features,Entertainment
543,Entertainment & Pop Culture,What movie or show genre pulls you in without fail (In High-Stress)?,Psychological thrillers and plot twists,Gripping anime series with heavy emotion,High-octane sci-fi or cyberpunk aesthetics,Dumb laugh-out-loud comedies,Gritty crime dramas or investigative docs,Cozy nostalgic animated features,Entertainment
544,Entertainment & Pop Culture,What movie or show genre pulls you in without fail (On Weekends)?,Psychological thrillers and plot twists,Gripping anime series with heavy emotion,High-octane sci-fi or cyberpunk aesthetics,Dumb laugh-out-loud comedies,Gritty crime dramas or investigative docs,Cozy nostalgic animated features,Entertainment
545,Entertainment & Pop Culture,What movie or show genre pulls you in without fail (With Strangers)?,Psychological thrillers and plot twists,Gripping anime series with heavy emotion,High-octane sci-fi or cyberpunk aesthetics,Dumb laugh-out-loud comedies,Gritty crime dramas or investigative docs,Cozy nostalgic animated features,Entertainment
546,Entertainment & Pop Culture,What movie or show genre pulls you in without fail (With Inner Circle)?,Psychological thrillers and plot twists,Gripping anime series with heavy emotion,High-octane sci-fi or cyberpunk aesthetics,Dumb laugh-out-loud comedies,Gritty crime dramas or investigative docs,Cozy nostalgic animated features,Entertainment
547,Entertainment & Pop Culture,What movie or show genre pulls you in without fail (Looking Back)?,Psychological thrillers and plot twists,Gripping anime series with heavy emotion,High-octane sci-fi or cyberpunk aesthetics,Dumb laugh-out-loud comedies,Gritty crime dramas or investigative docs,Cozy nostalgic animated features,Entertainment
548,Entertainment & Pop Culture,What movie or show genre pulls you in without fail (Looking Ahead)?,Psychological thrillers and plot twists,Gripping anime series with heavy emotion,High-octane sci-fi or cyberpunk aesthetics,Dumb laugh-out-loud comedies,Gritty crime dramas or investigative docs,Cozy nostalgic animated features,Entertainment
549,Entertainment & Pop Culture,What movie or show genre pulls you in without fail (Raw Instinct)?,Psychological thrillers and plot twists,Gripping anime series with heavy emotion,High-octane sci-fi or cyberpunk aesthetics,Dumb laugh-out-loud comedies,Gritty crime dramas or investigative docs,Cozy nostalgic animated features,Entertainment
550,Entertainment & Pop Culture,What movie or show genre pulls you in without fail (Calculated)?,Psychological thrillers and plot twists,Gripping anime series with heavy emotion,High-octane sci-fi or cyberpunk aesthetics,Dumb laugh-out-loud comedies,Gritty crime dramas or investigative docs,Cozy nostalgic animated features,Entertainment
551,Entertainment & Pop Culture,What movie or show genre pulls you in without fail (Deep Focus)?,Psychological thrillers and plot twists,Gripping anime series with heavy emotion,High-octane sci-fi or cyberpunk aesthetics,Dumb laugh-out-loud comedies,Gritty crime dramas or investigative docs,Cozy nostalgic animated features,Entertainment
552,Entertainment & Pop Culture,What movie or show genre pulls you in without fail (Late Night)?,Psychological thrillers and plot twists,Gripping anime series with heavy emotion,High-octane sci-fi or cyberpunk aesthetics,Dumb laugh-out-loud comedies,Gritty crime dramas or investigative docs,Cozy nostalgic animated features,Entertainment
553,Entertainment & Pop Culture,What movie or show genre pulls you in without fail (Social Vibe)?,Psychological thrillers and plot twists,Gripping anime series with heavy emotion,High-octane sci-fi or cyberpunk aesthetics,Dumb laugh-out-loud comedies,Gritty crime dramas or investigative docs,Cozy nostalgic animated features,Entertainment
554,Entertainment & Pop Culture,What movie or show genre pulls you in without fail (Solo Mode)?,Psychological thrillers and plot twists,Gripping anime series with heavy emotion,High-octane sci-fi or cyberpunk aesthetics,Dumb laugh-out-loud comedies,Gritty crime dramas or investigative docs,Cozy nostalgic animated features,Entertainment
555,Entertainment & Pop Culture,What movie or show genre pulls you in without fail (Real Talk)?,Psychological thrillers and plot twists,Gripping anime series with heavy emotion,High-octane sci-fi or cyberpunk aesthetics,Dumb laugh-out-loud comedies,Gritty crime dramas or investigative docs,Cozy nostalgic animated features,Entertainment
556,Entertainment & Pop Culture,What is your gaming setup or preference (Perspective A)?,Competitive PC gaming with high refresh rate,Cozy sandbox games like modded Minecraft,Story-driven single-player cinematic adventures,Casual multiplayer sessions with friends on Discord,Mobile games to kill time on transit,"Don't really play games, prefer videos or music",Entertainment
557,Entertainment & Pop Culture,What is your gaming setup or preference (Perspective B)?,Competitive PC gaming with high refresh rate,Cozy sandbox games like modded Minecraft,Story-driven single-player cinematic adventures,Casual multiplayer sessions with friends on Discord,Mobile games to kill time on transit,"Don't really play games, prefer videos or music",Entertainment
558,Entertainment & Pop Culture,What is your gaming setup or preference (In High-Stress)?,Competitive PC gaming with high refresh rate,Cozy sandbox games like modded Minecraft,Story-driven single-player cinematic adventures,Casual multiplayer sessions with friends on Discord,Mobile games to kill time on transit,"Don't really play games, prefer videos or music",Entertainment
559,Entertainment & Pop Culture,What is your gaming setup or preference (On Weekends)?,Competitive PC gaming with high refresh rate,Cozy sandbox games like modded Minecraft,Story-driven single-player cinematic adventures,Casual multiplayer sessions with friends on Discord,Mobile games to kill time on transit,"Don't really play games, prefer videos or music",Entertainment
560,Entertainment & Pop Culture,What is your gaming setup or preference (With Strangers)?,Competitive PC gaming with high refresh rate,Cozy sandbox games like modded Minecraft,Story-driven single-player cinematic adventures,Casual multiplayer sessions with friends on Discord,Mobile games to kill time on transit,"Don't really play games, prefer videos or music",Entertainment
561,Entertainment & Pop Culture,What is your gaming setup or preference (With Inner Circle)?,Competitive PC gaming with high refresh rate,Cozy sandbox games like modded Minecraft,Story-driven single-player cinematic adventures,Casual multiplayer sessions with friends on Discord,Mobile games to kill time on transit,"Don't really play games, prefer videos or music",Entertainment
562,Entertainment & Pop Culture,What is your gaming setup or preference (Looking Back)?,Competitive PC gaming with high refresh rate,Cozy sandbox games like modded Minecraft,Story-driven single-player cinematic adventures,Casual multiplayer sessions with friends on Discord,Mobile games to kill time on transit,"Don't really play games, prefer videos or music",Entertainment
563,Entertainment & Pop Culture,What is your gaming setup or preference (Looking Ahead)?,Competitive PC gaming with high refresh rate,Cozy sandbox games like modded Minecraft,Story-driven single-player cinematic adventures,Casual multiplayer sessions with friends on Discord,Mobile games to kill time on transit,"Don't really play games, prefer videos or music",Entertainment
564,Entertainment & Pop Culture,What is your gaming setup or preference (Raw Instinct)?,Competitive PC gaming with high refresh rate,Cozy sandbox games like modded Minecraft,Story-driven single-player cinematic adventures,Casual multiplayer sessions with friends on Discord,Mobile games to kill time on transit,"Don't really play games, prefer videos or music",Entertainment
565,Entertainment & Pop Culture,What is your gaming setup or preference (Calculated)?,Competitive PC gaming with high refresh rate,Cozy sandbox games like modded Minecraft,Story-driven single-player cinematic adventures,Casual multiplayer sessions with friends on Discord,Mobile games to kill time on transit,"Don't really play games, prefer videos or music",Entertainment
566,Entertainment & Pop Culture,What is your gaming setup or preference (Deep Focus)?,Competitive PC gaming with high refresh rate,Cozy sandbox games like modded Minecraft,Story-driven single-player cinematic adventures,Casual multiplayer sessions with friends on Discord,Mobile games to kill time on transit,"Don't really play games, prefer videos or music",Entertainment
567,Entertainment & Pop Culture,What is your gaming setup or preference (Late Night)?,Competitive PC gaming with high refresh rate,Cozy sandbox games like modded Minecraft,Story-driven single-player cinematic adventures,Casual multiplayer sessions with friends on Discord,Mobile games to kill time on transit,"Don't really play games, prefer videos or music",Entertainment
568,Entertainment & Pop Culture,What is your gaming setup or preference (Social Vibe)?,Competitive PC gaming with high refresh rate,Cozy sandbox games like modded Minecraft,Story-driven single-player cinematic adventures,Casual multiplayer sessions with friends on Discord,Mobile games to kill time on transit,"Don't really play games, prefer videos or music",Entertainment
569,Entertainment & Pop Culture,What is your gaming setup or preference (Solo Mode)?,Competitive PC gaming with high refresh rate,Cozy sandbox games like modded Minecraft,Story-driven single-player cinematic adventures,Casual multiplayer sessions with friends on Discord,Mobile games to kill time on transit,"Don't really play games, prefer videos or music",Entertainment
570,Entertainment & Pop Culture,What is your gaming setup or preference (Real Talk)?,Competitive PC gaming with high refresh rate,Cozy sandbox games like modded Minecraft,Story-driven single-player cinematic adventures,Casual multiplayer sessions with friends on Discord,Mobile games to kill time on transit,"Don't really play games, prefer videos or music",Entertainment
571,Entertainment & Pop Culture,How do you react to spoilers for series you care about (Perspective A)?,Pure fury—spoilers completely ruin the experience,Mild annoyance but still enjoy the execution,Actually look up spoilers intentionally beforehand,Forget the spoiler five minutes after hearing it,Avoid social media entirely until caught up,Indifferent because the journey matters more,Entertainment
572,Entertainment & Pop Culture,How do you react to spoilers for series you care about (Perspective B)?,Pure fury—spoilers completely ruin the experience,Mild annoyance but still enjoy the execution,Actually look up spoilers intentionally beforehand,Forget the spoiler five minutes after hearing it,Avoid social media entirely until caught up,Indifferent because the journey matters more,Entertainment
573,Entertainment & Pop Culture,How do you react to spoilers for series you care about (In High-Stress)?,Pure fury—spoilers completely ruin the experience,Mild annoyance but still enjoy the execution,Actually look up spoilers intentionally beforehand,Forget the spoiler five minutes after hearing it,Avoid social media entirely until caught up,Indifferent because the journey matters more,Entertainment
574,Entertainment & Pop Culture,How do you react to spoilers for series you care about (On Weekends)?,Pure fury—spoilers completely ruin the experience,Mild annoyance but still enjoy the execution,Actually look up spoilers intentionally beforehand,Forget the spoiler five minutes after hearing it,Avoid social media entirely until caught up,Indifferent because the journey matters more,Entertainment
575,Entertainment & Pop Culture,How do you react to spoilers for series you care about (With Strangers)?,Pure fury—spoilers completely ruin the experience,Mild annoyance but still enjoy the execution,Actually look up spoilers intentionally beforehand,Forget the spoiler five minutes after hearing it,Avoid social media entirely until caught up,Indifferent because the journey matters more,Entertainment
576,Entertainment & Pop Culture,How do you react to spoilers for series you care about (With Inner Circle)?,Pure fury—spoilers completely ruin the experience,Mild annoyance but still enjoy the execution,Actually look up spoilers intentionally beforehand,Forget the spoiler five minutes after hearing it,Avoid social media entirely until caught up,Indifferent because the journey matters more,Entertainment
577,Entertainment & Pop Culture,How do you react to spoilers for series you care about (Looking Back)?,Pure fury—spoilers completely ruin the experience,Mild annoyance but still enjoy the execution,Actually look up spoilers intentionally beforehand,Forget the spoiler five minutes after hearing it,Avoid social media entirely until caught up,Indifferent because the journey matters more,Entertainment
578,Entertainment & Pop Culture,How do you react to spoilers for series you care about (Looking Ahead)?,Pure fury—spoilers completely ruin the experience,Mild annoyance but still enjoy the execution,Actually look up spoilers intentionally beforehand,Forget the spoiler five minutes after hearing it,Avoid social media entirely until caught up,Indifferent because the journey matters more,Entertainment
579,Entertainment & Pop Culture,How do you react to spoilers for series you care about (Raw Instinct)?,Pure fury—spoilers completely ruin the experience,Mild annoyance but still enjoy the execution,Actually look up spoilers intentionally beforehand,Forget the spoiler five minutes after hearing it,Avoid social media entirely until caught up,Indifferent because the journey matters more,Entertainment
580,Entertainment & Pop Culture,How do you react to spoilers for series you care about (Calculated)?,Pure fury—spoilers completely ruin the experience,Mild annoyance but still enjoy the execution,Actually look up spoilers intentionally beforehand,Forget the spoiler five minutes after hearing it,Avoid social media entirely until caught up,Indifferent because the journey matters more,Entertainment
581,Entertainment & Pop Culture,How do you react to spoilers for series you care about (Deep Focus)?,Pure fury—spoilers completely ruin the experience,Mild annoyance but still enjoy the execution,Actually look up spoilers intentionally beforehand,Forget the spoiler five minutes after hearing it,Avoid social media entirely until caught up,Indifferent because the journey matters more,Entertainment
582,Entertainment & Pop Culture,How do you react to spoilers for series you care about (Late Night)?,Pure fury—spoilers completely ruin the experience,Mild annoyance but still enjoy the execution,Actually look up spoilers intentionally beforehand,Forget the spoiler five minutes after hearing it,Avoid social media entirely until caught up,Indifferent because the journey matters more,Entertainment
583,Entertainment & Pop Culture,How do you react to spoilers for series you care about (Social Vibe)?,Pure fury—spoilers completely ruin the experience,Mild annoyance but still enjoy the execution,Actually look up spoilers intentionally beforehand,Forget the spoiler five minutes after hearing it,Avoid social media entirely until caught up,Indifferent because the journey matters more,Entertainment
584,Entertainment & Pop Culture,How do you react to spoilers for series you care about (Solo Mode)?,Pure fury—spoilers completely ruin the experience,Mild annoyance but still enjoy the execution,Actually look up spoilers intentionally beforehand,Forget the spoiler five minutes after hearing it,Avoid social media entirely until caught up,Indifferent because the journey matters more,Entertainment
585,Entertainment & Pop Culture,How do you react to spoilers for series you care about (Real Talk)?,Pure fury—spoilers completely ruin the experience,Mild annoyance but still enjoy the execution,Actually look up spoilers intentionally beforehand,Forget the spoiler five minutes after hearing it,Avoid social media entirely until caught up,Indifferent because the journey matters more,Entertainment
586,Entertainment & Pop Culture,What type of YouTube or online video content do you binge (Perspective A)?,In-depth tech reviews and PC hardware teardowns,"Video essays on media, games, or culture",Short-form tech humor and meme reels,Atmospheric driving or late-night walking vlogs,Documentaries on weird niche historical events,Gaming highlights and speedruns,Entertainment
587,Entertainment & Pop Culture,What type of YouTube or online video content do you binge (Perspective B)?,In-depth tech reviews and PC hardware teardowns,"Video essays on media, games, or culture",Short-form tech humor and meme reels,Atmospheric driving or late-night walking vlogs,Documentaries on weird niche historical events,Gaming highlights and speedruns,Entertainment
588,Entertainment & Pop Culture,What type of YouTube or online video content do you binge (In High-Stress)?,In-depth tech reviews and PC hardware teardowns,"Video essays on media, games, or culture",Short-form tech humor and meme reels,Atmospheric driving or late-night walking vlogs,Documentaries on weird niche historical events,Gaming highlights and speedruns,Entertainment
589,Entertainment & Pop Culture,What type of YouTube or online video content do you binge (On Weekends)?,In-depth tech reviews and PC hardware teardowns,"Video essays on media, games, or culture",Short-form tech humor and meme reels,Atmospheric driving or late-night walking vlogs,Documentaries on weird niche historical events,Gaming highlights and speedruns,Entertainment
590,Entertainment & Pop Culture,What type of YouTube or online video content do you binge (With Strangers)?,In-depth tech reviews and PC hardware teardowns,"Video essays on media, games, or culture",Short-form tech humor and meme reels,Atmospheric driving or late-night walking vlogs,Documentaries on weird niche historical events,Gaming highlights and speedruns,Entertainment
591,Entertainment & Pop Culture,What type of YouTube or online video content do you binge (With Inner Circle)?,In-depth tech reviews and PC hardware teardowns,"Video essays on media, games, or culture",Short-form tech humor and meme reels,Atmospheric driving or late-night walking vlogs,Documentaries on weird niche historical events,Gaming highlights and speedruns,Entertainment
592,Entertainment & Pop Culture,What type of YouTube or online video content do you binge (Looking Back)?,In-depth tech reviews and PC hardware teardowns,"Video essays on media, games, or culture",Short-form tech humor and meme reels,Atmospheric driving or late-night walking vlogs,Documentaries on weird niche historical events,Gaming highlights and speedruns,Entertainment
593,Entertainment & Pop Culture,What type of YouTube or online video content do you binge (Looking Ahead)?,In-depth tech reviews and PC hardware teardowns,"Video essays on media, games, or culture",Short-form tech humor and meme reels,Atmospheric driving or late-night walking vlogs,Documentaries on weird niche historical events,Gaming highlights and speedruns,Entertainment
594,Entertainment & Pop Culture,What type of YouTube or online video content do you binge (Raw Instinct)?,In-depth tech reviews and PC hardware teardowns,"Video essays on media, games, or culture",Short-form tech humor and meme reels,Atmospheric driving or late-night walking vlogs,Documentaries on weird niche historical events,Gaming highlights and speedruns,Entertainment
595,Entertainment & Pop Culture,What type of YouTube or online video content do you binge (Calculated)?,In-depth tech reviews and PC hardware teardowns,"Video essays on media, games, or culture",Short-form tech humor and meme reels,Atmospheric driving or late-night walking vlogs,Documentaries on weird niche historical events,Gaming highlights and speedruns,Entertainment
596,Entertainment & Pop Culture,What type of YouTube or online video content do you binge (Deep Focus)?,In-depth tech reviews and PC hardware teardowns,"Video essays on media, games, or culture",Short-form tech humor and meme reels,Atmospheric driving or late-night walking vlogs,Documentaries on weird niche historical events,Gaming highlights and speedruns,Entertainment
597,Entertainment & Pop Culture,What type of YouTube or online video content do you binge (Late Night)?,In-depth tech reviews and PC hardware teardowns,"Video essays on media, games, or culture",Short-form tech humor and meme reels,Atmospheric driving or late-night walking vlogs,Documentaries on weird niche historical events,Gaming highlights and speedruns,Entertainment
598,Entertainment & Pop Culture,What type of YouTube or online video content do you binge (Social Vibe)?,In-depth tech reviews and PC hardware teardowns,"Video essays on media, games, or culture",Short-form tech humor and meme reels,Atmospheric driving or late-night walking vlogs,Documentaries on weird niche historical events,Gaming highlights and speedruns,Entertainment
599,Entertainment & Pop Culture,What type of YouTube or online video content do you binge (Solo Mode)?,In-depth tech reviews and PC hardware teardowns,"Video essays on media, games, or culture",Short-form tech humor and meme reels,Atmospheric driving or late-night walking vlogs,Documentaries on weird niche historical events,Gaming highlights and speedruns,Entertainment
600,Entertainment & Pop Culture,What type of YouTube or online video content do you binge (Real Talk)?,In-depth tech reviews and PC hardware teardowns,"Video essays on media, games, or culture",Short-form tech humor and meme reels,Atmospheric driving or late-night walking vlogs,Documentaries on weird niche historical events,Gaming highlights and speedruns,Entertainment
601,Entertainment & Pop Culture,How do you experience concerts or live events (Perspective A)?,Right in the middle of the pit taking in the energy,Standing near the back with clear sightlines and space,Recording aesthetic clips for memory keepsakes,Completely immersed with phone tucked away in pocket,Enjoying the sound and people-watching the crowd,Prefer high-end studio recordings over live chaos,Entertainment
602,Entertainment & Pop Culture,How do you experience concerts or live events (Perspective B)?,Right in the middle of the pit taking in the energy,Standing near the back with clear sightlines and space,Recording aesthetic clips for memory keepsakes,Completely immersed with phone tucked away in pocket,Enjoying the sound and people-watching the crowd,Prefer high-end studio recordings over live chaos,Entertainment
603,Entertainment & Pop Culture,How do you experience concerts or live events (In High-Stress)?,Right in the middle of the pit taking in the energy,Standing near the back with clear sightlines and space,Recording aesthetic clips for memory keepsakes,Completely immersed with phone tucked away in pocket,Enjoying the sound and people-watching the crowd,Prefer high-end studio recordings over live chaos,Entertainment
604,Entertainment & Pop Culture,How do you experience concerts or live events (On Weekends)?,Right in the middle of the pit taking in the energy,Standing near the back with clear sightlines and space,Recording aesthetic clips for memory keepsakes,Completely immersed with phone tucked away in pocket,Enjoying the sound and people-watching the crowd,Prefer high-end studio recordings over live chaos,Entertainment
605,Entertainment & Pop Culture,How do you experience concerts or live events (With Strangers)?,Right in the middle of the pit taking in the energy,Standing near the back with clear sightlines and space,Recording aesthetic clips for memory keepsakes,Completely immersed with phone tucked away in pocket,Enjoying the sound and people-watching the crowd,Prefer high-end studio recordings over live chaos,Entertainment
606,Entertainment & Pop Culture,How do you experience concerts or live events (With Inner Circle)?,Right in the middle of the pit taking in the energy,Standing near the back with clear sightlines and space,Recording aesthetic clips for memory keepsakes,Completely immersed with phone tucked away in pocket,Enjoying the sound and people-watching the crowd,Prefer high-end studio recordings over live chaos,Entertainment
607,Entertainment & Pop Culture,How do you experience concerts or live events (Looking Back)?,Right in the middle of the pit taking in the energy,Standing near the back with clear sightlines and space,Recording aesthetic clips for memory keepsakes,Completely immersed with phone tucked away in pocket,Enjoying the sound and people-watching the crowd,Prefer high-end studio recordings over live chaos,Entertainment
608,Entertainment & Pop Culture,How do you experience concerts or live events (Looking Ahead)?,Right in the middle of the pit taking in the energy,Standing near the back with clear sightlines and space,Recording aesthetic clips for memory keepsakes,Completely immersed with phone tucked away in pocket,Enjoying the sound and people-watching the crowd,Prefer high-end studio recordings over live chaos,Entertainment
609,Entertainment & Pop Culture,How do you experience concerts or live events (Raw Instinct)?,Right in the middle of the pit taking in the energy,Standing near the back with clear sightlines and space,Recording aesthetic clips for memory keepsakes,Completely immersed with phone tucked away in pocket,Enjoying the sound and people-watching the crowd,Prefer high-end studio recordings over live chaos,Entertainment
610,Entertainment & Pop Culture,How do you experience concerts or live events (Calculated)?,Right in the middle of the pit taking in the energy,Standing near the back with clear sightlines and space,Recording aesthetic clips for memory keepsakes,Completely immersed with phone tucked away in pocket,Enjoying the sound and people-watching the crowd,Prefer high-end studio recordings over live chaos,Entertainment
611,Entertainment & Pop Culture,How do you experience concerts or live events (Deep Focus)?,Right in the middle of the pit taking in the energy,Standing near the back with clear sightlines and space,Recording aesthetic clips for memory keepsakes,Completely immersed with phone tucked away in pocket,Enjoying the sound and people-watching the crowd,Prefer high-end studio recordings over live chaos,Entertainment
612,Entertainment & Pop Culture,How do you experience concerts or live events (Late Night)?,Right in the middle of the pit taking in the energy,Standing near the back with clear sightlines and space,Recording aesthetic clips for memory keepsakes,Completely immersed with phone tucked away in pocket,Enjoying the sound and people-watching the crowd,Prefer high-end studio recordings over live chaos,Entertainment
613,Entertainment & Pop Culture,How do you experience concerts or live events (Social Vibe)?,Right in the middle of the pit taking in the energy,Standing near the back with clear sightlines and space,Recording aesthetic clips for memory keepsakes,Completely immersed with phone tucked away in pocket,Enjoying the sound and people-watching the crowd,Prefer high-end studio recordings over live chaos,Entertainment
614,Entertainment & Pop Culture,How do you experience concerts or live events (Solo Mode)?,Right in the middle of the pit taking in the energy,Standing near the back with clear sightlines and space,Recording aesthetic clips for memory keepsakes,Completely immersed with phone tucked away in pocket,Enjoying the sound and people-watching the crowd,Prefer high-end studio recordings over live chaos,Entertainment
615,Entertainment & Pop Culture,How do you experience concerts or live events (Real Talk)?,Right in the middle of the pit taking in the energy,Standing near the back with clear sightlines and space,Recording aesthetic clips for memory keepsakes,Completely immersed with phone tucked away in pocket,Enjoying the sound and people-watching the crowd,Prefer high-end studio recordings over live chaos,Entertainment
616,Entertainment & Pop Culture,What aesthetic appeals to you the most visually (Perspective A)?,Dark mode glassmorphism with neon accents,Clean minimalist Scandinavian monochrome,Retro vaporwave and 90s nostalgia,Cyberpunk industrial with exposed hardware,Earthy tones with wood and lush greenery,High-contrast sporty street culture,Entertainment
617,Entertainment & Pop Culture,What aesthetic appeals to you the most visually (Perspective B)?,Dark mode glassmorphism with neon accents,Clean minimalist Scandinavian monochrome,Retro vaporwave and 90s nostalgia,Cyberpunk industrial with exposed hardware,Earthy tones with wood and lush greenery,High-contrast sporty street culture,Entertainment
618,Entertainment & Pop Culture,What aesthetic appeals to you the most visually (In High-Stress)?,Dark mode glassmorphism with neon accents,Clean minimalist Scandinavian monochrome,Retro vaporwave and 90s nostalgia,Cyberpunk industrial with exposed hardware,Earthy tones with wood and lush greenery,High-contrast sporty street culture,Entertainment
619,Entertainment & Pop Culture,What aesthetic appeals to you the most visually (On Weekends)?,Dark mode glassmorphism with neon accents,Clean minimalist Scandinavian monochrome,Retro vaporwave and 90s nostalgia,Cyberpunk industrial with exposed hardware,Earthy tones with wood and lush greenery,High-contrast sporty street culture,Entertainment
620,Entertainment & Pop Culture,What aesthetic appeals to you the most visually (With Strangers)?,Dark mode glassmorphism with neon accents,Clean minimalist Scandinavian monochrome,Retro vaporwave and 90s nostalgia,Cyberpunk industrial with exposed hardware,Earthy tones with wood and lush greenery,High-contrast sporty street culture,Entertainment
621,Entertainment & Pop Culture,What aesthetic appeals to you the most visually (With Inner Circle)?,Dark mode glassmorphism with neon accents,Clean minimalist Scandinavian monochrome,Retro vaporwave and 90s nostalgia,Cyberpunk industrial with exposed hardware,Earthy tones with wood and lush greenery,High-contrast sporty street culture,Entertainment
622,Entertainment & Pop Culture,What aesthetic appeals to you the most visually (Looking Back)?,Dark mode glassmorphism with neon accents,Clean minimalist Scandinavian monochrome,Retro vaporwave and 90s nostalgia,Cyberpunk industrial with exposed hardware,Earthy tones with wood and lush greenery,High-contrast sporty street culture,Entertainment
623,Entertainment & Pop Culture,What aesthetic appeals to you the most visually (Looking Ahead)?,Dark mode glassmorphism with neon accents,Clean minimalist Scandinavian monochrome,Retro vaporwave and 90s nostalgia,Cyberpunk industrial with exposed hardware,Earthy tones with wood and lush greenery,High-contrast sporty street culture,Entertainment
624,Entertainment & Pop Culture,What aesthetic appeals to you the most visually (Raw Instinct)?,Dark mode glassmorphism with neon accents,Clean minimalist Scandinavian monochrome,Retro vaporwave and 90s nostalgia,Cyberpunk industrial with exposed hardware,Earthy tones with wood and lush greenery,High-contrast sporty street culture,Entertainment
625,Entertainment & Pop Culture,What aesthetic appeals to you the most visually (Calculated)?,Dark mode glassmorphism with neon accents,Clean minimalist Scandinavian monochrome,Retro vaporwave and 90s nostalgia,Cyberpunk industrial with exposed hardware,Earthy tones with wood and lush greenery,High-contrast sporty street culture,Entertainment
626,Entertainment & Pop Culture,What aesthetic appeals to you the most visually (Deep Focus)?,Dark mode glassmorphism with neon accents,Clean minimalist Scandinavian monochrome,Retro vaporwave and 90s nostalgia,Cyberpunk industrial with exposed hardware,Earthy tones with wood and lush greenery,High-contrast sporty street culture,Entertainment
627,Entertainment & Pop Culture,What aesthetic appeals to you the most visually (Late Night)?,Dark mode glassmorphism with neon accents,Clean minimalist Scandinavian monochrome,Retro vaporwave and 90s nostalgia,Cyberpunk industrial with exposed hardware,Earthy tones with wood and lush greenery,High-contrast sporty street culture,Entertainment
628,Entertainment & Pop Culture,What aesthetic appeals to you the most visually (Social Vibe)?,Dark mode glassmorphism with neon accents,Clean minimalist Scandinavian monochrome,Retro vaporwave and 90s nostalgia,Cyberpunk industrial with exposed hardware,Earthy tones with wood and lush greenery,High-contrast sporty street culture,Entertainment
629,Entertainment & Pop Culture,What aesthetic appeals to you the most visually (Solo Mode)?,Dark mode glassmorphism with neon accents,Clean minimalist Scandinavian monochrome,Retro vaporwave and 90s nostalgia,Cyberpunk industrial with exposed hardware,Earthy tones with wood and lush greenery,High-contrast sporty street culture,Entertainment
630,Entertainment & Pop Culture,What aesthetic appeals to you the most visually (Real Talk)?,Dark mode glassmorphism with neon accents,Clean minimalist Scandinavian monochrome,Retro vaporwave and 90s nostalgia,Cyberpunk industrial with exposed hardware,Earthy tones with wood and lush greenery,High-contrast sporty street culture,Entertainment
631,Stress & Conflict Handling,"When tension flares up in a group, what is your instinct (Perspective A)?",Make a dry or witty remark to defuse the heat,Step in as the rational mediator finding middle ground,Stay completely quiet and let them exhaust themselves,Call out the root issue directly without sugarcoating,Physically step away until heads cool down,Side privately with the person who has the facts,Conflict
632,Stress & Conflict Handling,"When tension flares up in a group, what is your instinct (Perspective B)?",Make a dry or witty remark to defuse the heat,Step in as the rational mediator finding middle ground,Stay completely quiet and let them exhaust themselves,Call out the root issue directly without sugarcoating,Physically step away until heads cool down,Side privately with the person who has the facts,Conflict
633,Stress & Conflict Handling,"When tension flares up in a group, what is your instinct (In High-Stress)?",Make a dry or witty remark to defuse the heat,Step in as the rational mediator finding middle ground,Stay completely quiet and let them exhaust themselves,Call out the root issue directly without sugarcoating,Physically step away until heads cool down,Side privately with the person who has the facts,Conflict
634,Stress & Conflict Handling,"When tension flares up in a group, what is your instinct (On Weekends)?",Make a dry or witty remark to defuse the heat,Step in as the rational mediator finding middle ground,Stay completely quiet and let them exhaust themselves,Call out the root issue directly without sugarcoating,Physically step away until heads cool down,Side privately with the person who has the facts,Conflict
635,Stress & Conflict Handling,"When tension flares up in a group, what is your instinct (With Strangers)?",Make a dry or witty remark to defuse the heat,Step in as the rational mediator finding middle ground,Stay completely quiet and let them exhaust themselves,Call out the root issue directly without sugarcoating,Physically step away until heads cool down,Side privately with the person who has the facts,Conflict
636,Stress & Conflict Handling,"When tension flares up in a group, what is your instinct (With Inner Circle)?",Make a dry or witty remark to defuse the heat,Step in as the rational mediator finding middle ground,Stay completely quiet and let them exhaust themselves,Call out the root issue directly without sugarcoating,Physically step away until heads cool down,Side privately with the person who has the facts,Conflict
637,Stress & Conflict Handling,"When tension flares up in a group, what is your instinct (Looking Back)?",Make a dry or witty remark to defuse the heat,Step in as the rational mediator finding middle ground,Stay completely quiet and let them exhaust themselves,Call out the root issue directly without sugarcoating,Physically step away until heads cool down,Side privately with the person who has the facts,Conflict
638,Stress & Conflict Handling,"When tension flares up in a group, what is your instinct (Looking Ahead)?",Make a dry or witty remark to defuse the heat,Step in as the rational mediator finding middle ground,Stay completely quiet and let them exhaust themselves,Call out the root issue directly without sugarcoating,Physically step away until heads cool down,Side privately with the person who has the facts,Conflict
639,Stress & Conflict Handling,"When tension flares up in a group, what is your instinct (Raw Instinct)?",Make a dry or witty remark to defuse the heat,Step in as the rational mediator finding middle ground,Stay completely quiet and let them exhaust themselves,Call out the root issue directly without sugarcoating,Physically step away until heads cool down,Side privately with the person who has the facts,Conflict
640,Stress & Conflict Handling,"When tension flares up in a group, what is your instinct (Calculated)?",Make a dry or witty remark to defuse the heat,Step in as the rational mediator finding middle ground,Stay completely quiet and let them exhaust themselves,Call out the root issue directly without sugarcoating,Physically step away until heads cool down,Side privately with the person who has the facts,Conflict
641,Stress & Conflict Handling,"When tension flares up in a group, what is your instinct (Deep Focus)?",Make a dry or witty remark to defuse the heat,Step in as the rational mediator finding middle ground,Stay completely quiet and let them exhaust themselves,Call out the root issue directly without sugarcoating,Physically step away until heads cool down,Side privately with the person who has the facts,Conflict
642,Stress & Conflict Handling,"When tension flares up in a group, what is your instinct (Late Night)?",Make a dry or witty remark to defuse the heat,Step in as the rational mediator finding middle ground,Stay completely quiet and let them exhaust themselves,Call out the root issue directly without sugarcoating,Physically step away until heads cool down,Side privately with the person who has the facts,Conflict
643,Stress & Conflict Handling,"When tension flares up in a group, what is your instinct (Social Vibe)?",Make a dry or witty remark to defuse the heat,Step in as the rational mediator finding middle ground,Stay completely quiet and let them exhaust themselves,Call out the root issue directly without sugarcoating,Physically step away until heads cool down,Side privately with the person who has the facts,Conflict
644,Stress & Conflict Handling,"When tension flares up in a group, what is your instinct (Solo Mode)?",Make a dry or witty remark to defuse the heat,Step in as the rational mediator finding middle ground,Stay completely quiet and let them exhaust themselves,Call out the root issue directly without sugarcoating,Physically step away until heads cool down,Side privately with the person who has the facts,Conflict
645,Stress & Conflict Handling,"When tension flares up in a group, what is your instinct (Real Talk)?",Make a dry or witty remark to defuse the heat,Step in as the rational mediator finding middle ground,Stay completely quiet and let them exhaust themselves,Call out the root issue directly without sugarcoating,Physically step away until heads cool down,Side privately with the person who has the facts,Conflict
646,Stress & Conflict Handling,How do you decompress after an exceptionally draining day (Perspective A)?,"Put phone on silent, retreat to my room, and isolate",Go for a solo drive or ride with heavy bass music,Vent everything to one trusted person who gets it,Burn off steam through gaming or gym training,Sleep early to reset cognitive energy,Work on a personal project where I have total control,Conflict
647,Stress & Conflict Handling,How do you decompress after an exceptionally draining day (Perspective B)?,"Put phone on silent, retreat to my room, and isolate",Go for a solo drive or ride with heavy bass music,Vent everything to one trusted person who gets it,Burn off steam through gaming or gym training,Sleep early to reset cognitive energy,Work on a personal project where I have total control,Conflict
648,Stress & Conflict Handling,How do you decompress after an exceptionally draining day (In High-Stress)?,"Put phone on silent, retreat to my room, and isolate",Go for a solo drive or ride with heavy bass music,Vent everything to one trusted person who gets it,Burn off steam through gaming or gym training,Sleep early to reset cognitive energy,Work on a personal project where I have total control,Conflict
649,Stress & Conflict Handling,How do you decompress after an exceptionally draining day (On Weekends)?,"Put phone on silent, retreat to my room, and isolate",Go for a solo drive or ride with heavy bass music,Vent everything to one trusted person who gets it,Burn off steam through gaming or gym training,Sleep early to reset cognitive energy,Work on a personal project where I have total control,Conflict
650,Stress & Conflict Handling,How do you decompress after an exceptionally draining day (With Strangers)?,"Put phone on silent, retreat to my room, and isolate",Go for a solo drive or ride with heavy bass music,Vent everything to one trusted person who gets it,Burn off steam through gaming or gym training,Sleep early to reset cognitive energy,Work on a personal project where I have total control,Conflict
651,Stress & Conflict Handling,How do you decompress after an exceptionally draining day (With Inner Circle)?,"Put phone on silent, retreat to my room, and isolate",Go for a solo drive or ride with heavy bass music,Vent everything to one trusted person who gets it,Burn off steam through gaming or gym training,Sleep early to reset cognitive energy,Work on a personal project where I have total control,Conflict
652,Stress & Conflict Handling,How do you decompress after an exceptionally draining day (Looking Back)?,"Put phone on silent, retreat to my room, and isolate",Go for a solo drive or ride with heavy bass music,Vent everything to one trusted person who gets it,Burn off steam through gaming or gym training,Sleep early to reset cognitive energy,Work on a personal project where I have total control,Conflict
653,Stress & Conflict Handling,How do you decompress after an exceptionally draining day (Looking Ahead)?,"Put phone on silent, retreat to my room, and isolate",Go for a solo drive or ride with heavy bass music,Vent everything to one trusted person who gets it,Burn off steam through gaming or gym training,Sleep early to reset cognitive energy,Work on a personal project where I have total control,Conflict
654,Stress & Conflict Handling,How do you decompress after an exceptionally draining day (Raw Instinct)?,"Put phone on silent, retreat to my room, and isolate",Go for a solo drive or ride with heavy bass music,Vent everything to one trusted person who gets it,Burn off steam through gaming or gym training,Sleep early to reset cognitive energy,Work on a personal project where I have total control,Conflict
655,Stress & Conflict Handling,How do you decompress after an exceptionally draining day (Calculated)?,"Put phone on silent, retreat to my room, and isolate",Go for a solo drive or ride with heavy bass music,Vent everything to one trusted person who gets it,Burn off steam through gaming or gym training,Sleep early to reset cognitive energy,Work on a personal project where I have total control,Conflict
656,Stress & Conflict Handling,How do you decompress after an exceptionally draining day (Deep Focus)?,"Put phone on silent, retreat to my room, and isolate",Go for a solo drive or ride with heavy bass music,Vent everything to one trusted person who gets it,Burn off steam through gaming or gym training,Sleep early to reset cognitive energy,Work on a personal project where I have total control,Conflict
657,Stress & Conflict Handling,How do you decompress after an exceptionally draining day (Late Night)?,"Put phone on silent, retreat to my room, and isolate",Go for a solo drive or ride with heavy bass music,Vent everything to one trusted person who gets it,Burn off steam through gaming or gym training,Sleep early to reset cognitive energy,Work on a personal project where I have total control,Conflict
658,Stress & Conflict Handling,How do you decompress after an exceptionally draining day (Social Vibe)?,"Put phone on silent, retreat to my room, and isolate",Go for a solo drive or ride with heavy bass music,Vent everything to one trusted person who gets it,Burn off steam through gaming or gym training,Sleep early to reset cognitive energy,Work on a personal project where I have total control,Conflict
659,Stress & Conflict Handling,How do you decompress after an exceptionally draining day (Solo Mode)?,"Put phone on silent, retreat to my room, and isolate",Go for a solo drive or ride with heavy bass music,Vent everything to one trusted person who gets it,Burn off steam through gaming or gym training,Sleep early to reset cognitive energy,Work on a personal project where I have total control,Conflict
660,Stress & Conflict Handling,How do you decompress after an exceptionally draining day (Real Talk)?,"Put phone on silent, retreat to my room, and isolate",Go for a solo drive or ride with heavy bass music,Vent everything to one trusted person who gets it,Burn off steam through gaming or gym training,Sleep early to reset cognitive energy,Work on a personal project where I have total control,Conflict
661,Stress & Conflict Handling,What is your biggest emotional trigger during an argument (Perspective A)?,Being spoken down to in a condescending tone,Having words put in my mouth that I didn't say,People moving goalposts and refusing basic logic,Being interrupted repeatedly before finishing a point,Passive-aggressive silence instead of direct honesty,Unwarranted personal attacks on character,Conflict
662,Stress & Conflict Handling,What is your biggest emotional trigger during an argument (Perspective B)?,Being spoken down to in a condescending tone,Having words put in my mouth that I didn't say,People moving goalposts and refusing basic logic,Being interrupted repeatedly before finishing a point,Passive-aggressive silence instead of direct honesty,Unwarranted personal attacks on character,Conflict
663,Stress & Conflict Handling,What is your biggest emotional trigger during an argument (In High-Stress)?,Being spoken down to in a condescending tone,Having words put in my mouth that I didn't say,People moving goalposts and refusing basic logic,Being interrupted repeatedly before finishing a point,Passive-aggressive silence instead of direct honesty,Unwarranted personal attacks on character,Conflict
664,Stress & Conflict Handling,What is your biggest emotional trigger during an argument (On Weekends)?,Being spoken down to in a condescending tone,Having words put in my mouth that I didn't say,People moving goalposts and refusing basic logic,Being interrupted repeatedly before finishing a point,Passive-aggressive silence instead of direct honesty,Unwarranted personal attacks on character,Conflict
665,Stress & Conflict Handling,What is your biggest emotional trigger during an argument (With Strangers)?,Being spoken down to in a condescending tone,Having words put in my mouth that I didn't say,People moving goalposts and refusing basic logic,Being interrupted repeatedly before finishing a point,Passive-aggressive silence instead of direct honesty,Unwarranted personal attacks on character,Conflict
666,Stress & Conflict Handling,What is your biggest emotional trigger during an argument (With Inner Circle)?,Being spoken down to in a condescending tone,Having words put in my mouth that I didn't say,People moving goalposts and refusing basic logic,Being interrupted repeatedly before finishing a point,Passive-aggressive silence instead of direct honesty,Unwarranted personal attacks on character,Conflict
667,Stress & Conflict Handling,What is your biggest emotional trigger during an argument (Looking Back)?,Being spoken down to in a condescending tone,Having words put in my mouth that I didn't say,People moving goalposts and refusing basic logic,Being interrupted repeatedly before finishing a point,Passive-aggressive silence instead of direct honesty,Unwarranted personal attacks on character,Conflict
668,Stress & Conflict Handling,What is your biggest emotional trigger during an argument (Looking Ahead)?,Being spoken down to in a condescending tone,Having words put in my mouth that I didn't say,People moving goalposts and refusing basic logic,Being interrupted repeatedly before finishing a point,Passive-aggressive silence instead of direct honesty,Unwarranted personal attacks on character,Conflict
669,Stress & Conflict Handling,What is your biggest emotional trigger during an argument (Raw Instinct)?,Being spoken down to in a condescending tone,Having words put in my mouth that I didn't say,People moving goalposts and refusing basic logic,Being interrupted repeatedly before finishing a point,Passive-aggressive silence instead of direct honesty,Unwarranted personal attacks on character,Conflict
670,Stress & Conflict Handling,What is your biggest emotional trigger during an argument (Calculated)?,Being spoken down to in a condescending tone,Having words put in my mouth that I didn't say,People moving goalposts and refusing basic logic,Being interrupted repeatedly before finishing a point,Passive-aggressive silence instead of direct honesty,Unwarranted personal attacks on character,Conflict
671,Stress & Conflict Handling,What is your biggest emotional trigger during an argument (Deep Focus)?,Being spoken down to in a condescending tone,Having words put in my mouth that I didn't say,People moving goalposts and refusing basic logic,Being interrupted repeatedly before finishing a point,Passive-aggressive silence instead of direct honesty,Unwarranted personal attacks on character,Conflict
672,Stress & Conflict Handling,What is your biggest emotional trigger during an argument (Late Night)?,Being spoken down to in a condescending tone,Having words put in my mouth that I didn't say,People moving goalposts and refusing basic logic,Being interrupted repeatedly before finishing a point,Passive-aggressive silence instead of direct honesty,Unwarranted personal attacks on character,Conflict
673,Stress & Conflict Handling,What is your biggest emotional trigger during an argument (Social Vibe)?,Being spoken down to in a condescending tone,Having words put in my mouth that I didn't say,People moving goalposts and refusing basic logic,Being interrupted repeatedly before finishing a point,Passive-aggressive silence instead of direct honesty,Unwarranted personal attacks on character,Conflict
674,Stress & Conflict Handling,What is your biggest emotional trigger during an argument (Solo Mode)?,Being spoken down to in a condescending tone,Having words put in my mouth that I didn't say,People moving goalposts and refusing basic logic,Being interrupted repeatedly before finishing a point,Passive-aggressive silence instead of direct honesty,Unwarranted personal attacks on character,Conflict
675,Stress & Conflict Handling,What is your biggest emotional trigger during an argument (Real Talk)?,Being spoken down to in a condescending tone,Having words put in my mouth that I didn't say,People moving goalposts and refusing basic logic,Being interrupted repeatedly before finishing a point,Passive-aggressive silence instead of direct honesty,Unwarranted personal attacks on character,Conflict
676,Stress & Conflict Handling,"When someone gives you constructive criticism, how do you take it (Perspective A)?",Analyze the feedback objectively and adapt immediately,"Feel defensive internally first, then reflect rationally",Appreciate the candor if delivered with mutual respect,Dismiss it if I know the person lacks expertise,Ask follow-up questions to understand their vantage point,Overthink it for the next 48 hours,Conflict
677,Stress & Conflict Handling,"When someone gives you constructive criticism, how do you take it (Perspective B)?",Analyze the feedback objectively and adapt immediately,"Feel defensive internally first, then reflect rationally",Appreciate the candor if delivered with mutual respect,Dismiss it if I know the person lacks expertise,Ask follow-up questions to understand their vantage point,Overthink it for the next 48 hours,Conflict
678,Stress & Conflict Handling,"When someone gives you constructive criticism, how do you take it (In High-Stress)?",Analyze the feedback objectively and adapt immediately,"Feel defensive internally first, then reflect rationally",Appreciate the candor if delivered with mutual respect,Dismiss it if I know the person lacks expertise,Ask follow-up questions to understand their vantage point,Overthink it for the next 48 hours,Conflict
679,Stress & Conflict Handling,"When someone gives you constructive criticism, how do you take it (On Weekends)?",Analyze the feedback objectively and adapt immediately,"Feel defensive internally first, then reflect rationally",Appreciate the candor if delivered with mutual respect,Dismiss it if I know the person lacks expertise,Ask follow-up questions to understand their vantage point,Overthink it for the next 48 hours,Conflict
680,Stress & Conflict Handling,"When someone gives you constructive criticism, how do you take it (With Strangers)?",Analyze the feedback objectively and adapt immediately,"Feel defensive internally first, then reflect rationally",Appreciate the candor if delivered with mutual respect,Dismiss it if I know the person lacks expertise,Ask follow-up questions to understand their vantage point,Overthink it for the next 48 hours,Conflict
681,Stress & Conflict Handling,"When someone gives you constructive criticism, how do you take it (With Inner Circle)?",Analyze the feedback objectively and adapt immediately,"Feel defensive internally first, then reflect rationally",Appreciate the candor if delivered with mutual respect,Dismiss it if I know the person lacks expertise,Ask follow-up questions to understand their vantage point,Overthink it for the next 48 hours,Conflict
682,Stress & Conflict Handling,"When someone gives you constructive criticism, how do you take it (Looking Back)?",Analyze the feedback objectively and adapt immediately,"Feel defensive internally first, then reflect rationally",Appreciate the candor if delivered with mutual respect,Dismiss it if I know the person lacks expertise,Ask follow-up questions to understand their vantage point,Overthink it for the next 48 hours,Conflict
683,Stress & Conflict Handling,"When someone gives you constructive criticism, how do you take it (Looking Ahead)?",Analyze the feedback objectively and adapt immediately,"Feel defensive internally first, then reflect rationally",Appreciate the candor if delivered with mutual respect,Dismiss it if I know the person lacks expertise,Ask follow-up questions to understand their vantage point,Overthink it for the next 48 hours,Conflict
684,Stress & Conflict Handling,"When someone gives you constructive criticism, how do you take it (Raw Instinct)?",Analyze the feedback objectively and adapt immediately,"Feel defensive internally first, then reflect rationally",Appreciate the candor if delivered with mutual respect,Dismiss it if I know the person lacks expertise,Ask follow-up questions to understand their vantage point,Overthink it for the next 48 hours,Conflict
685,Stress & Conflict Handling,"When someone gives you constructive criticism, how do you take it (Calculated)?",Analyze the feedback objectively and adapt immediately,"Feel defensive internally first, then reflect rationally",Appreciate the candor if delivered with mutual respect,Dismiss it if I know the person lacks expertise,Ask follow-up questions to understand their vantage point,Overthink it for the next 48 hours,Conflict
686,Stress & Conflict Handling,"When someone gives you constructive criticism, how do you take it (Deep Focus)?",Analyze the feedback objectively and adapt immediately,"Feel defensive internally first, then reflect rationally",Appreciate the candor if delivered with mutual respect,Dismiss it if I know the person lacks expertise,Ask follow-up questions to understand their vantage point,Overthink it for the next 48 hours,Conflict
687,Stress & Conflict Handling,"When someone gives you constructive criticism, how do you take it (Late Night)?",Analyze the feedback objectively and adapt immediately,"Feel defensive internally first, then reflect rationally",Appreciate the candor if delivered with mutual respect,Dismiss it if I know the person lacks expertise,Ask follow-up questions to understand their vantage point,Overthink it for the next 48 hours,Conflict
688,Stress & Conflict Handling,"When someone gives you constructive criticism, how do you take it (Social Vibe)?",Analyze the feedback objectively and adapt immediately,"Feel defensive internally first, then reflect rationally",Appreciate the candor if delivered with mutual respect,Dismiss it if I know the person lacks expertise,Ask follow-up questions to understand their vantage point,Overthink it for the next 48 hours,Conflict
689,Stress & Conflict Handling,"When someone gives you constructive criticism, how do you take it (Solo Mode)?",Analyze the feedback objectively and adapt immediately,"Feel defensive internally first, then reflect rationally",Appreciate the candor if delivered with mutual respect,Dismiss it if I know the person lacks expertise,Ask follow-up questions to understand their vantage point,Overthink it for the next 48 hours,Conflict
690,Stress & Conflict Handling,"When someone gives you constructive criticism, how do you take it (Real Talk)?",Analyze the feedback objectively and adapt immediately,"Feel defensive internally first, then reflect rationally",Appreciate the candor if delivered with mutual respect,Dismiss it if I know the person lacks expertise,Ask follow-up questions to understand their vantage point,Overthink it for the next 48 hours,Conflict
691,Stress & Conflict Handling,How do you handle high-pressure deadlines or emergencies (Perspective A)?,Tunnel vision focus with adrenaline doing the work,Calmly write a triage checklist and execute in order,Feel paralyzed for fifteen minutes then lock in,Collaborate closely and delegate tasks quickly,Work through the night until the objective is secured,Take a step back to prevent hasty mistakes,Conflict
692,Stress & Conflict Handling,How do you handle high-pressure deadlines or emergencies (Perspective B)?,Tunnel vision focus with adrenaline doing the work,Calmly write a triage checklist and execute in order,Feel paralyzed for fifteen minutes then lock in,Collaborate closely and delegate tasks quickly,Work through the night until the objective is secured,Take a step back to prevent hasty mistakes,Conflict
693,Stress & Conflict Handling,How do you handle high-pressure deadlines or emergencies (In High-Stress)?,Tunnel vision focus with adrenaline doing the work,Calmly write a triage checklist and execute in order,Feel paralyzed for fifteen minutes then lock in,Collaborate closely and delegate tasks quickly,Work through the night until the objective is secured,Take a step back to prevent hasty mistakes,Conflict
694,Stress & Conflict Handling,How do you handle high-pressure deadlines or emergencies (On Weekends)?,Tunnel vision focus with adrenaline doing the work,Calmly write a triage checklist and execute in order,Feel paralyzed for fifteen minutes then lock in,Collaborate closely and delegate tasks quickly,Work through the night until the objective is secured,Take a step back to prevent hasty mistakes,Conflict
695,Stress & Conflict Handling,How do you handle high-pressure deadlines or emergencies (With Strangers)?,Tunnel vision focus with adrenaline doing the work,Calmly write a triage checklist and execute in order,Feel paralyzed for fifteen minutes then lock in,Collaborate closely and delegate tasks quickly,Work through the night until the objective is secured,Take a step back to prevent hasty mistakes,Conflict
696,Stress & Conflict Handling,How do you handle high-pressure deadlines or emergencies (With Inner Circle)?,Tunnel vision focus with adrenaline doing the work,Calmly write a triage checklist and execute in order,Feel paralyzed for fifteen minutes then lock in,Collaborate closely and delegate tasks quickly,Work through the night until the objective is secured,Take a step back to prevent hasty mistakes,Conflict
697,Stress & Conflict Handling,How do you handle high-pressure deadlines or emergencies (Looking Back)?,Tunnel vision focus with adrenaline doing the work,Calmly write a triage checklist and execute in order,Feel paralyzed for fifteen minutes then lock in,Collaborate closely and delegate tasks quickly,Work through the night until the objective is secured,Take a step back to prevent hasty mistakes,Conflict
698,Stress & Conflict Handling,How do you handle high-pressure deadlines or emergencies (Looking Ahead)?,Tunnel vision focus with adrenaline doing the work,Calmly write a triage checklist and execute in order,Feel paralyzed for fifteen minutes then lock in,Collaborate closely and delegate tasks quickly,Work through the night until the objective is secured,Take a step back to prevent hasty mistakes,Conflict
699,Stress & Conflict Handling,How do you handle high-pressure deadlines or emergencies (Raw Instinct)?,Tunnel vision focus with adrenaline doing the work,Calmly write a triage checklist and execute in order,Feel paralyzed for fifteen minutes then lock in,Collaborate closely and delegate tasks quickly,Work through the night until the objective is secured,Take a step back to prevent hasty mistakes,Conflict
700,Stress & Conflict Handling,How do you handle high-pressure deadlines or emergencies (Calculated)?,Tunnel vision focus with adrenaline doing the work,Calmly write a triage checklist and execute in order,Feel paralyzed for fifteen minutes then lock in,Collaborate closely and delegate tasks quickly,Work through the night until the objective is secured,Take a step back to prevent hasty mistakes,Conflict
701,Stress & Conflict Handling,How do you handle high-pressure deadlines or emergencies (Deep Focus)?,Tunnel vision focus with adrenaline doing the work,Calmly write a triage checklist and execute in order,Feel paralyzed for fifteen minutes then lock in,Collaborate closely and delegate tasks quickly,Work through the night until the objective is secured,Take a step back to prevent hasty mistakes,Conflict
702,Stress & Conflict Handling,How do you handle high-pressure deadlines or emergencies (Late Night)?,Tunnel vision focus with adrenaline doing the work,Calmly write a triage checklist and execute in order,Feel paralyzed for fifteen minutes then lock in,Collaborate closely and delegate tasks quickly,Work through the night until the objective is secured,Take a step back to prevent hasty mistakes,Conflict
703,Stress & Conflict Handling,How do you handle high-pressure deadlines or emergencies (Social Vibe)?,Tunnel vision focus with adrenaline doing the work,Calmly write a triage checklist and execute in order,Feel paralyzed for fifteen minutes then lock in,Collaborate closely and delegate tasks quickly,Work through the night until the objective is secured,Take a step back to prevent hasty mistakes,Conflict
704,Stress & Conflict Handling,How do you handle high-pressure deadlines or emergencies (Solo Mode)?,Tunnel vision focus with adrenaline doing the work,Calmly write a triage checklist and execute in order,Feel paralyzed for fifteen minutes then lock in,Collaborate closely and delegate tasks quickly,Work through the night until the objective is secured,Take a step back to prevent hasty mistakes,Conflict
705,Stress & Conflict Handling,How do you handle high-pressure deadlines or emergencies (Real Talk)?,Tunnel vision focus with adrenaline doing the work,Calmly write a triage checklist and execute in order,Feel paralyzed for fifteen minutes then lock in,Collaborate closely and delegate tasks quickly,Work through the night until the objective is secured,Take a step back to prevent hasty mistakes,Conflict
706,Stress & Conflict Handling,What is your approach to confronting someone who crossed a line (Perspective A)?,"Direct, immediate, and unambiguous boundary setting",Address it calmly in private shortly after the event,Drop subtle hints and see if their behavior changes,Wait until a pattern forms before addressing it firmly,Cut off access without giving an explanation,Write a measured message outlining the issue,Conflict
707,Stress & Conflict Handling,What is your approach to confronting someone who crossed a line (Perspective B)?,"Direct, immediate, and unambiguous boundary setting",Address it calmly in private shortly after the event,Drop subtle hints and see if their behavior changes,Wait until a pattern forms before addressing it firmly,Cut off access without giving an explanation,Write a measured message outlining the issue,Conflict
708,Stress & Conflict Handling,What is your approach to confronting someone who crossed a line (In High-Stress)?,"Direct, immediate, and unambiguous boundary setting",Address it calmly in private shortly after the event,Drop subtle hints and see if their behavior changes,Wait until a pattern forms before addressing it firmly,Cut off access without giving an explanation,Write a measured message outlining the issue,Conflict
709,Stress & Conflict Handling,What is your approach to confronting someone who crossed a line (On Weekends)?,"Direct, immediate, and unambiguous boundary setting",Address it calmly in private shortly after the event,Drop subtle hints and see if their behavior changes,Wait until a pattern forms before addressing it firmly,Cut off access without giving an explanation,Write a measured message outlining the issue,Conflict
710,Stress & Conflict Handling,What is your approach to confronting someone who crossed a line (With Strangers)?,"Direct, immediate, and unambiguous boundary setting",Address it calmly in private shortly after the event,Drop subtle hints and see if their behavior changes,Wait until a pattern forms before addressing it firmly,Cut off access without giving an explanation,Write a measured message outlining the issue,Conflict
711,Stress & Conflict Handling,What is your approach to confronting someone who crossed a line (With Inner Circle)?,"Direct, immediate, and unambiguous boundary setting",Address it calmly in private shortly after the event,Drop subtle hints and see if their behavior changes,Wait until a pattern forms before addressing it firmly,Cut off access without giving an explanation,Write a measured message outlining the issue,Conflict
712,Stress & Conflict Handling,What is your approach to confronting someone who crossed a line (Looking Back)?,"Direct, immediate, and unambiguous boundary setting",Address it calmly in private shortly after the event,Drop subtle hints and see if their behavior changes,Wait until a pattern forms before addressing it firmly,Cut off access without giving an explanation,Write a measured message outlining the issue,Conflict
713,Stress & Conflict Handling,What is your approach to confronting someone who crossed a line (Looking Ahead)?,"Direct, immediate, and unambiguous boundary setting",Address it calmly in private shortly after the event,Drop subtle hints and see if their behavior changes,Wait until a pattern forms before addressing it firmly,Cut off access without giving an explanation,Write a measured message outlining the issue,Conflict
714,Stress & Conflict Handling,What is your approach to confronting someone who crossed a line (Raw Instinct)?,"Direct, immediate, and unambiguous boundary setting",Address it calmly in private shortly after the event,Drop subtle hints and see if their behavior changes,Wait until a pattern forms before addressing it firmly,Cut off access without giving an explanation,Write a measured message outlining the issue,Conflict
715,Stress & Conflict Handling,What is your approach to confronting someone who crossed a line (Calculated)?,"Direct, immediate, and unambiguous boundary setting",Address it calmly in private shortly after the event,Drop subtle hints and see if their behavior changes,Wait until a pattern forms before addressing it firmly,Cut off access without giving an explanation,Write a measured message outlining the issue,Conflict
716,Stress & Conflict Handling,What is your approach to confronting someone who crossed a line (Deep Focus)?,"Direct, immediate, and unambiguous boundary setting",Address it calmly in private shortly after the event,Drop subtle hints and see if their behavior changes,Wait until a pattern forms before addressing it firmly,Cut off access without giving an explanation,Write a measured message outlining the issue,Conflict
717,Stress & Conflict Handling,What is your approach to confronting someone who crossed a line (Late Night)?,"Direct, immediate, and unambiguous boundary setting",Address it calmly in private shortly after the event,Drop subtle hints and see if their behavior changes,Wait until a pattern forms before addressing it firmly,Cut off access without giving an explanation,Write a measured message outlining the issue,Conflict
718,Stress & Conflict Handling,What is your approach to confronting someone who crossed a line (Social Vibe)?,"Direct, immediate, and unambiguous boundary setting",Address it calmly in private shortly after the event,Drop subtle hints and see if their behavior changes,Wait until a pattern forms before addressing it firmly,Cut off access without giving an explanation,Write a measured message outlining the issue,Conflict
719,Stress & Conflict Handling,What is your approach to confronting someone who crossed a line (Solo Mode)?,"Direct, immediate, and unambiguous boundary setting",Address it calmly in private shortly after the event,Drop subtle hints and see if their behavior changes,Wait until a pattern forms before addressing it firmly,Cut off access without giving an explanation,Write a measured message outlining the issue,Conflict
720,Stress & Conflict Handling,What is your approach to confronting someone who crossed a line (Real Talk)?,"Direct, immediate, and unambiguous boundary setting",Address it calmly in private shortly after the event,Drop subtle hints and see if their behavior changes,Wait until a pattern forms before addressing it firmly,Cut off access without giving an explanation,Write a measured message outlining the issue,Conflict
721,Stress & Conflict Handling,How do you apologize when you realize you were wrong (Perspective A)?,"A direct, sincere 'I messed up, I'm sorry' with no excuses",Apologize and immediately take action to rectify it,Explain my thought process while acknowledging the mistake,Offer a peace offering like buying coffee or food,Feel immense remorse and make sure it never happens again,Keep it brief and move forward pragmatically,Conflict
722,Stress & Conflict Handling,How do you apologize when you realize you were wrong (Perspective B)?,"A direct, sincere 'I messed up, I'm sorry' with no excuses",Apologize and immediately take action to rectify it,Explain my thought process while acknowledging the mistake,Offer a peace offering like buying coffee or food,Feel immense remorse and make sure it never happens again,Keep it brief and move forward pragmatically,Conflict
723,Stress & Conflict Handling,How do you apologize when you realize you were wrong (In High-Stress)?,"A direct, sincere 'I messed up, I'm sorry' with no excuses",Apologize and immediately take action to rectify it,Explain my thought process while acknowledging the mistake,Offer a peace offering like buying coffee or food,Feel immense remorse and make sure it never happens again,Keep it brief and move forward pragmatically,Conflict
724,Stress & Conflict Handling,How do you apologize when you realize you were wrong (On Weekends)?,"A direct, sincere 'I messed up, I'm sorry' with no excuses",Apologize and immediately take action to rectify it,Explain my thought process while acknowledging the mistake,Offer a peace offering like buying coffee or food,Feel immense remorse and make sure it never happens again,Keep it brief and move forward pragmatically,Conflict
725,Stress & Conflict Handling,How do you apologize when you realize you were wrong (With Strangers)?,"A direct, sincere 'I messed up, I'm sorry' with no excuses",Apologize and immediately take action to rectify it,Explain my thought process while acknowledging the mistake,Offer a peace offering like buying coffee or food,Feel immense remorse and make sure it never happens again,Keep it brief and move forward pragmatically,Conflict
726,Stress & Conflict Handling,How do you apologize when you realize you were wrong (With Inner Circle)?,"A direct, sincere 'I messed up, I'm sorry' with no excuses",Apologize and immediately take action to rectify it,Explain my thought process while acknowledging the mistake,Offer a peace offering like buying coffee or food,Feel immense remorse and make sure it never happens again,Keep it brief and move forward pragmatically,Conflict
727,Stress & Conflict Handling,How do you apologize when you realize you were wrong (Looking Back)?,"A direct, sincere 'I messed up, I'm sorry' with no excuses",Apologize and immediately take action to rectify it,Explain my thought process while acknowledging the mistake,Offer a peace offering like buying coffee or food,Feel immense remorse and make sure it never happens again,Keep it brief and move forward pragmatically,Conflict
728,Stress & Conflict Handling,How do you apologize when you realize you were wrong (Looking Ahead)?,"A direct, sincere 'I messed up, I'm sorry' with no excuses",Apologize and immediately take action to rectify it,Explain my thought process while acknowledging the mistake,Offer a peace offering like buying coffee or food,Feel immense remorse and make sure it never happens again,Keep it brief and move forward pragmatically,Conflict
729,Stress & Conflict Handling,How do you apologize when you realize you were wrong (Raw Instinct)?,"A direct, sincere 'I messed up, I'm sorry' with no excuses",Apologize and immediately take action to rectify it,Explain my thought process while acknowledging the mistake,Offer a peace offering like buying coffee or food,Feel immense remorse and make sure it never happens again,Keep it brief and move forward pragmatically,Conflict
730,Stress & Conflict Handling,How do you apologize when you realize you were wrong (Calculated)?,"A direct, sincere 'I messed up, I'm sorry' with no excuses",Apologize and immediately take action to rectify it,Explain my thought process while acknowledging the mistake,Offer a peace offering like buying coffee or food,Feel immense remorse and make sure it never happens again,Keep it brief and move forward pragmatically,Conflict
731,Stress & Conflict Handling,How do you apologize when you realize you were wrong (Deep Focus)?,"A direct, sincere 'I messed up, I'm sorry' with no excuses",Apologize and immediately take action to rectify it,Explain my thought process while acknowledging the mistake,Offer a peace offering like buying coffee or food,Feel immense remorse and make sure it never happens again,Keep it brief and move forward pragmatically,Conflict
732,Stress & Conflict Handling,How do you apologize when you realize you were wrong (Late Night)?,"A direct, sincere 'I messed up, I'm sorry' with no excuses",Apologize and immediately take action to rectify it,Explain my thought process while acknowledging the mistake,Offer a peace offering like buying coffee or food,Feel immense remorse and make sure it never happens again,Keep it brief and move forward pragmatically,Conflict
733,Stress & Conflict Handling,How do you apologize when you realize you were wrong (Social Vibe)?,"A direct, sincere 'I messed up, I'm sorry' with no excuses",Apologize and immediately take action to rectify it,Explain my thought process while acknowledging the mistake,Offer a peace offering like buying coffee or food,Feel immense remorse and make sure it never happens again,Keep it brief and move forward pragmatically,Conflict
734,Stress & Conflict Handling,How do you apologize when you realize you were wrong (Solo Mode)?,"A direct, sincere 'I messed up, I'm sorry' with no excuses",Apologize and immediately take action to rectify it,Explain my thought process while acknowledging the mistake,Offer a peace offering like buying coffee or food,Feel immense remorse and make sure it never happens again,Keep it brief and move forward pragmatically,Conflict
735,Stress & Conflict Handling,How do you apologize when you realize you were wrong (Real Talk)?,"A direct, sincere 'I messed up, I'm sorry' with no excuses",Apologize and immediately take action to rectify it,Explain my thought process while acknowledging the mistake,Offer a peace offering like buying coffee or food,Feel immense remorse and make sure it never happens again,Keep it brief and move forward pragmatically,Conflict
736,Travel & Adventure,What is your ideal vacation style (Perspective A)?,Solo road trip through scenic mountain roads,A bustling city break exploring architecture and tech,Quiet cabin in nature with zero cellular reception,Spontaneous backpacking trip with no fixed hotels,Beach resort doing absolutely nothing all day,A tightly budgeted road adventure with close friends,Adventure
737,Travel & Adventure,What is your ideal vacation style (Perspective B)?,Solo road trip through scenic mountain roads,A bustling city break exploring architecture and tech,Quiet cabin in nature with zero cellular reception,Spontaneous backpacking trip with no fixed hotels,Beach resort doing absolutely nothing all day,A tightly budgeted road adventure with close friends,Adventure
738,Travel & Adventure,What is your ideal vacation style (In High-Stress)?,Solo road trip through scenic mountain roads,A bustling city break exploring architecture and tech,Quiet cabin in nature with zero cellular reception,Spontaneous backpacking trip with no fixed hotels,Beach resort doing absolutely nothing all day,A tightly budgeted road adventure with close friends,Adventure
739,Travel & Adventure,What is your ideal vacation style (On Weekends)?,Solo road trip through scenic mountain roads,A bustling city break exploring architecture and tech,Quiet cabin in nature with zero cellular reception,Spontaneous backpacking trip with no fixed hotels,Beach resort doing absolutely nothing all day,A tightly budgeted road adventure with close friends,Adventure
740,Travel & Adventure,What is your ideal vacation style (With Strangers)?,Solo road trip through scenic mountain roads,A bustling city break exploring architecture and tech,Quiet cabin in nature with zero cellular reception,Spontaneous backpacking trip with no fixed hotels,Beach resort doing absolutely nothing all day,A tightly budgeted road adventure with close friends,Adventure
741,Travel & Adventure,What is your ideal vacation style (With Inner Circle)?,Solo road trip through scenic mountain roads,A bustling city break exploring architecture and tech,Quiet cabin in nature with zero cellular reception,Spontaneous backpacking trip with no fixed hotels,Beach resort doing absolutely nothing all day,A tightly budgeted road adventure with close friends,Adventure
742,Travel & Adventure,What is your ideal vacation style (Looking Back)?,Solo road trip through scenic mountain roads,A bustling city break exploring architecture and tech,Quiet cabin in nature with zero cellular reception,Spontaneous backpacking trip with no fixed hotels,Beach resort doing absolutely nothing all day,A tightly budgeted road adventure with close friends,Adventure
743,Travel & Adventure,What is your ideal vacation style (Looking Ahead)?,Solo road trip through scenic mountain roads,A bustling city break exploring architecture and tech,Quiet cabin in nature with zero cellular reception,Spontaneous backpacking trip with no fixed hotels,Beach resort doing absolutely nothing all day,A tightly budgeted road adventure with close friends,Adventure
744,Travel & Adventure,What is your ideal vacation style (Raw Instinct)?,Solo road trip through scenic mountain roads,A bustling city break exploring architecture and tech,Quiet cabin in nature with zero cellular reception,Spontaneous backpacking trip with no fixed hotels,Beach resort doing absolutely nothing all day,A tightly budgeted road adventure with close friends,Adventure
745,Travel & Adventure,What is your ideal vacation style (Calculated)?,Solo road trip through scenic mountain roads,A bustling city break exploring architecture and tech,Quiet cabin in nature with zero cellular reception,Spontaneous backpacking trip with no fixed hotels,Beach resort doing absolutely nothing all day,A tightly budgeted road adventure with close friends,Adventure
746,Travel & Adventure,What is your ideal vacation style (Deep Focus)?,Solo road trip through scenic mountain roads,A bustling city break exploring architecture and tech,Quiet cabin in nature with zero cellular reception,Spontaneous backpacking trip with no fixed hotels,Beach resort doing absolutely nothing all day,A tightly budgeted road adventure with close friends,Adventure
747,Travel & Adventure,What is your ideal vacation style (Late Night)?,Solo road trip through scenic mountain roads,A bustling city break exploring architecture and tech,Quiet cabin in nature with zero cellular reception,Spontaneous backpacking trip with no fixed hotels,Beach resort doing absolutely nothing all day,A tightly budgeted road adventure with close friends,Adventure
748,Travel & Adventure,What is your ideal vacation style (Social Vibe)?,Solo road trip through scenic mountain roads,A bustling city break exploring architecture and tech,Quiet cabin in nature with zero cellular reception,Spontaneous backpacking trip with no fixed hotels,Beach resort doing absolutely nothing all day,A tightly budgeted road adventure with close friends,Adventure
749,Travel & Adventure,What is your ideal vacation style (Solo Mode)?,Solo road trip through scenic mountain roads,A bustling city break exploring architecture and tech,Quiet cabin in nature with zero cellular reception,Spontaneous backpacking trip with no fixed hotels,Beach resort doing absolutely nothing all day,A tightly budgeted road adventure with close friends,Adventure
750,Travel & Adventure,What is your ideal vacation style (Real Talk)?,Solo road trip through scenic mountain roads,A bustling city break exploring architecture and tech,Quiet cabin in nature with zero cellular reception,Spontaneous backpacking trip with no fixed hotels,Beach resort doing absolutely nothing all day,A tightly budgeted road adventure with close friends,Adventure
751,Travel & Adventure,How do you pack for a week-long trip (Perspective A)?,Pack light with just a single carry-on backpack,Meticulously rolled clothes with spare outfits planned,Toss random items in an hour before departure,Overpack massively 'just in case' something happens,"Strictly tech chargers, gadgets, and basic clothing",Buy whatever is missing when I get to the destination,Adventure
752,Travel & Adventure,How do you pack for a week-long trip (Perspective B)?,Pack light with just a single carry-on backpack,Meticulously rolled clothes with spare outfits planned,Toss random items in an hour before departure,Overpack massively 'just in case' something happens,"Strictly tech chargers, gadgets, and basic clothing",Buy whatever is missing when I get to the destination,Adventure
753,Travel & Adventure,How do you pack for a week-long trip (In High-Stress)?,Pack light with just a single carry-on backpack,Meticulously rolled clothes with spare outfits planned,Toss random items in an hour before departure,Overpack massively 'just in case' something happens,"Strictly tech chargers, gadgets, and basic clothing",Buy whatever is missing when I get to the destination,Adventure
754,Travel & Adventure,How do you pack for a week-long trip (On Weekends)?,Pack light with just a single carry-on backpack,Meticulously rolled clothes with spare outfits planned,Toss random items in an hour before departure,Overpack massively 'just in case' something happens,"Strictly tech chargers, gadgets, and basic clothing",Buy whatever is missing when I get to the destination,Adventure
755,Travel & Adventure,How do you pack for a week-long trip (With Strangers)?,Pack light with just a single carry-on backpack,Meticulously rolled clothes with spare outfits planned,Toss random items in an hour before departure,Overpack massively 'just in case' something happens,"Strictly tech chargers, gadgets, and basic clothing",Buy whatever is missing when I get to the destination,Adventure
756,Travel & Adventure,How do you pack for a week-long trip (With Inner Circle)?,Pack light with just a single carry-on backpack,Meticulously rolled clothes with spare outfits planned,Toss random items in an hour before departure,Overpack massively 'just in case' something happens,"Strictly tech chargers, gadgets, and basic clothing",Buy whatever is missing when I get to the destination,Adventure
757,Travel & Adventure,How do you pack for a week-long trip (Looking Back)?,Pack light with just a single carry-on backpack,Meticulously rolled clothes with spare outfits planned,Toss random items in an hour before departure,Overpack massively 'just in case' something happens,"Strictly tech chargers, gadgets, and basic clothing",Buy whatever is missing when I get to the destination,Adventure
758,Travel & Adventure,How do you pack for a week-long trip (Looking Ahead)?,Pack light with just a single carry-on backpack,Meticulously rolled clothes with spare outfits planned,Toss random items in an hour before departure,Overpack massively 'just in case' something happens,"Strictly tech chargers, gadgets, and basic clothing",Buy whatever is missing when I get to the destination,Adventure
759,Travel & Adventure,How do you pack for a week-long trip (Raw Instinct)?,Pack light with just a single carry-on backpack,Meticulously rolled clothes with spare outfits planned,Toss random items in an hour before departure,Overpack massively 'just in case' something happens,"Strictly tech chargers, gadgets, and basic clothing",Buy whatever is missing when I get to the destination,Adventure
760,Travel & Adventure,How do you pack for a week-long trip (Calculated)?,Pack light with just a single carry-on backpack,Meticulously rolled clothes with spare outfits planned,Toss random items in an hour before departure,Overpack massively 'just in case' something happens,"Strictly tech chargers, gadgets, and basic clothing",Buy whatever is missing when I get to the destination,Adventure
761,Travel & Adventure,How do you pack for a week-long trip (Deep Focus)?,Pack light with just a single carry-on backpack,Meticulously rolled clothes with spare outfits planned,Toss random items in an hour before departure,Overpack massively 'just in case' something happens,"Strictly tech chargers, gadgets, and basic clothing",Buy whatever is missing when I get to the destination,Adventure
762,Travel & Adventure,How do you pack for a week-long trip (Late Night)?,Pack light with just a single carry-on backpack,Meticulously rolled clothes with spare outfits planned,Toss random items in an hour before departure,Overpack massively 'just in case' something happens,"Strictly tech chargers, gadgets, and basic clothing",Buy whatever is missing when I get to the destination,Adventure
763,Travel & Adventure,How do you pack for a week-long trip (Social Vibe)?,Pack light with just a single carry-on backpack,Meticulously rolled clothes with spare outfits planned,Toss random items in an hour before departure,Overpack massively 'just in case' something happens,"Strictly tech chargers, gadgets, and basic clothing",Buy whatever is missing when I get to the destination,Adventure
764,Travel & Adventure,How do you pack for a week-long trip (Solo Mode)?,Pack light with just a single carry-on backpack,Meticulously rolled clothes with spare outfits planned,Toss random items in an hour before departure,Overpack massively 'just in case' something happens,"Strictly tech chargers, gadgets, and basic clothing",Buy whatever is missing when I get to the destination,Adventure
765,Travel & Adventure,How do you pack for a week-long trip (Real Talk)?,Pack light with just a single carry-on backpack,Meticulously rolled clothes with spare outfits planned,Toss random items in an hour before departure,Overpack massively 'just in case' something happens,"Strictly tech chargers, gadgets, and basic clothing",Buy whatever is missing when I get to the destination,Adventure
766,Travel & Adventure,What vehicle or transit mode do you enjoy the most (Perspective A)?,"Two wheels—moped, motorcycle, or bike",Cruising on backroads in a comfortable car,High-speed rail looking out the window,Window seat on an airplane with music playing,Walking miles through quiet midnight streets,Subway systems with transit maps,Adventure
767,Travel & Adventure,What vehicle or transit mode do you enjoy the most (Perspective B)?,"Two wheels—moped, motorcycle, or bike",Cruising on backroads in a comfortable car,High-speed rail looking out the window,Window seat on an airplane with music playing,Walking miles through quiet midnight streets,Subway systems with transit maps,Adventure
768,Travel & Adventure,What vehicle or transit mode do you enjoy the most (In High-Stress)?,"Two wheels—moped, motorcycle, or bike",Cruising on backroads in a comfortable car,High-speed rail looking out the window,Window seat on an airplane with music playing,Walking miles through quiet midnight streets,Subway systems with transit maps,Adventure
769,Travel & Adventure,What vehicle or transit mode do you enjoy the most (On Weekends)?,"Two wheels—moped, motorcycle, or bike",Cruising on backroads in a comfortable car,High-speed rail looking out the window,Window seat on an airplane with music playing,Walking miles through quiet midnight streets,Subway systems with transit maps,Adventure
770,Travel & Adventure,What vehicle or transit mode do you enjoy the most (With Strangers)?,"Two wheels—moped, motorcycle, or bike",Cruising on backroads in a comfortable car,High-speed rail looking out the window,Window seat on an airplane with music playing,Walking miles through quiet midnight streets,Subway systems with transit maps,Adventure
771,Travel & Adventure,What vehicle or transit mode do you enjoy the most (With Inner Circle)?,"Two wheels—moped, motorcycle, or bike",Cruising on backroads in a comfortable car,High-speed rail looking out the window,Window seat on an airplane with music playing,Walking miles through quiet midnight streets,Subway systems with transit maps,Adventure
772,Travel & Adventure,What vehicle or transit mode do you enjoy the most (Looking Back)?,"Two wheels—moped, motorcycle, or bike",Cruising on backroads in a comfortable car,High-speed rail looking out the window,Window seat on an airplane with music playing,Walking miles through quiet midnight streets,Subway systems with transit maps,Adventure
773,Travel & Adventure,What vehicle or transit mode do you enjoy the most (Looking Ahead)?,"Two wheels—moped, motorcycle, or bike",Cruising on backroads in a comfortable car,High-speed rail looking out the window,Window seat on an airplane with music playing,Walking miles through quiet midnight streets,Subway systems with transit maps,Adventure
774,Travel & Adventure,What vehicle or transit mode do you enjoy the most (Raw Instinct)?,"Two wheels—moped, motorcycle, or bike",Cruising on backroads in a comfortable car,High-speed rail looking out the window,Window seat on an airplane with music playing,Walking miles through quiet midnight streets,Subway systems with transit maps,Adventure
775,Travel & Adventure,What vehicle or transit mode do you enjoy the most (Calculated)?,"Two wheels—moped, motorcycle, or bike",Cruising on backroads in a comfortable car,High-speed rail looking out the window,Window seat on an airplane with music playing,Walking miles through quiet midnight streets,Subway systems with transit maps,Adventure
776,Travel & Adventure,What vehicle or transit mode do you enjoy the most (Deep Focus)?,"Two wheels—moped, motorcycle, or bike",Cruising on backroads in a comfortable car,High-speed rail looking out the window,Window seat on an airplane with music playing,Walking miles through quiet midnight streets,Subway systems with transit maps,Adventure
777,Travel & Adventure,What vehicle or transit mode do you enjoy the most (Late Night)?,"Two wheels—moped, motorcycle, or bike",Cruising on backroads in a comfortable car,High-speed rail looking out the window,Window seat on an airplane with music playing,Walking miles through quiet midnight streets,Subway systems with transit maps,Adventure
778,Travel & Adventure,What vehicle or transit mode do you enjoy the most (Social Vibe)?,"Two wheels—moped, motorcycle, or bike",Cruising on backroads in a comfortable car,High-speed rail looking out the window,Window seat on an airplane with music playing,Walking miles through quiet midnight streets,Subway systems with transit maps,Adventure
779,Travel & Adventure,What vehicle or transit mode do you enjoy the most (Solo Mode)?,"Two wheels—moped, motorcycle, or bike",Cruising on backroads in a comfortable car,High-speed rail looking out the window,Window seat on an airplane with music playing,Walking miles through quiet midnight streets,Subway systems with transit maps,Adventure
780,Travel & Adventure,What vehicle or transit mode do you enjoy the most (Real Talk)?,"Two wheels—moped, motorcycle, or bike",Cruising on backroads in a comfortable car,High-speed rail looking out the window,Window seat on an airplane with music playing,Walking miles through quiet midnight streets,Subway systems with transit maps,Adventure
781,Travel & Adventure,How do you handle getting lost in an unfamiliar place (Perspective A)?,Check GPS navigation calmly to re-route,Embrace it as an opportunity to discover cool spots,Feel brief panic until landmarks become recognizable,Ask a local for directions right away,Walk steadily in one direction until finding a main road,Follow gut instincts without looking at a screen,Adventure
782,Travel & Adventure,How do you handle getting lost in an unfamiliar place (Perspective B)?,Check GPS navigation calmly to re-route,Embrace it as an opportunity to discover cool spots,Feel brief panic until landmarks become recognizable,Ask a local for directions right away,Walk steadily in one direction until finding a main road,Follow gut instincts without looking at a screen,Adventure
783,Travel & Adventure,How do you handle getting lost in an unfamiliar place (In High-Stress)?,Check GPS navigation calmly to re-route,Embrace it as an opportunity to discover cool spots,Feel brief panic until landmarks become recognizable,Ask a local for directions right away,Walk steadily in one direction until finding a main road,Follow gut instincts without looking at a screen,Adventure
784,Travel & Adventure,How do you handle getting lost in an unfamiliar place (On Weekends)?,Check GPS navigation calmly to re-route,Embrace it as an opportunity to discover cool spots,Feel brief panic until landmarks become recognizable,Ask a local for directions right away,Walk steadily in one direction until finding a main road,Follow gut instincts without looking at a screen,Adventure
785,Travel & Adventure,How do you handle getting lost in an unfamiliar place (With Strangers)?,Check GPS navigation calmly to re-route,Embrace it as an opportunity to discover cool spots,Feel brief panic until landmarks become recognizable,Ask a local for directions right away,Walk steadily in one direction until finding a main road,Follow gut instincts without looking at a screen,Adventure
786,Travel & Adventure,How do you handle getting lost in an unfamiliar place (With Inner Circle)?,Check GPS navigation calmly to re-route,Embrace it as an opportunity to discover cool spots,Feel brief panic until landmarks become recognizable,Ask a local for directions right away,Walk steadily in one direction until finding a main road,Follow gut instincts without looking at a screen,Adventure
787,Travel & Adventure,How do you handle getting lost in an unfamiliar place (Looking Back)?,Check GPS navigation calmly to re-route,Embrace it as an opportunity to discover cool spots,Feel brief panic until landmarks become recognizable,Ask a local for directions right away,Walk steadily in one direction until finding a main road,Follow gut instincts without looking at a screen,Adventure
788,Travel & Adventure,How do you handle getting lost in an unfamiliar place (Looking Ahead)?,Check GPS navigation calmly to re-route,Embrace it as an opportunity to discover cool spots,Feel brief panic until landmarks become recognizable,Ask a local for directions right away,Walk steadily in one direction until finding a main road,Follow gut instincts without looking at a screen,Adventure
789,Travel & Adventure,How do you handle getting lost in an unfamiliar place (Raw Instinct)?,Check GPS navigation calmly to re-route,Embrace it as an opportunity to discover cool spots,Feel brief panic until landmarks become recognizable,Ask a local for directions right away,Walk steadily in one direction until finding a main road,Follow gut instincts without looking at a screen,Adventure
790,Travel & Adventure,How do you handle getting lost in an unfamiliar place (Calculated)?,Check GPS navigation calmly to re-route,Embrace it as an opportunity to discover cool spots,Feel brief panic until landmarks become recognizable,Ask a local for directions right away,Walk steadily in one direction until finding a main road,Follow gut instincts without looking at a screen,Adventure
791,Travel & Adventure,How do you handle getting lost in an unfamiliar place (Deep Focus)?,Check GPS navigation calmly to re-route,Embrace it as an opportunity to discover cool spots,Feel brief panic until landmarks become recognizable,Ask a local for directions right away,Walk steadily in one direction until finding a main road,Follow gut instincts without looking at a screen,Adventure
792,Travel & Adventure,How do you handle getting lost in an unfamiliar place (Late Night)?,Check GPS navigation calmly to re-route,Embrace it as an opportunity to discover cool spots,Feel brief panic until landmarks become recognizable,Ask a local for directions right away,Walk steadily in one direction until finding a main road,Follow gut instincts without looking at a screen,Adventure
793,Travel & Adventure,How do you handle getting lost in an unfamiliar place (Social Vibe)?,Check GPS navigation calmly to re-route,Embrace it as an opportunity to discover cool spots,Feel brief panic until landmarks become recognizable,Ask a local for directions right away,Walk steadily in one direction until finding a main road,Follow gut instincts without looking at a screen,Adventure
794,Travel & Adventure,How do you handle getting lost in an unfamiliar place (Solo Mode)?,Check GPS navigation calmly to re-route,Embrace it as an opportunity to discover cool spots,Feel brief panic until landmarks become recognizable,Ask a local for directions right away,Walk steadily in one direction until finding a main road,Follow gut instincts without looking at a screen,Adventure
795,Travel & Adventure,How do you handle getting lost in an unfamiliar place (Real Talk)?,Check GPS navigation calmly to re-route,Embrace it as an opportunity to discover cool spots,Feel brief panic until landmarks become recognizable,Ask a local for directions right away,Walk steadily in one direction until finding a main road,Follow gut instincts without looking at a screen,Adventure
796,Travel & Adventure,What is your must-have travel companion item (Perspective A)?,Noise-canceling headphones with long battery life,A dependable smartphone with offline maps loaded,A physical notebook or compact camera,A solid water bottle and emergency snacks,A versatile power bank with fast-charging cables,"A comfortable, durable pair of daily sneakers",Adventure
797,Travel & Adventure,What is your must-have travel companion item (Perspective B)?,Noise-canceling headphones with long battery life,A dependable smartphone with offline maps loaded,A physical notebook or compact camera,A solid water bottle and emergency snacks,A versatile power bank with fast-charging cables,"A comfortable, durable pair of daily sneakers",Adventure
798,Travel & Adventure,What is your must-have travel companion item (In High-Stress)?,Noise-canceling headphones with long battery life,A dependable smartphone with offline maps loaded,A physical notebook or compact camera,A solid water bottle and emergency snacks,A versatile power bank with fast-charging cables,"A comfortable, durable pair of daily sneakers",Adventure
799,Travel & Adventure,What is your must-have travel companion item (On Weekends)?,Noise-canceling headphones with long battery life,A dependable smartphone with offline maps loaded,A physical notebook or compact camera,A solid water bottle and emergency snacks,A versatile power bank with fast-charging cables,"A comfortable, durable pair of daily sneakers",Adventure
800,Travel & Adventure,What is your must-have travel companion item (With Strangers)?,Noise-canceling headphones with long battery life,A dependable smartphone with offline maps loaded,A physical notebook or compact camera,A solid water bottle and emergency snacks,A versatile power bank with fast-charging cables,"A comfortable, durable pair of daily sneakers",Adventure
801,Travel & Adventure,What is your must-have travel companion item (With Inner Circle)?,Noise-canceling headphones with long battery life,A dependable smartphone with offline maps loaded,A physical notebook or compact camera,A solid water bottle and emergency snacks,A versatile power bank with fast-charging cables,"A comfortable, durable pair of daily sneakers",Adventure
802,Travel & Adventure,What is your must-have travel companion item (Looking Back)?,Noise-canceling headphones with long battery life,A dependable smartphone with offline maps loaded,A physical notebook or compact camera,A solid water bottle and emergency snacks,A versatile power bank with fast-charging cables,"A comfortable, durable pair of daily sneakers",Adventure
803,Travel & Adventure,What is your must-have travel companion item (Looking Ahead)?,Noise-canceling headphones with long battery life,A dependable smartphone with offline maps loaded,A physical notebook or compact camera,A solid water bottle and emergency snacks,A versatile power bank with fast-charging cables,"A comfortable, durable pair of daily sneakers",Adventure
804,Travel & Adventure,What is your must-have travel companion item (Raw Instinct)?,Noise-canceling headphones with long battery life,A dependable smartphone with offline maps loaded,A physical notebook or compact camera,A solid water bottle and emergency snacks,A versatile power bank with fast-charging cables,"A comfortable, durable pair of daily sneakers",Adventure
805,Travel & Adventure,What is your must-have travel companion item (Calculated)?,Noise-canceling headphones with long battery life,A dependable smartphone with offline maps loaded,A physical notebook or compact camera,A solid water bottle and emergency snacks,A versatile power bank with fast-charging cables,"A comfortable, durable pair of daily sneakers",Adventure
806,Travel & Adventure,What is your must-have travel companion item (Deep Focus)?,Noise-canceling headphones with long battery life,A dependable smartphone with offline maps loaded,A physical notebook or compact camera,A solid water bottle and emergency snacks,A versatile power bank with fast-charging cables,"A comfortable, durable pair of daily sneakers",Adventure
807,Travel & Adventure,What is your must-have travel companion item (Late Night)?,Noise-canceling headphones with long battery life,A dependable smartphone with offline maps loaded,A physical notebook or compact camera,A solid water bottle and emergency snacks,A versatile power bank with fast-charging cables,"A comfortable, durable pair of daily sneakers",Adventure
808,Travel & Adventure,What is your must-have travel companion item (Social Vibe)?,Noise-canceling headphones with long battery life,A dependable smartphone with offline maps loaded,A physical notebook or compact camera,A solid water bottle and emergency snacks,A versatile power bank with fast-charging cables,"A comfortable, durable pair of daily sneakers",Adventure
809,Travel & Adventure,What is your must-have travel companion item (Solo Mode)?,Noise-canceling headphones with long battery life,A dependable smartphone with offline maps loaded,A physical notebook or compact camera,A solid water bottle and emergency snacks,A versatile power bank with fast-charging cables,"A comfortable, durable pair of daily sneakers",Adventure
810,Travel & Adventure,What is your must-have travel companion item (Real Talk)?,Noise-canceling headphones with long battery life,A dependable smartphone with offline maps loaded,A physical notebook or compact camera,A solid water bottle and emergency snacks,A versatile power bank with fast-charging cables,"A comfortable, durable pair of daily sneakers",Adventure
811,Travel & Adventure,What draws you to explore a new city or country (Perspective A)?,Local food scenes and underground street spots,"Architecture, viewpoints, and scenic photo spots",Visiting friends or connecting with creative peers,"Experiencing local transit, roads, and machinery",Escaping the routine of daily hometown life,"Niche tech markets, local arcades, and shops",Adventure
812,Travel & Adventure,What draws you to explore a new city or country (Perspective B)?,Local food scenes and underground street spots,"Architecture, viewpoints, and scenic photo spots",Visiting friends or connecting with creative peers,"Experiencing local transit, roads, and machinery",Escaping the routine of daily hometown life,"Niche tech markets, local arcades, and shops",Adventure
813,Travel & Adventure,What draws you to explore a new city or country (In High-Stress)?,Local food scenes and underground street spots,"Architecture, viewpoints, and scenic photo spots",Visiting friends or connecting with creative peers,"Experiencing local transit, roads, and machinery",Escaping the routine of daily hometown life,"Niche tech markets, local arcades, and shops",Adventure
814,Travel & Adventure,What draws you to explore a new city or country (On Weekends)?,Local food scenes and underground street spots,"Architecture, viewpoints, and scenic photo spots",Visiting friends or connecting with creative peers,"Experiencing local transit, roads, and machinery",Escaping the routine of daily hometown life,"Niche tech markets, local arcades, and shops",Adventure
815,Travel & Adventure,What draws you to explore a new city or country (With Strangers)?,Local food scenes and underground street spots,"Architecture, viewpoints, and scenic photo spots",Visiting friends or connecting with creative peers,"Experiencing local transit, roads, and machinery",Escaping the routine of daily hometown life,"Niche tech markets, local arcades, and shops",Adventure
816,Travel & Adventure,What draws you to explore a new city or country (With Inner Circle)?,Local food scenes and underground street spots,"Architecture, viewpoints, and scenic photo spots",Visiting friends or connecting with creative peers,"Experiencing local transit, roads, and machinery",Escaping the routine of daily hometown life,"Niche tech markets, local arcades, and shops",Adventure
817,Travel & Adventure,What draws you to explore a new city or country (Looking Back)?,Local food scenes and underground street spots,"Architecture, viewpoints, and scenic photo spots",Visiting friends or connecting with creative peers,"Experiencing local transit, roads, and machinery",Escaping the routine of daily hometown life,"Niche tech markets, local arcades, and shops",Adventure
818,Travel & Adventure,What draws you to explore a new city or country (Looking Ahead)?,Local food scenes and underground street spots,"Architecture, viewpoints, and scenic photo spots",Visiting friends or connecting with creative peers,"Experiencing local transit, roads, and machinery",Escaping the routine of daily hometown life,"Niche tech markets, local arcades, and shops",Adventure
819,Travel & Adventure,What draws you to explore a new city or country (Raw Instinct)?,Local food scenes and underground street spots,"Architecture, viewpoints, and scenic photo spots",Visiting friends or connecting with creative peers,"Experiencing local transit, roads, and machinery",Escaping the routine of daily hometown life,"Niche tech markets, local arcades, and shops",Adventure
820,Travel & Adventure,What draws you to explore a new city or country (Calculated)?,Local food scenes and underground street spots,"Architecture, viewpoints, and scenic photo spots",Visiting friends or connecting with creative peers,"Experiencing local transit, roads, and machinery",Escaping the routine of daily hometown life,"Niche tech markets, local arcades, and shops",Adventure
821,Travel & Adventure,What draws you to explore a new city or country (Deep Focus)?,Local food scenes and underground street spots,"Architecture, viewpoints, and scenic photo spots",Visiting friends or connecting with creative peers,"Experiencing local transit, roads, and machinery",Escaping the routine of daily hometown life,"Niche tech markets, local arcades, and shops",Adventure
822,Travel & Adventure,What draws you to explore a new city or country (Late Night)?,Local food scenes and underground street spots,"Architecture, viewpoints, and scenic photo spots",Visiting friends or connecting with creative peers,"Experiencing local transit, roads, and machinery",Escaping the routine of daily hometown life,"Niche tech markets, local arcades, and shops",Adventure
823,Travel & Adventure,What draws you to explore a new city or country (Social Vibe)?,Local food scenes and underground street spots,"Architecture, viewpoints, and scenic photo spots",Visiting friends or connecting with creative peers,"Experiencing local transit, roads, and machinery",Escaping the routine of daily hometown life,"Niche tech markets, local arcades, and shops",Adventure
824,Travel & Adventure,What draws you to explore a new city or country (Solo Mode)?,Local food scenes and underground street spots,"Architecture, viewpoints, and scenic photo spots",Visiting friends or connecting with creative peers,"Experiencing local transit, roads, and machinery",Escaping the routine of daily hometown life,"Niche tech markets, local arcades, and shops",Adventure
825,Travel & Adventure,What draws you to explore a new city or country (Real Talk)?,Local food scenes and underground street spots,"Architecture, viewpoints, and scenic photo spots",Visiting friends or connecting with creative peers,"Experiencing local transit, roads, and machinery",Escaping the routine of daily hometown life,"Niche tech markets, local arcades, and shops",Adventure
826,Travel & Adventure,What is your tolerance for budget travel discomfort (Perspective A)?,Can sleep on train benches or floor mats without issue,"Need a clean, quiet bed to recharge properly",Fine with bare-bones hostels if the vibe is friendly,Willing to spend extra for privacy and comfort,Value adventure and independence over luxury,Depends entirely on the company I am traveling with,Adventure
827,Travel & Adventure,What is your tolerance for budget travel discomfort (Perspective B)?,Can sleep on train benches or floor mats without issue,"Need a clean, quiet bed to recharge properly",Fine with bare-bones hostels if the vibe is friendly,Willing to spend extra for privacy and comfort,Value adventure and independence over luxury,Depends entirely on the company I am traveling with,Adventure
828,Travel & Adventure,What is your tolerance for budget travel discomfort (In High-Stress)?,Can sleep on train benches or floor mats without issue,"Need a clean, quiet bed to recharge properly",Fine with bare-bones hostels if the vibe is friendly,Willing to spend extra for privacy and comfort,Value adventure and independence over luxury,Depends entirely on the company I am traveling with,Adventure
829,Travel & Adventure,What is your tolerance for budget travel discomfort (On Weekends)?,Can sleep on train benches or floor mats without issue,"Need a clean, quiet bed to recharge properly",Fine with bare-bones hostels if the vibe is friendly,Willing to spend extra for privacy and comfort,Value adventure and independence over luxury,Depends entirely on the company I am traveling with,Adventure
830,Travel & Adventure,What is your tolerance for budget travel discomfort (With Strangers)?,Can sleep on train benches or floor mats without issue,"Need a clean, quiet bed to recharge properly",Fine with bare-bones hostels if the vibe is friendly,Willing to spend extra for privacy and comfort,Value adventure and independence over luxury,Depends entirely on the company I am traveling with,Adventure
831,Travel & Adventure,What is your tolerance for budget travel discomfort (With Inner Circle)?,Can sleep on train benches or floor mats without issue,"Need a clean, quiet bed to recharge properly",Fine with bare-bones hostels if the vibe is friendly,Willing to spend extra for privacy and comfort,Value adventure and independence over luxury,Depends entirely on the company I am traveling with,Adventure
832,Travel & Adventure,What is your tolerance for budget travel discomfort (Looking Back)?,Can sleep on train benches or floor mats without issue,"Need a clean, quiet bed to recharge properly",Fine with bare-bones hostels if the vibe is friendly,Willing to spend extra for privacy and comfort,Value adventure and independence over luxury,Depends entirely on the company I am traveling with,Adventure
833,Travel & Adventure,What is your tolerance for budget travel discomfort (Looking Ahead)?,Can sleep on train benches or floor mats without issue,"Need a clean, quiet bed to recharge properly",Fine with bare-bones hostels if the vibe is friendly,Willing to spend extra for privacy and comfort,Value adventure and independence over luxury,Depends entirely on the company I am traveling with,Adventure
834,Travel & Adventure,What is your tolerance for budget travel discomfort (Raw Instinct)?,Can sleep on train benches or floor mats without issue,"Need a clean, quiet bed to recharge properly",Fine with bare-bones hostels if the vibe is friendly,Willing to spend extra for privacy and comfort,Value adventure and independence over luxury,Depends entirely on the company I am traveling with,Adventure
835,Travel & Adventure,What is your tolerance for budget travel discomfort (Calculated)?,Can sleep on train benches or floor mats without issue,"Need a clean, quiet bed to recharge properly",Fine with bare-bones hostels if the vibe is friendly,Willing to spend extra for privacy and comfort,Value adventure and independence over luxury,Depends entirely on the company I am traveling with,Adventure
836,Travel & Adventure,What is your tolerance for budget travel discomfort (Deep Focus)?,Can sleep on train benches or floor mats without issue,"Need a clean, quiet bed to recharge properly",Fine with bare-bones hostels if the vibe is friendly,Willing to spend extra for privacy and comfort,Value adventure and independence over luxury,Depends entirely on the company I am traveling with,Adventure
837,Travel & Adventure,What is your tolerance for budget travel discomfort (Late Night)?,Can sleep on train benches or floor mats without issue,"Need a clean, quiet bed to recharge properly",Fine with bare-bones hostels if the vibe is friendly,Willing to spend extra for privacy and comfort,Value adventure and independence over luxury,Depends entirely on the company I am traveling with,Adventure
838,Travel & Adventure,What is your tolerance for budget travel discomfort (Social Vibe)?,Can sleep on train benches or floor mats without issue,"Need a clean, quiet bed to recharge properly",Fine with bare-bones hostels if the vibe is friendly,Willing to spend extra for privacy and comfort,Value adventure and independence over luxury,Depends entirely on the company I am traveling with,Adventure
839,Travel & Adventure,What is your tolerance for budget travel discomfort (Solo Mode)?,Can sleep on train benches or floor mats without issue,"Need a clean, quiet bed to recharge properly",Fine with bare-bones hostels if the vibe is friendly,Willing to spend extra for privacy and comfort,Value adventure and independence over luxury,Depends entirely on the company I am traveling with,Adventure
840,Travel & Adventure,What is your tolerance for budget travel discomfort (Real Talk)?,Can sleep on train benches or floor mats without issue,"Need a clean, quiet bed to recharge properly",Fine with bare-bones hostels if the vibe is friendly,Willing to spend extra for privacy and comfort,Value adventure and independence over luxury,Depends entirely on the company I am traveling with,Adventure
841,Future Dreams & Ambition,Where do you focus the bulk of your personal ambition (Perspective A)?,Building elite technical or programming mastery,Launching autonomous self-sustaining projects,Achieving complete financial and physical freedom,Creating memorable creative works and tools for others,Providing stability and support for my inner circle,Exploring every curiosity without being tied down,Ambition
842,Future Dreams & Ambition,Where do you focus the bulk of your personal ambition (Perspective B)?,Building elite technical or programming mastery,Launching autonomous self-sustaining projects,Achieving complete financial and physical freedom,Creating memorable creative works and tools for others,Providing stability and support for my inner circle,Exploring every curiosity without being tied down,Ambition
843,Future Dreams & Ambition,Where do you focus the bulk of your personal ambition (In High-Stress)?,Building elite technical or programming mastery,Launching autonomous self-sustaining projects,Achieving complete financial and physical freedom,Creating memorable creative works and tools for others,Providing stability and support for my inner circle,Exploring every curiosity without being tied down,Ambition
844,Future Dreams & Ambition,Where do you focus the bulk of your personal ambition (On Weekends)?,Building elite technical or programming mastery,Launching autonomous self-sustaining projects,Achieving complete financial and physical freedom,Creating memorable creative works and tools for others,Providing stability and support for my inner circle,Exploring every curiosity without being tied down,Ambition
845,Future Dreams & Ambition,Where do you focus the bulk of your personal ambition (With Strangers)?,Building elite technical or programming mastery,Launching autonomous self-sustaining projects,Achieving complete financial and physical freedom,Creating memorable creative works and tools for others,Providing stability and support for my inner circle,Exploring every curiosity without being tied down,Ambition
846,Future Dreams & Ambition,Where do you focus the bulk of your personal ambition (With Inner Circle)?,Building elite technical or programming mastery,Launching autonomous self-sustaining projects,Achieving complete financial and physical freedom,Creating memorable creative works and tools for others,Providing stability and support for my inner circle,Exploring every curiosity without being tied down,Ambition
847,Future Dreams & Ambition,Where do you focus the bulk of your personal ambition (Looking Back)?,Building elite technical or programming mastery,Launching autonomous self-sustaining projects,Achieving complete financial and physical freedom,Creating memorable creative works and tools for others,Providing stability and support for my inner circle,Exploring every curiosity without being tied down,Ambition
848,Future Dreams & Ambition,Where do you focus the bulk of your personal ambition (Looking Ahead)?,Building elite technical or programming mastery,Launching autonomous self-sustaining projects,Achieving complete financial and physical freedom,Creating memorable creative works and tools for others,Providing stability and support for my inner circle,Exploring every curiosity without being tied down,Ambition
849,Future Dreams & Ambition,Where do you focus the bulk of your personal ambition (Raw Instinct)?,Building elite technical or programming mastery,Launching autonomous self-sustaining projects,Achieving complete financial and physical freedom,Creating memorable creative works and tools for others,Providing stability and support for my inner circle,Exploring every curiosity without being tied down,Ambition
850,Future Dreams & Ambition,Where do you focus the bulk of your personal ambition (Calculated)?,Building elite technical or programming mastery,Launching autonomous self-sustaining projects,Achieving complete financial and physical freedom,Creating memorable creative works and tools for others,Providing stability and support for my inner circle,Exploring every curiosity without being tied down,Ambition
851,Future Dreams & Ambition,Where do you focus the bulk of your personal ambition (Deep Focus)?,Building elite technical or programming mastery,Launching autonomous self-sustaining projects,Achieving complete financial and physical freedom,Creating memorable creative works and tools for others,Providing stability and support for my inner circle,Exploring every curiosity without being tied down,Ambition
852,Future Dreams & Ambition,Where do you focus the bulk of your personal ambition (Late Night)?,Building elite technical or programming mastery,Launching autonomous self-sustaining projects,Achieving complete financial and physical freedom,Creating memorable creative works and tools for others,Providing stability and support for my inner circle,Exploring every curiosity without being tied down,Ambition
853,Future Dreams & Ambition,Where do you focus the bulk of your personal ambition (Social Vibe)?,Building elite technical or programming mastery,Launching autonomous self-sustaining projects,Achieving complete financial and physical freedom,Creating memorable creative works and tools for others,Providing stability and support for my inner circle,Exploring every curiosity without being tied down,Ambition
854,Future Dreams & Ambition,Where do you focus the bulk of your personal ambition (Solo Mode)?,Building elite technical or programming mastery,Launching autonomous self-sustaining projects,Achieving complete financial and physical freedom,Creating memorable creative works and tools for others,Providing stability and support for my inner circle,Exploring every curiosity without being tied down,Ambition
855,Future Dreams & Ambition,Where do you focus the bulk of your personal ambition (Real Talk)?,Building elite technical or programming mastery,Launching autonomous self-sustaining projects,Achieving complete financial and physical freedom,Creating memorable creative works and tools for others,Providing stability and support for my inner circle,Exploring every curiosity without being tied down,Ambition
856,Future Dreams & Ambition,What is your dream living situation five years from now (Perspective A)?,A clean modern home setup with high-end tech gear,A remote retreat close to nature and mountain roads,A stylish loft apartment in a lively cultural city,A dual-living setup splitting time between places,A practical minimalist flat with zero excess clutter,Wherever my work and closest companions happen to be,Ambition
857,Future Dreams & Ambition,What is your dream living situation five years from now (Perspective B)?,A clean modern home setup with high-end tech gear,A remote retreat close to nature and mountain roads,A stylish loft apartment in a lively cultural city,A dual-living setup splitting time between places,A practical minimalist flat with zero excess clutter,Wherever my work and closest companions happen to be,Ambition
858,Future Dreams & Ambition,What is your dream living situation five years from now (In High-Stress)?,A clean modern home setup with high-end tech gear,A remote retreat close to nature and mountain roads,A stylish loft apartment in a lively cultural city,A dual-living setup splitting time between places,A practical minimalist flat with zero excess clutter,Wherever my work and closest companions happen to be,Ambition
859,Future Dreams & Ambition,What is your dream living situation five years from now (On Weekends)?,A clean modern home setup with high-end tech gear,A remote retreat close to nature and mountain roads,A stylish loft apartment in a lively cultural city,A dual-living setup splitting time between places,A practical minimalist flat with zero excess clutter,Wherever my work and closest companions happen to be,Ambition
860,Future Dreams & Ambition,What is your dream living situation five years from now (With Strangers)?,A clean modern home setup with high-end tech gear,A remote retreat close to nature and mountain roads,A stylish loft apartment in a lively cultural city,A dual-living setup splitting time between places,A practical minimalist flat with zero excess clutter,Wherever my work and closest companions happen to be,Ambition
861,Future Dreams & Ambition,What is your dream living situation five years from now (With Inner Circle)?,A clean modern home setup with high-end tech gear,A remote retreat close to nature and mountain roads,A stylish loft apartment in a lively cultural city,A dual-living setup splitting time between places,A practical minimalist flat with zero excess clutter,Wherever my work and closest companions happen to be,Ambition
862,Future Dreams & Ambition,What is your dream living situation five years from now (Looking Back)?,A clean modern home setup with high-end tech gear,A remote retreat close to nature and mountain roads,A stylish loft apartment in a lively cultural city,A dual-living setup splitting time between places,A practical minimalist flat with zero excess clutter,Wherever my work and closest companions happen to be,Ambition
863,Future Dreams & Ambition,What is your dream living situation five years from now (Looking Ahead)?,A clean modern home setup with high-end tech gear,A remote retreat close to nature and mountain roads,A stylish loft apartment in a lively cultural city,A dual-living setup splitting time between places,A practical minimalist flat with zero excess clutter,Wherever my work and closest companions happen to be,Ambition
864,Future Dreams & Ambition,What is your dream living situation five years from now (Raw Instinct)?,A clean modern home setup with high-end tech gear,A remote retreat close to nature and mountain roads,A stylish loft apartment in a lively cultural city,A dual-living setup splitting time between places,A practical minimalist flat with zero excess clutter,Wherever my work and closest companions happen to be,Ambition
865,Future Dreams & Ambition,What is your dream living situation five years from now (Calculated)?,A clean modern home setup with high-end tech gear,A remote retreat close to nature and mountain roads,A stylish loft apartment in a lively cultural city,A dual-living setup splitting time between places,A practical minimalist flat with zero excess clutter,Wherever my work and closest companions happen to be,Ambition
866,Future Dreams & Ambition,What is your dream living situation five years from now (Deep Focus)?,A clean modern home setup with high-end tech gear,A remote retreat close to nature and mountain roads,A stylish loft apartment in a lively cultural city,A dual-living setup splitting time between places,A practical minimalist flat with zero excess clutter,Wherever my work and closest companions happen to be,Ambition
867,Future Dreams & Ambition,What is your dream living situation five years from now (Late Night)?,A clean modern home setup with high-end tech gear,A remote retreat close to nature and mountain roads,A stylish loft apartment in a lively cultural city,A dual-living setup splitting time between places,A practical minimalist flat with zero excess clutter,Wherever my work and closest companions happen to be,Ambition
868,Future Dreams & Ambition,What is your dream living situation five years from now (Social Vibe)?,A clean modern home setup with high-end tech gear,A remote retreat close to nature and mountain roads,A stylish loft apartment in a lively cultural city,A dual-living setup splitting time between places,A practical minimalist flat with zero excess clutter,Wherever my work and closest companions happen to be,Ambition
869,Future Dreams & Ambition,What is your dream living situation five years from now (Solo Mode)?,A clean modern home setup with high-end tech gear,A remote retreat close to nature and mountain roads,A stylish loft apartment in a lively cultural city,A dual-living setup splitting time between places,A practical minimalist flat with zero excess clutter,Wherever my work and closest companions happen to be,Ambition
870,Future Dreams & Ambition,What is your dream living situation five years from now (Real Talk)?,A clean modern home setup with high-end tech gear,A remote retreat close to nature and mountain roads,A stylish loft apartment in a lively cultural city,A dual-living setup splitting time between places,A practical minimalist flat with zero excess clutter,Wherever my work and closest companions happen to be,Ambition
871,Future Dreams & Ambition,How do you approach learning difficult new skills (Perspective A)?,Break it down into hands-on projects and learn by failing,Read technical documentation and guides systematically,Watch expert breakdowns and reverse-engineer results,Find an experienced mentor to guide the early steps,Immerse myself obsessively for two straight weeks,Test concepts through rapid trial and error,Ambition
872,Future Dreams & Ambition,How do you approach learning difficult new skills (Perspective B)?,Break it down into hands-on projects and learn by failing,Read technical documentation and guides systematically,Watch expert breakdowns and reverse-engineer results,Find an experienced mentor to guide the early steps,Immerse myself obsessively for two straight weeks,Test concepts through rapid trial and error,Ambition
873,Future Dreams & Ambition,How do you approach learning difficult new skills (In High-Stress)?,Break it down into hands-on projects and learn by failing,Read technical documentation and guides systematically,Watch expert breakdowns and reverse-engineer results,Find an experienced mentor to guide the early steps,Immerse myself obsessively for two straight weeks,Test concepts through rapid trial and error,Ambition
874,Future Dreams & Ambition,How do you approach learning difficult new skills (On Weekends)?,Break it down into hands-on projects and learn by failing,Read technical documentation and guides systematically,Watch expert breakdowns and reverse-engineer results,Find an experienced mentor to guide the early steps,Immerse myself obsessively for two straight weeks,Test concepts through rapid trial and error,Ambition
875,Future Dreams & Ambition,How do you approach learning difficult new skills (With Strangers)?,Break it down into hands-on projects and learn by failing,Read technical documentation and guides systematically,Watch expert breakdowns and reverse-engineer results,Find an experienced mentor to guide the early steps,Immerse myself obsessively for two straight weeks,Test concepts through rapid trial and error,Ambition
876,Future Dreams & Ambition,How do you approach learning difficult new skills (With Inner Circle)?,Break it down into hands-on projects and learn by failing,Read technical documentation and guides systematically,Watch expert breakdowns and reverse-engineer results,Find an experienced mentor to guide the early steps,Immerse myself obsessively for two straight weeks,Test concepts through rapid trial and error,Ambition
877,Future Dreams & Ambition,How do you approach learning difficult new skills (Looking Back)?,Break it down into hands-on projects and learn by failing,Read technical documentation and guides systematically,Watch expert breakdowns and reverse-engineer results,Find an experienced mentor to guide the early steps,Immerse myself obsessively for two straight weeks,Test concepts through rapid trial and error,Ambition
878,Future Dreams & Ambition,How do you approach learning difficult new skills (Looking Ahead)?,Break it down into hands-on projects and learn by failing,Read technical documentation and guides systematically,Watch expert breakdowns and reverse-engineer results,Find an experienced mentor to guide the early steps,Immerse myself obsessively for two straight weeks,Test concepts through rapid trial and error,Ambition
879,Future Dreams & Ambition,How do you approach learning difficult new skills (Raw Instinct)?,Break it down into hands-on projects and learn by failing,Read technical documentation and guides systematically,Watch expert breakdowns and reverse-engineer results,Find an experienced mentor to guide the early steps,Immerse myself obsessively for two straight weeks,Test concepts through rapid trial and error,Ambition
880,Future Dreams & Ambition,How do you approach learning difficult new skills (Calculated)?,Break it down into hands-on projects and learn by failing,Read technical documentation and guides systematically,Watch expert breakdowns and reverse-engineer results,Find an experienced mentor to guide the early steps,Immerse myself obsessively for two straight weeks,Test concepts through rapid trial and error,Ambition
881,Future Dreams & Ambition,How do you approach learning difficult new skills (Deep Focus)?,Break it down into hands-on projects and learn by failing,Read technical documentation and guides systematically,Watch expert breakdowns and reverse-engineer results,Find an experienced mentor to guide the early steps,Immerse myself obsessively for two straight weeks,Test concepts through rapid trial and error,Ambition
882,Future Dreams & Ambition,How do you approach learning difficult new skills (Late Night)?,Break it down into hands-on projects and learn by failing,Read technical documentation and guides systematically,Watch expert breakdowns and reverse-engineer results,Find an experienced mentor to guide the early steps,Immerse myself obsessively for two straight weeks,Test concepts through rapid trial and error,Ambition
883,Future Dreams & Ambition,How do you approach learning difficult new skills (Social Vibe)?,Break it down into hands-on projects and learn by failing,Read technical documentation and guides systematically,Watch expert breakdowns and reverse-engineer results,Find an experienced mentor to guide the early steps,Immerse myself obsessively for two straight weeks,Test concepts through rapid trial and error,Ambition
884,Future Dreams & Ambition,How do you approach learning difficult new skills (Solo Mode)?,Break it down into hands-on projects and learn by failing,Read technical documentation and guides systematically,Watch expert breakdowns and reverse-engineer results,Find an experienced mentor to guide the early steps,Immerse myself obsessively for two straight weeks,Test concepts through rapid trial and error,Ambition
885,Future Dreams & Ambition,How do you approach learning difficult new skills (Real Talk)?,Break it down into hands-on projects and learn by failing,Read technical documentation and guides systematically,Watch expert breakdowns and reverse-engineer results,Find an experienced mentor to guide the early steps,Immerse myself obsessively for two straight weeks,Test concepts through rapid trial and error,Ambition
886,Future Dreams & Ambition,What career or project dynamic motivates you most (Perspective A)?,Working autonomously with zero micromanagement,"Collaborating closely with a small, elite peer group",Solving complex logical challenges that stump others,Direct feedback and tangible appreciation from users,Building things that remain useful years down the line,Continually being challenged with novel problems,Ambition
887,Future Dreams & Ambition,What career or project dynamic motivates you most (Perspective B)?,Working autonomously with zero micromanagement,"Collaborating closely with a small, elite peer group",Solving complex logical challenges that stump others,Direct feedback and tangible appreciation from users,Building things that remain useful years down the line,Continually being challenged with novel problems,Ambition
888,Future Dreams & Ambition,What career or project dynamic motivates you most (In High-Stress)?,Working autonomously with zero micromanagement,"Collaborating closely with a small, elite peer group",Solving complex logical challenges that stump others,Direct feedback and tangible appreciation from users,Building things that remain useful years down the line,Continually being challenged with novel problems,Ambition
889,Future Dreams & Ambition,What career or project dynamic motivates you most (On Weekends)?,Working autonomously with zero micromanagement,"Collaborating closely with a small, elite peer group",Solving complex logical challenges that stump others,Direct feedback and tangible appreciation from users,Building things that remain useful years down the line,Continually being challenged with novel problems,Ambition
890,Future Dreams & Ambition,What career or project dynamic motivates you most (With Strangers)?,Working autonomously with zero micromanagement,"Collaborating closely with a small, elite peer group",Solving complex logical challenges that stump others,Direct feedback and tangible appreciation from users,Building things that remain useful years down the line,Continually being challenged with novel problems,Ambition
891,Future Dreams & Ambition,What career or project dynamic motivates you most (With Inner Circle)?,Working autonomously with zero micromanagement,"Collaborating closely with a small, elite peer group",Solving complex logical challenges that stump others,Direct feedback and tangible appreciation from users,Building things that remain useful years down the line,Continually being challenged with novel problems,Ambition
892,Future Dreams & Ambition,What career or project dynamic motivates you most (Looking Back)?,Working autonomously with zero micromanagement,"Collaborating closely with a small, elite peer group",Solving complex logical challenges that stump others,Direct feedback and tangible appreciation from users,Building things that remain useful years down the line,Continually being challenged with novel problems,Ambition
893,Future Dreams & Ambition,What career or project dynamic motivates you most (Looking Ahead)?,Working autonomously with zero micromanagement,"Collaborating closely with a small, elite peer group",Solving complex logical challenges that stump others,Direct feedback and tangible appreciation from users,Building things that remain useful years down the line,Continually being challenged with novel problems,Ambition
894,Future Dreams & Ambition,What career or project dynamic motivates you most (Raw Instinct)?,Working autonomously with zero micromanagement,"Collaborating closely with a small, elite peer group",Solving complex logical challenges that stump others,Direct feedback and tangible appreciation from users,Building things that remain useful years down the line,Continually being challenged with novel problems,Ambition
895,Future Dreams & Ambition,What career or project dynamic motivates you most (Calculated)?,Working autonomously with zero micromanagement,"Collaborating closely with a small, elite peer group",Solving complex logical challenges that stump others,Direct feedback and tangible appreciation from users,Building things that remain useful years down the line,Continually being challenged with novel problems,Ambition
896,Future Dreams & Ambition,What career or project dynamic motivates you most (Deep Focus)?,Working autonomously with zero micromanagement,"Collaborating closely with a small, elite peer group",Solving complex logical challenges that stump others,Direct feedback and tangible appreciation from users,Building things that remain useful years down the line,Continually being challenged with novel problems,Ambition
897,Future Dreams & Ambition,What career or project dynamic motivates you most (Late Night)?,Working autonomously with zero micromanagement,"Collaborating closely with a small, elite peer group",Solving complex logical challenges that stump others,Direct feedback and tangible appreciation from users,Building things that remain useful years down the line,Continually being challenged with novel problems,Ambition
898,Future Dreams & Ambition,What career or project dynamic motivates you most (Social Vibe)?,Working autonomously with zero micromanagement,"Collaborating closely with a small, elite peer group",Solving complex logical challenges that stump others,Direct feedback and tangible appreciation from users,Building things that remain useful years down the line,Continually being challenged with novel problems,Ambition
899,Future Dreams & Ambition,What career or project dynamic motivates you most (Solo Mode)?,Working autonomously with zero micromanagement,"Collaborating closely with a small, elite peer group",Solving complex logical challenges that stump others,Direct feedback and tangible appreciation from users,Building things that remain useful years down the line,Continually being challenged with novel problems,Ambition
900,Future Dreams & Ambition,What career or project dynamic motivates you most (Real Talk)?,Working autonomously with zero micromanagement,"Collaborating closely with a small, elite peer group",Solving complex logical challenges that stump others,Direct feedback and tangible appreciation from users,Building things that remain useful years down the line,Continually being challenged with novel problems,Ambition
901,Future Dreams & Ambition,What does financial freedom mean to you (Perspective A)?,Never having to check the price tag on daily essentials,The power to walk away from any toxic environment,Being able to fund personal projects without restraint,Retiring early to pursue hobbies full-time,Supporting my family and close friends without stress,Traveling whenever the impulse strikes,Ambition
902,Future Dreams & Ambition,What does financial freedom mean to you (Perspective B)?,Never having to check the price tag on daily essentials,The power to walk away from any toxic environment,Being able to fund personal projects without restraint,Retiring early to pursue hobbies full-time,Supporting my family and close friends without stress,Traveling whenever the impulse strikes,Ambition
903,Future Dreams & Ambition,What does financial freedom mean to you (In High-Stress)?,Never having to check the price tag on daily essentials,The power to walk away from any toxic environment,Being able to fund personal projects without restraint,Retiring early to pursue hobbies full-time,Supporting my family and close friends without stress,Traveling whenever the impulse strikes,Ambition
904,Future Dreams & Ambition,What does financial freedom mean to you (On Weekends)?,Never having to check the price tag on daily essentials,The power to walk away from any toxic environment,Being able to fund personal projects without restraint,Retiring early to pursue hobbies full-time,Supporting my family and close friends without stress,Traveling whenever the impulse strikes,Ambition
905,Future Dreams & Ambition,What does financial freedom mean to you (With Strangers)?,Never having to check the price tag on daily essentials,The power to walk away from any toxic environment,Being able to fund personal projects without restraint,Retiring early to pursue hobbies full-time,Supporting my family and close friends without stress,Traveling whenever the impulse strikes,Ambition
906,Future Dreams & Ambition,What does financial freedom mean to you (With Inner Circle)?,Never having to check the price tag on daily essentials,The power to walk away from any toxic environment,Being able to fund personal projects without restraint,Retiring early to pursue hobbies full-time,Supporting my family and close friends without stress,Traveling whenever the impulse strikes,Ambition
907,Future Dreams & Ambition,What does financial freedom mean to you (Looking Back)?,Never having to check the price tag on daily essentials,The power to walk away from any toxic environment,Being able to fund personal projects without restraint,Retiring early to pursue hobbies full-time,Supporting my family and close friends without stress,Traveling whenever the impulse strikes,Ambition
908,Future Dreams & Ambition,What does financial freedom mean to you (Looking Ahead)?,Never having to check the price tag on daily essentials,The power to walk away from any toxic environment,Being able to fund personal projects without restraint,Retiring early to pursue hobbies full-time,Supporting my family and close friends without stress,Traveling whenever the impulse strikes,Ambition
909,Future Dreams & Ambition,What does financial freedom mean to you (Raw Instinct)?,Never having to check the price tag on daily essentials,The power to walk away from any toxic environment,Being able to fund personal projects without restraint,Retiring early to pursue hobbies full-time,Supporting my family and close friends without stress,Traveling whenever the impulse strikes,Ambition
910,Future Dreams & Ambition,What does financial freedom mean to you (Calculated)?,Never having to check the price tag on daily essentials,The power to walk away from any toxic environment,Being able to fund personal projects without restraint,Retiring early to pursue hobbies full-time,Supporting my family and close friends without stress,Traveling whenever the impulse strikes,Ambition
911,Future Dreams & Ambition,What does financial freedom mean to you (Deep Focus)?,Never having to check the price tag on daily essentials,The power to walk away from any toxic environment,Being able to fund personal projects without restraint,Retiring early to pursue hobbies full-time,Supporting my family and close friends without stress,Traveling whenever the impulse strikes,Ambition
912,Future Dreams & Ambition,What does financial freedom mean to you (Late Night)?,Never having to check the price tag on daily essentials,The power to walk away from any toxic environment,Being able to fund personal projects without restraint,Retiring early to pursue hobbies full-time,Supporting my family and close friends without stress,Traveling whenever the impulse strikes,Ambition
913,Future Dreams & Ambition,What does financial freedom mean to you (Social Vibe)?,Never having to check the price tag on daily essentials,The power to walk away from any toxic environment,Being able to fund personal projects without restraint,Retiring early to pursue hobbies full-time,Supporting my family and close friends without stress,Traveling whenever the impulse strikes,Ambition
914,Future Dreams & Ambition,What does financial freedom mean to you (Solo Mode)?,Never having to check the price tag on daily essentials,The power to walk away from any toxic environment,Being able to fund personal projects without restraint,Retiring early to pursue hobbies full-time,Supporting my family and close friends without stress,Traveling whenever the impulse strikes,Ambition
915,Future Dreams & Ambition,What does financial freedom mean to you (Real Talk)?,Never having to check the price tag on daily essentials,The power to walk away from any toxic environment,Being able to fund personal projects without restraint,Retiring early to pursue hobbies full-time,Supporting my family and close friends without stress,Traveling whenever the impulse strikes,Ambition
916,Future Dreams & Ambition,How do you manage your long-term goals (Perspective A)?,Keep them clearly mapped in private digital notes,Focus strictly on the immediate next milestone ahead,Keep them internal and let actions do the talking,Constantly iterate and adjust targets as reality shifts,Share them with a trusted peer for accountability,Trust in steady compound daily progress,Ambition
917,Future Dreams & Ambition,How do you manage your long-term goals (Perspective B)?,Keep them clearly mapped in private digital notes,Focus strictly on the immediate next milestone ahead,Keep them internal and let actions do the talking,Constantly iterate and adjust targets as reality shifts,Share them with a trusted peer for accountability,Trust in steady compound daily progress,Ambition
918,Future Dreams & Ambition,How do you manage your long-term goals (In High-Stress)?,Keep them clearly mapped in private digital notes,Focus strictly on the immediate next milestone ahead,Keep them internal and let actions do the talking,Constantly iterate and adjust targets as reality shifts,Share them with a trusted peer for accountability,Trust in steady compound daily progress,Ambition
919,Future Dreams & Ambition,How do you manage your long-term goals (On Weekends)?,Keep them clearly mapped in private digital notes,Focus strictly on the immediate next milestone ahead,Keep them internal and let actions do the talking,Constantly iterate and adjust targets as reality shifts,Share them with a trusted peer for accountability,Trust in steady compound daily progress,Ambition
920,Future Dreams & Ambition,How do you manage your long-term goals (With Strangers)?,Keep them clearly mapped in private digital notes,Focus strictly on the immediate next milestone ahead,Keep them internal and let actions do the talking,Constantly iterate and adjust targets as reality shifts,Share them with a trusted peer for accountability,Trust in steady compound daily progress,Ambition
921,Future Dreams & Ambition,How do you manage your long-term goals (With Inner Circle)?,Keep them clearly mapped in private digital notes,Focus strictly on the immediate next milestone ahead,Keep them internal and let actions do the talking,Constantly iterate and adjust targets as reality shifts,Share them with a trusted peer for accountability,Trust in steady compound daily progress,Ambition
922,Future Dreams & Ambition,How do you manage your long-term goals (Looking Back)?,Keep them clearly mapped in private digital notes,Focus strictly on the immediate next milestone ahead,Keep them internal and let actions do the talking,Constantly iterate and adjust targets as reality shifts,Share them with a trusted peer for accountability,Trust in steady compound daily progress,Ambition
923,Future Dreams & Ambition,How do you manage your long-term goals (Looking Ahead)?,Keep them clearly mapped in private digital notes,Focus strictly on the immediate next milestone ahead,Keep them internal and let actions do the talking,Constantly iterate and adjust targets as reality shifts,Share them with a trusted peer for accountability,Trust in steady compound daily progress,Ambition
924,Future Dreams & Ambition,How do you manage your long-term goals (Raw Instinct)?,Keep them clearly mapped in private digital notes,Focus strictly on the immediate next milestone ahead,Keep them internal and let actions do the talking,Constantly iterate and adjust targets as reality shifts,Share them with a trusted peer for accountability,Trust in steady compound daily progress,Ambition
925,Future Dreams & Ambition,How do you manage your long-term goals (Calculated)?,Keep them clearly mapped in private digital notes,Focus strictly on the immediate next milestone ahead,Keep them internal and let actions do the talking,Constantly iterate and adjust targets as reality shifts,Share them with a trusted peer for accountability,Trust in steady compound daily progress,Ambition
926,Future Dreams & Ambition,How do you manage your long-term goals (Deep Focus)?,Keep them clearly mapped in private digital notes,Focus strictly on the immediate next milestone ahead,Keep them internal and let actions do the talking,Constantly iterate and adjust targets as reality shifts,Share them with a trusted peer for accountability,Trust in steady compound daily progress,Ambition
927,Future Dreams & Ambition,How do you manage your long-term goals (Late Night)?,Keep them clearly mapped in private digital notes,Focus strictly on the immediate next milestone ahead,Keep them internal and let actions do the talking,Constantly iterate and adjust targets as reality shifts,Share them with a trusted peer for accountability,Trust in steady compound daily progress,Ambition
928,Future Dreams & Ambition,How do you manage your long-term goals (Social Vibe)?,Keep them clearly mapped in private digital notes,Focus strictly on the immediate next milestone ahead,Keep them internal and let actions do the talking,Constantly iterate and adjust targets as reality shifts,Share them with a trusted peer for accountability,Trust in steady compound daily progress,Ambition
929,Future Dreams & Ambition,How do you manage your long-term goals (Solo Mode)?,Keep them clearly mapped in private digital notes,Focus strictly on the immediate next milestone ahead,Keep them internal and let actions do the talking,Constantly iterate and adjust targets as reality shifts,Share them with a trusted peer for accountability,Trust in steady compound daily progress,Ambition
930,Future Dreams & Ambition,How do you manage your long-term goals (Real Talk)?,Keep them clearly mapped in private digital notes,Focus strictly on the immediate next milestone ahead,Keep them internal and let actions do the talking,Constantly iterate and adjust targets as reality shifts,Share them with a trusted peer for accountability,Trust in steady compound daily progress,Ambition
931,Future Dreams & Ambition,What would you build if resources and time were unlimited (Perspective A)?,A private lab and workshop with cutting-edge equipment,An open-source ecosystem of free utilities for everyone,A custom architect-designed compound for close friends,A fleet of vintage and modern performance vehicles,A creative studio producing boundary-pushing media,An automated foundation tackling practical everyday problems,Ambition
932,Future Dreams & Ambition,What would you build if resources and time were unlimited (Perspective B)?,A private lab and workshop with cutting-edge equipment,An open-source ecosystem of free utilities for everyone,A custom architect-designed compound for close friends,A fleet of vintage and modern performance vehicles,A creative studio producing boundary-pushing media,An automated foundation tackling practical everyday problems,Ambition
933,Future Dreams & Ambition,What would you build if resources and time were unlimited (In High-Stress)?,A private lab and workshop with cutting-edge equipment,An open-source ecosystem of free utilities for everyone,A custom architect-designed compound for close friends,A fleet of vintage and modern performance vehicles,A creative studio producing boundary-pushing media,An automated foundation tackling practical everyday problems,Ambition
934,Future Dreams & Ambition,What would you build if resources and time were unlimited (On Weekends)?,A private lab and workshop with cutting-edge equipment,An open-source ecosystem of free utilities for everyone,A custom architect-designed compound for close friends,A fleet of vintage and modern performance vehicles,A creative studio producing boundary-pushing media,An automated foundation tackling practical everyday problems,Ambition
935,Future Dreams & Ambition,What would you build if resources and time were unlimited (With Strangers)?,A private lab and workshop with cutting-edge equipment,An open-source ecosystem of free utilities for everyone,A custom architect-designed compound for close friends,A fleet of vintage and modern performance vehicles,A creative studio producing boundary-pushing media,An automated foundation tackling practical everyday problems,Ambition
936,Future Dreams & Ambition,What would you build if resources and time were unlimited (With Inner Circle)?,A private lab and workshop with cutting-edge equipment,An open-source ecosystem of free utilities for everyone,A custom architect-designed compound for close friends,A fleet of vintage and modern performance vehicles,A creative studio producing boundary-pushing media,An automated foundation tackling practical everyday problems,Ambition
937,Future Dreams & Ambition,What would you build if resources and time were unlimited (Looking Back)?,A private lab and workshop with cutting-edge equipment,An open-source ecosystem of free utilities for everyone,A custom architect-designed compound for close friends,A fleet of vintage and modern performance vehicles,A creative studio producing boundary-pushing media,An automated foundation tackling practical everyday problems,Ambition
938,Future Dreams & Ambition,What would you build if resources and time were unlimited (Looking Ahead)?,A private lab and workshop with cutting-edge equipment,An open-source ecosystem of free utilities for everyone,A custom architect-designed compound for close friends,A fleet of vintage and modern performance vehicles,A creative studio producing boundary-pushing media,An automated foundation tackling practical everyday problems,Ambition
939,Future Dreams & Ambition,What would you build if resources and time were unlimited (Raw Instinct)?,A private lab and workshop with cutting-edge equipment,An open-source ecosystem of free utilities for everyone,A custom architect-designed compound for close friends,A fleet of vintage and modern performance vehicles,A creative studio producing boundary-pushing media,An automated foundation tackling practical everyday problems,Ambition
940,Future Dreams & Ambition,What would you build if resources and time were unlimited (Calculated)?,A private lab and workshop with cutting-edge equipment,An open-source ecosystem of free utilities for everyone,A custom architect-designed compound for close friends,A fleet of vintage and modern performance vehicles,A creative studio producing boundary-pushing media,An automated foundation tackling practical everyday problems,Ambition
941,Future Dreams & Ambition,What would you build if resources and time were unlimited (Deep Focus)?,A private lab and workshop with cutting-edge equipment,An open-source ecosystem of free utilities for everyone,A custom architect-designed compound for close friends,A fleet of vintage and modern performance vehicles,A creative studio producing boundary-pushing media,An automated foundation tackling practical everyday problems,Ambition
942,Future Dreams & Ambition,What would you build if resources and time were unlimited (Late Night)?,A private lab and workshop with cutting-edge equipment,An open-source ecosystem of free utilities for everyone,A custom architect-designed compound for close friends,A fleet of vintage and modern performance vehicles,A creative studio producing boundary-pushing media,An automated foundation tackling practical everyday problems,Ambition
943,Future Dreams & Ambition,What would you build if resources and time were unlimited (Social Vibe)?,A private lab and workshop with cutting-edge equipment,An open-source ecosystem of free utilities for everyone,A custom architect-designed compound for close friends,A fleet of vintage and modern performance vehicles,A creative studio producing boundary-pushing media,An automated foundation tackling practical everyday problems,Ambition
944,Future Dreams & Ambition,What would you build if resources and time were unlimited (Solo Mode)?,A private lab and workshop with cutting-edge equipment,An open-source ecosystem of free utilities for everyone,A custom architect-designed compound for close friends,A fleet of vintage and modern performance vehicles,A creative studio producing boundary-pushing media,An automated foundation tackling practical everyday problems,Ambition
945,Future Dreams & Ambition,What would you build if resources and time were unlimited (Real Talk)?,A private lab and workshop with cutting-edge equipment,An open-source ecosystem of free utilities for everyone,A custom architect-designed compound for close friends,A fleet of vintage and modern performance vehicles,A creative studio producing boundary-pushing media,An automated foundation tackling practical everyday problems,Ambition
946,Fun & Hypotheticals,"If you suddenly inherited 10 million euros tomorrow, what is step one (Perspective A)?",Tell absolutely nobody and secure legal/financial advice,Buy high-end tech setups and dream vehicles immediately,Help out family and clear every single debt,Book a one-way trip to a quiet country for a month,Invest 90% and continue living normally on the rest,Build an ultimate creative studio and invite friends,Fun
947,Fun & Hypotheticals,"If you suddenly inherited 10 million euros tomorrow, what is step one (Perspective B)?",Tell absolutely nobody and secure legal/financial advice,Buy high-end tech setups and dream vehicles immediately,Help out family and clear every single debt,Book a one-way trip to a quiet country for a month,Invest 90% and continue living normally on the rest,Build an ultimate creative studio and invite friends,Fun
948,Fun & Hypotheticals,"If you suddenly inherited 10 million euros tomorrow, what is step one (In High-Stress)?",Tell absolutely nobody and secure legal/financial advice,Buy high-end tech setups and dream vehicles immediately,Help out family and clear every single debt,Book a one-way trip to a quiet country for a month,Invest 90% and continue living normally on the rest,Build an ultimate creative studio and invite friends,Fun
949,Fun & Hypotheticals,"If you suddenly inherited 10 million euros tomorrow, what is step one (On Weekends)?",Tell absolutely nobody and secure legal/financial advice,Buy high-end tech setups and dream vehicles immediately,Help out family and clear every single debt,Book a one-way trip to a quiet country for a month,Invest 90% and continue living normally on the rest,Build an ultimate creative studio and invite friends,Fun
950,Fun & Hypotheticals,"If you suddenly inherited 10 million euros tomorrow, what is step one (With Strangers)?",Tell absolutely nobody and secure legal/financial advice,Buy high-end tech setups and dream vehicles immediately,Help out family and clear every single debt,Book a one-way trip to a quiet country for a month,Invest 90% and continue living normally on the rest,Build an ultimate creative studio and invite friends,Fun
951,Fun & Hypotheticals,"If you suddenly inherited 10 million euros tomorrow, what is step one (With Inner Circle)?",Tell absolutely nobody and secure legal/financial advice,Buy high-end tech setups and dream vehicles immediately,Help out family and clear every single debt,Book a one-way trip to a quiet country for a month,Invest 90% and continue living normally on the rest,Build an ultimate creative studio and invite friends,Fun
952,Fun & Hypotheticals,"If you suddenly inherited 10 million euros tomorrow, what is step one (Looking Back)?",Tell absolutely nobody and secure legal/financial advice,Buy high-end tech setups and dream vehicles immediately,Help out family and clear every single debt,Book a one-way trip to a quiet country for a month,Invest 90% and continue living normally on the rest,Build an ultimate creative studio and invite friends,Fun
953,Fun & Hypotheticals,"If you suddenly inherited 10 million euros tomorrow, what is step one (Looking Ahead)?",Tell absolutely nobody and secure legal/financial advice,Buy high-end tech setups and dream vehicles immediately,Help out family and clear every single debt,Book a one-way trip to a quiet country for a month,Invest 90% and continue living normally on the rest,Build an ultimate creative studio and invite friends,Fun
954,Fun & Hypotheticals,"If you suddenly inherited 10 million euros tomorrow, what is step one (Raw Instinct)?",Tell absolutely nobody and secure legal/financial advice,Buy high-end tech setups and dream vehicles immediately,Help out family and clear every single debt,Book a one-way trip to a quiet country for a month,Invest 90% and continue living normally on the rest,Build an ultimate creative studio and invite friends,Fun
955,Fun & Hypotheticals,"If you suddenly inherited 10 million euros tomorrow, what is step one (Calculated)?",Tell absolutely nobody and secure legal/financial advice,Buy high-end tech setups and dream vehicles immediately,Help out family and clear every single debt,Book a one-way trip to a quiet country for a month,Invest 90% and continue living normally on the rest,Build an ultimate creative studio and invite friends,Fun
956,Fun & Hypotheticals,"If you suddenly inherited 10 million euros tomorrow, what is step one (Deep Focus)?",Tell absolutely nobody and secure legal/financial advice,Buy high-end tech setups and dream vehicles immediately,Help out family and clear every single debt,Book a one-way trip to a quiet country for a month,Invest 90% and continue living normally on the rest,Build an ultimate creative studio and invite friends,Fun
957,Fun & Hypotheticals,"If you suddenly inherited 10 million euros tomorrow, what is step one (Late Night)?",Tell absolutely nobody and secure legal/financial advice,Buy high-end tech setups and dream vehicles immediately,Help out family and clear every single debt,Book a one-way trip to a quiet country for a month,Invest 90% and continue living normally on the rest,Build an ultimate creative studio and invite friends,Fun
958,Fun & Hypotheticals,"If you suddenly inherited 10 million euros tomorrow, what is step one (Social Vibe)?",Tell absolutely nobody and secure legal/financial advice,Buy high-end tech setups and dream vehicles immediately,Help out family and clear every single debt,Book a one-way trip to a quiet country for a month,Invest 90% and continue living normally on the rest,Build an ultimate creative studio and invite friends,Fun
959,Fun & Hypotheticals,"If you suddenly inherited 10 million euros tomorrow, what is step one (Solo Mode)?",Tell absolutely nobody and secure legal/financial advice,Buy high-end tech setups and dream vehicles immediately,Help out family and clear every single debt,Book a one-way trip to a quiet country for a month,Invest 90% and continue living normally on the rest,Build an ultimate creative studio and invite friends,Fun
960,Fun & Hypotheticals,"If you suddenly inherited 10 million euros tomorrow, what is step one (Real Talk)?",Tell absolutely nobody and secure legal/financial advice,Buy high-end tech setups and dream vehicles immediately,Help out family and clear every single debt,Book a one-way trip to a quiet country for a month,Invest 90% and continue living normally on the rest,Build an ultimate creative studio and invite friends,Fun
961,Fun & Hypotheticals,You can possess one superhuman utility ability—which do you take (Perspective A)?,Instant teleportation to any place visited before,Ability to pause time while remaining mobile,Instant photographic memory and perfect comprehension,Never needing sleep while staying at 100% mental energy,Telekinesis to manipulate physical objects with thought,Fluent comprehension of every spoken and computer language,Fun
962,Fun & Hypotheticals,You can possess one superhuman utility ability—which do you take (Perspective B)?,Instant teleportation to any place visited before,Ability to pause time while remaining mobile,Instant photographic memory and perfect comprehension,Never needing sleep while staying at 100% mental energy,Telekinesis to manipulate physical objects with thought,Fluent comprehension of every spoken and computer language,Fun
963,Fun & Hypotheticals,You can possess one superhuman utility ability—which do you take (In High-Stress)?,Instant teleportation to any place visited before,Ability to pause time while remaining mobile,Instant photographic memory and perfect comprehension,Never needing sleep while staying at 100% mental energy,Telekinesis to manipulate physical objects with thought,Fluent comprehension of every spoken and computer language,Fun
964,Fun & Hypotheticals,You can possess one superhuman utility ability—which do you take (On Weekends)?,Instant teleportation to any place visited before,Ability to pause time while remaining mobile,Instant photographic memory and perfect comprehension,Never needing sleep while staying at 100% mental energy,Telekinesis to manipulate physical objects with thought,Fluent comprehension of every spoken and computer language,Fun
965,Fun & Hypotheticals,You can possess one superhuman utility ability—which do you take (With Strangers)?,Instant teleportation to any place visited before,Ability to pause time while remaining mobile,Instant photographic memory and perfect comprehension,Never needing sleep while staying at 100% mental energy,Telekinesis to manipulate physical objects with thought,Fluent comprehension of every spoken and computer language,Fun
966,Fun & Hypotheticals,You can possess one superhuman utility ability—which do you take (With Inner Circle)?,Instant teleportation to any place visited before,Ability to pause time while remaining mobile,Instant photographic memory and perfect comprehension,Never needing sleep while staying at 100% mental energy,Telekinesis to manipulate physical objects with thought,Fluent comprehension of every spoken and computer language,Fun
967,Fun & Hypotheticals,You can possess one superhuman utility ability—which do you take (Looking Back)?,Instant teleportation to any place visited before,Ability to pause time while remaining mobile,Instant photographic memory and perfect comprehension,Never needing sleep while staying at 100% mental energy,Telekinesis to manipulate physical objects with thought,Fluent comprehension of every spoken and computer language,Fun
968,Fun & Hypotheticals,You can possess one superhuman utility ability—which do you take (Looking Ahead)?,Instant teleportation to any place visited before,Ability to pause time while remaining mobile,Instant photographic memory and perfect comprehension,Never needing sleep while staying at 100% mental energy,Telekinesis to manipulate physical objects with thought,Fluent comprehension of every spoken and computer language,Fun
969,Fun & Hypotheticals,You can possess one superhuman utility ability—which do you take (Raw Instinct)?,Instant teleportation to any place visited before,Ability to pause time while remaining mobile,Instant photographic memory and perfect comprehension,Never needing sleep while staying at 100% mental energy,Telekinesis to manipulate physical objects with thought,Fluent comprehension of every spoken and computer language,Fun
970,Fun & Hypotheticals,You can possess one superhuman utility ability—which do you take (Calculated)?,Instant teleportation to any place visited before,Ability to pause time while remaining mobile,Instant photographic memory and perfect comprehension,Never needing sleep while staying at 100% mental energy,Telekinesis to manipulate physical objects with thought,Fluent comprehension of every spoken and computer language,Fun
971,Fun & Hypotheticals,You can possess one superhuman utility ability—which do you take (Deep Focus)?,Instant teleportation to any place visited before,Ability to pause time while remaining mobile,Instant photographic memory and perfect comprehension,Never needing sleep while staying at 100% mental energy,Telekinesis to manipulate physical objects with thought,Fluent comprehension of every spoken and computer language,Fun
972,Fun & Hypotheticals,You can possess one superhuman utility ability—which do you take (Late Night)?,Instant teleportation to any place visited before,Ability to pause time while remaining mobile,Instant photographic memory and perfect comprehension,Never needing sleep while staying at 100% mental energy,Telekinesis to manipulate physical objects with thought,Fluent comprehension of every spoken and computer language,Fun
973,Fun & Hypotheticals,You can possess one superhuman utility ability—which do you take (Social Vibe)?,Instant teleportation to any place visited before,Ability to pause time while remaining mobile,Instant photographic memory and perfect comprehension,Never needing sleep while staying at 100% mental energy,Telekinesis to manipulate physical objects with thought,Fluent comprehension of every spoken and computer language,Fun
974,Fun & Hypotheticals,You can possess one superhuman utility ability—which do you take (Solo Mode)?,Instant teleportation to any place visited before,Ability to pause time while remaining mobile,Instant photographic memory and perfect comprehension,Never needing sleep while staying at 100% mental energy,Telekinesis to manipulate physical objects with thought,Fluent comprehension of every spoken and computer language,Fun
975,Fun & Hypotheticals,You can possess one superhuman utility ability—which do you take (Real Talk)?,Instant teleportation to any place visited before,Ability to pause time while remaining mobile,Instant photographic memory and perfect comprehension,Never needing sleep while staying at 100% mental energy,Telekinesis to manipulate physical objects with thought,Fluent comprehension of every spoken and computer language,Fun
976,Fun & Hypotheticals,"If you were trapped in a zombie apocalypse, what is your role (Perspective A)?",The engineer fortifying the base and maintaining power,The scout gathering supplies on a fast agile vehicle,The cautious strategist planning safe exit routes,The muscle handling close encounters without panic,The morale keeper with dry humor and music,The first person eliminated because I checked my phone,Fun
977,Fun & Hypotheticals,"If you were trapped in a zombie apocalypse, what is your role (Perspective B)?",The engineer fortifying the base and maintaining power,The scout gathering supplies on a fast agile vehicle,The cautious strategist planning safe exit routes,The muscle handling close encounters without panic,The morale keeper with dry humor and music,The first person eliminated because I checked my phone,Fun
978,Fun & Hypotheticals,"If you were trapped in a zombie apocalypse, what is your role (In High-Stress)?",The engineer fortifying the base and maintaining power,The scout gathering supplies on a fast agile vehicle,The cautious strategist planning safe exit routes,The muscle handling close encounters without panic,The morale keeper with dry humor and music,The first person eliminated because I checked my phone,Fun
979,Fun & Hypotheticals,"If you were trapped in a zombie apocalypse, what is your role (On Weekends)?",The engineer fortifying the base and maintaining power,The scout gathering supplies on a fast agile vehicle,The cautious strategist planning safe exit routes,The muscle handling close encounters without panic,The morale keeper with dry humor and music,The first person eliminated because I checked my phone,Fun
980,Fun & Hypotheticals,"If you were trapped in a zombie apocalypse, what is your role (With Strangers)?",The engineer fortifying the base and maintaining power,The scout gathering supplies on a fast agile vehicle,The cautious strategist planning safe exit routes,The muscle handling close encounters without panic,The morale keeper with dry humor and music,The first person eliminated because I checked my phone,Fun
981,Fun & Hypotheticals,"If you were trapped in a zombie apocalypse, what is your role (With Inner Circle)?",The engineer fortifying the base and maintaining power,The scout gathering supplies on a fast agile vehicle,The cautious strategist planning safe exit routes,The muscle handling close encounters without panic,The morale keeper with dry humor and music,The first person eliminated because I checked my phone,Fun
982,Fun & Hypotheticals,"If you were trapped in a zombie apocalypse, what is your role (Looking Back)?",The engineer fortifying the base and maintaining power,The scout gathering supplies on a fast agile vehicle,The cautious strategist planning safe exit routes,The muscle handling close encounters without panic,The morale keeper with dry humor and music,The first person eliminated because I checked my phone,Fun
983,Fun & Hypotheticals,"If you were trapped in a zombie apocalypse, what is your role (Looking Ahead)?",The engineer fortifying the base and maintaining power,The scout gathering supplies on a fast agile vehicle,The cautious strategist planning safe exit routes,The muscle handling close encounters without panic,The morale keeper with dry humor and music,The first person eliminated because I checked my phone,Fun
984,Fun & Hypotheticals,"If you were trapped in a zombie apocalypse, what is your role (Raw Instinct)?",The engineer fortifying the base and maintaining power,The scout gathering supplies on a fast agile vehicle,The cautious strategist planning safe exit routes,The muscle handling close encounters without panic,The morale keeper with dry humor and music,The first person eliminated because I checked my phone,Fun
985,Fun & Hypotheticals,"If you were trapped in a zombie apocalypse, what is your role (Calculated)?",The engineer fortifying the base and maintaining power,The scout gathering supplies on a fast agile vehicle,The cautious strategist planning safe exit routes,The muscle handling close encounters without panic,The morale keeper with dry humor and music,The first person eliminated because I checked my phone,Fun
986,Fun & Hypotheticals,"If you were trapped in a zombie apocalypse, what is your role (Deep Focus)?",The engineer fortifying the base and maintaining power,The scout gathering supplies on a fast agile vehicle,The cautious strategist planning safe exit routes,The muscle handling close encounters without panic,The morale keeper with dry humor and music,The first person eliminated because I checked my phone,Fun
987,Fun & Hypotheticals,"If you were trapped in a zombie apocalypse, what is your role (Late Night)?",The engineer fortifying the base and maintaining power,The scout gathering supplies on a fast agile vehicle,The cautious strategist planning safe exit routes,The muscle handling close encounters without panic,The morale keeper with dry humor and music,The first person eliminated because I checked my phone,Fun
988,Fun & Hypotheticals,"If you were trapped in a zombie apocalypse, what is your role (Social Vibe)?",The engineer fortifying the base and maintaining power,The scout gathering supplies on a fast agile vehicle,The cautious strategist planning safe exit routes,The muscle handling close encounters without panic,The morale keeper with dry humor and music,The first person eliminated because I checked my phone,Fun
989,Fun & Hypotheticals,"If you were trapped in a zombie apocalypse, what is your role (Solo Mode)?",The engineer fortifying the base and maintaining power,The scout gathering supplies on a fast agile vehicle,The cautious strategist planning safe exit routes,The muscle handling close encounters without panic,The morale keeper with dry humor and music,The first person eliminated because I checked my phone,Fun
990,Fun & Hypotheticals,"If you were trapped in a zombie apocalypse, what is your role (Real Talk)?",The engineer fortifying the base and maintaining power,The scout gathering supplies on a fast agile vehicle,The cautious strategist planning safe exit routes,The muscle handling close encounters without panic,The morale keeper with dry humor and music,The first person eliminated because I checked my phone,Fun
991,Fun & Hypotheticals,You are forced to listen to one music genre for a month—what wins (Perspective A)?,High-energy Phonk and dark drift beats,Lo-fi instrumental and atmospheric ambient,Classic 90s/2000s alt-rock and post-grunge,"Modern digicore, hyperpop, and electronic glitches",Orchestral cinematic soundtracks,Indie acoustic and bedroom pop,Fun
992,Fun & Hypotheticals,You are forced to listen to one music genre for a month—what wins (Perspective B)?,High-energy Phonk and dark drift beats,Lo-fi instrumental and atmospheric ambient,Classic 90s/2000s alt-rock and post-grunge,"Modern digicore, hyperpop, and electronic glitches",Orchestral cinematic soundtracks,Indie acoustic and bedroom pop,Fun
993,Fun & Hypotheticals,You are forced to listen to one music genre for a month—what wins (In High-Stress)?,High-energy Phonk and dark drift beats,Lo-fi instrumental and atmospheric ambient,Classic 90s/2000s alt-rock and post-grunge,"Modern digicore, hyperpop, and electronic glitches",Orchestral cinematic soundtracks,Indie acoustic and bedroom pop,Fun
994,Fun & Hypotheticals,You are forced to listen to one music genre for a month—what wins (On Weekends)?,High-energy Phonk and dark drift beats,Lo-fi instrumental and atmospheric ambient,Classic 90s/2000s alt-rock and post-grunge,"Modern digicore, hyperpop, and electronic glitches",Orchestral cinematic soundtracks,Indie acoustic and bedroom pop,Fun
995,Fun & Hypotheticals,You are forced to listen to one music genre for a month—what wins (With Strangers)?,High-energy Phonk and dark drift beats,Lo-fi instrumental and atmospheric ambient,Classic 90s/2000s alt-rock and post-grunge,"Modern digicore, hyperpop, and electronic glitches",Orchestral cinematic soundtracks,Indie acoustic and bedroom pop,Fun
996,Fun & Hypotheticals,You are forced to listen to one music genre for a month—what wins (With Inner Circle)?,High-energy Phonk and dark drift beats,Lo-fi instrumental and atmospheric ambient,Classic 90s/2000s alt-rock and post-grunge,"Modern digicore, hyperpop, and electronic glitches",Orchestral cinematic soundtracks,Indie acoustic and bedroom pop,Fun
997,Fun & Hypotheticals,You are forced to listen to one music genre for a month—what wins (Looking Back)?,High-energy Phonk and dark drift beats,Lo-fi instrumental and atmospheric ambient,Classic 90s/2000s alt-rock and post-grunge,"Modern digicore, hyperpop, and electronic glitches",Orchestral cinematic soundtracks,Indie acoustic and bedroom pop,Fun
998,Fun & Hypotheticals,You are forced to listen to one music genre for a month—what wins (Looking Ahead)?,High-energy Phonk and dark drift beats,Lo-fi instrumental and atmospheric ambient,Classic 90s/2000s alt-rock and post-grunge,"Modern digicore, hyperpop, and electronic glitches",Orchestral cinematic soundtracks,Indie acoustic and bedroom pop,Fun
999,Fun & Hypotheticals,You are forced to listen to one music genre for a month—what wins (Raw Instinct)?,High-energy Phonk and dark drift beats,Lo-fi instrumental and atmospheric ambient,Classic 90s/2000s alt-rock and post-grunge,"Modern digicore, hyperpop, and electronic glitches",Orchestral cinematic soundtracks,Indie acoustic and bedroom pop,Fun
1000,Fun & Hypotheticals,You are forced to listen to one music genre for a month—what wins (Calculated)?,High-energy Phonk and dark drift beats,Lo-fi instrumental and atmospheric ambient,Classic 90s/2000s alt-rock and post-grunge,"Modern digicore, hyperpop, and electronic glitches",Orchestral cinematic soundtracks,Indie acoustic and bedroom pop,Fun
1001,Fun & Hypotheticals,You are forced to listen to one music genre for a month—what wins (Deep Focus)?,High-energy Phonk and dark drift beats,Lo-fi instrumental and atmospheric ambient,Classic 90s/2000s alt-rock and post-grunge,"Modern digicore, hyperpop, and electronic glitches",Orchestral cinematic soundtracks,Indie acoustic and bedroom pop,Fun
1002,Fun & Hypotheticals,You are forced to listen to one music genre for a month—what wins (Late Night)?,High-energy Phonk and dark drift beats,Lo-fi instrumental and atmospheric ambient,Classic 90s/2000s alt-rock and post-grunge,"Modern digicore, hyperpop, and electronic glitches",Orchestral cinematic soundtracks,Indie acoustic and bedroom pop,Fun
1003,Fun & Hypotheticals,You are forced to listen to one music genre for a month—what wins (Social Vibe)?,High-energy Phonk and dark drift beats,Lo-fi instrumental and atmospheric ambient,Classic 90s/2000s alt-rock and post-grunge,"Modern digicore, hyperpop, and electronic glitches",Orchestral cinematic soundtracks,Indie acoustic and bedroom pop,Fun
1004,Fun & Hypotheticals,You are forced to listen to one music genre for a month—what wins (Solo Mode)?,High-energy Phonk and dark drift beats,Lo-fi instrumental and atmospheric ambient,Classic 90s/2000s alt-rock and post-grunge,"Modern digicore, hyperpop, and electronic glitches",Orchestral cinematic soundtracks,Indie acoustic and bedroom pop,Fun
1005,Fun & Hypotheticals,You are forced to listen to one music genre for a month—what wins (Real Talk)?,High-energy Phonk and dark drift beats,Lo-fi instrumental and atmospheric ambient,Classic 90s/2000s alt-rock and post-grunge,"Modern digicore, hyperpop, and electronic glitches",Orchestral cinematic soundtracks,Indie acoustic and bedroom pop,Fun
1006,Fun & Hypotheticals,Which era would you visit in a time machine for 24 hours (Perspective A)?,500 years in the future to see humanity's technology,The late 1990s at the birth of the consumer internet,Feudal Japan or ancient civilization peaks,The 1980s neon synthwave and automotive scene,Five years into my own future to inspect progress,The year 3000 to see if Earth is still turning,Fun
1007,Fun & Hypotheticals,Which era would you visit in a time machine for 24 hours (Perspective B)?,500 years in the future to see humanity's technology,The late 1990s at the birth of the consumer internet,Feudal Japan or ancient civilization peaks,The 1980s neon synthwave and automotive scene,Five years into my own future to inspect progress,The year 3000 to see if Earth is still turning,Fun
1008,Fun & Hypotheticals,Which era would you visit in a time machine for 24 hours (In High-Stress)?,500 years in the future to see humanity's technology,The late 1990s at the birth of the consumer internet,Feudal Japan or ancient civilization peaks,The 1980s neon synthwave and automotive scene,Five years into my own future to inspect progress,The year 3000 to see if Earth is still turning,Fun
1009,Fun & Hypotheticals,Which era would you visit in a time machine for 24 hours (On Weekends)?,500 years in the future to see humanity's technology,The late 1990s at the birth of the consumer internet,Feudal Japan or ancient civilization peaks,The 1980s neon synthwave and automotive scene,Five years into my own future to inspect progress,The year 3000 to see if Earth is still turning,Fun
1010,Fun & Hypotheticals,Which era would you visit in a time machine for 24 hours (With Strangers)?,500 years in the future to see humanity's technology,The late 1990s at the birth of the consumer internet,Feudal Japan or ancient civilization peaks,The 1980s neon synthwave and automotive scene,Five years into my own future to inspect progress,The year 3000 to see if Earth is still turning,Fun
1011,Fun & Hypotheticals,Which era would you visit in a time machine for 24 hours (With Inner Circle)?,500 years in the future to see humanity's technology,The late 1990s at the birth of the consumer internet,Feudal Japan or ancient civilization peaks,The 1980s neon synthwave and automotive scene,Five years into my own future to inspect progress,The year 3000 to see if Earth is still turning,Fun
1012,Fun & Hypotheticals,Which era would you visit in a time machine for 24 hours (Looking Back)?,500 years in the future to see humanity's technology,The late 1990s at the birth of the consumer internet,Feudal Japan or ancient civilization peaks,The 1980s neon synthwave and automotive scene,Five years into my own future to inspect progress,The year 3000 to see if Earth is still turning,Fun
1013,Fun & Hypotheticals,Which era would you visit in a time machine for 24 hours (Looking Ahead)?,500 years in the future to see humanity's technology,The late 1990s at the birth of the consumer internet,Feudal Japan or ancient civilization peaks,The 1980s neon synthwave and automotive scene,Five years into my own future to inspect progress,The year 3000 to see if Earth is still turning,Fun
1014,Fun & Hypotheticals,Which era would you visit in a time machine for 24 hours (Raw Instinct)?,500 years in the future to see humanity's technology,The late 1990s at the birth of the consumer internet,Feudal Japan or ancient civilization peaks,The 1980s neon synthwave and automotive scene,Five years into my own future to inspect progress,The year 3000 to see if Earth is still turning,Fun
1015,Fun & Hypotheticals,Which era would you visit in a time machine for 24 hours (Calculated)?,500 years in the future to see humanity's technology,The late 1990s at the birth of the consumer internet,Feudal Japan or ancient civilization peaks,The 1980s neon synthwave and automotive scene,Five years into my own future to inspect progress,The year 3000 to see if Earth is still turning,Fun
1016,Fun & Hypotheticals,Which era would you visit in a time machine for 24 hours (Deep Focus)?,500 years in the future to see humanity's technology,The late 1990s at the birth of the consumer internet,Feudal Japan or ancient civilization peaks,The 1980s neon synthwave and automotive scene,Five years into my own future to inspect progress,The year 3000 to see if Earth is still turning,Fun
1017,Fun & Hypotheticals,Which era would you visit in a time machine for 24 hours (Late Night)?,500 years in the future to see humanity's technology,The late 1990s at the birth of the consumer internet,Feudal Japan or ancient civilization peaks,The 1980s neon synthwave and automotive scene,Five years into my own future to inspect progress,The year 3000 to see if Earth is still turning,Fun
1018,Fun & Hypotheticals,Which era would you visit in a time machine for 24 hours (Social Vibe)?,500 years in the future to see humanity's technology,The late 1990s at the birth of the consumer internet,Feudal Japan or ancient civilization peaks,The 1980s neon synthwave and automotive scene,Five years into my own future to inspect progress,The year 3000 to see if Earth is still turning,Fun
1019,Fun & Hypotheticals,Which era would you visit in a time machine for 24 hours (Solo Mode)?,500 years in the future to see humanity's technology,The late 1990s at the birth of the consumer internet,Feudal Japan or ancient civilization peaks,The 1980s neon synthwave and automotive scene,Five years into my own future to inspect progress,The year 3000 to see if Earth is still turning,Fun
1020,Fun & Hypotheticals,Which era would you visit in a time machine for 24 hours (Real Talk)?,500 years in the future to see humanity's technology,The late 1990s at the birth of the consumer internet,Feudal Japan or ancient civilization peaks,The 1980s neon synthwave and automotive scene,Five years into my own future to inspect progress,The year 3000 to see if Earth is still turning,Fun
1021,Fun & Hypotheticals,"If your pet could suddenly speak fluent English for an hour, what happens (Perspective A)?",We have an intense conversation about life and habits,Ask them what they actually think of the household,Bribe them with treats to keep all my secrets safe,Laugh uncontrollably at their genuine personality,Ask if they actually enjoy the food and toys provided,Record the conversation to prove I wasn't hallucinating,Fun
1022,Fun & Hypotheticals,"If your pet could suddenly speak fluent English for an hour, what happens (Perspective B)?",We have an intense conversation about life and habits,Ask them what they actually think of the household,Bribe them with treats to keep all my secrets safe,Laugh uncontrollably at their genuine personality,Ask if they actually enjoy the food and toys provided,Record the conversation to prove I wasn't hallucinating,Fun
1023,Fun & Hypotheticals,"If your pet could suddenly speak fluent English for an hour, what happens (In High-Stress)?",We have an intense conversation about life and habits,Ask them what they actually think of the household,Bribe them with treats to keep all my secrets safe,Laugh uncontrollably at their genuine personality,Ask if they actually enjoy the food and toys provided,Record the conversation to prove I wasn't hallucinating,Fun
1024,Fun & Hypotheticals,"If your pet could suddenly speak fluent English for an hour, what happens (On Weekends)?",We have an intense conversation about life and habits,Ask them what they actually think of the household,Bribe them with treats to keep all my secrets safe,Laugh uncontrollably at their genuine personality,Ask if they actually enjoy the food and toys provided,Record the conversation to prove I wasn't hallucinating,Fun
1025,Fun & Hypotheticals,"If your pet could suddenly speak fluent English for an hour, what happens (With Strangers)?",We have an intense conversation about life and habits,Ask them what they actually think of the household,Bribe them with treats to keep all my secrets safe,Laugh uncontrollably at their genuine personality,Ask if they actually enjoy the food and toys provided,Record the conversation to prove I wasn't hallucinating,Fun
1026,Fun & Hypotheticals,"If your pet could suddenly speak fluent English for an hour, what happens (With Inner Circle)?",We have an intense conversation about life and habits,Ask them what they actually think of the household,Bribe them with treats to keep all my secrets safe,Laugh uncontrollably at their genuine personality,Ask if they actually enjoy the food and toys provided,Record the conversation to prove I wasn't hallucinating,Fun
1027,Fun & Hypotheticals,"If your pet could suddenly speak fluent English for an hour, what happens (Looking Back)?",We have an intense conversation about life and habits,Ask them what they actually think of the household,Bribe them with treats to keep all my secrets safe,Laugh uncontrollably at their genuine personality,Ask if they actually enjoy the food and toys provided,Record the conversation to prove I wasn't hallucinating,Fun
1028,Fun & Hypotheticals,"If your pet could suddenly speak fluent English for an hour, what happens (Looking Ahead)?",We have an intense conversation about life and habits,Ask them what they actually think of the household,Bribe them with treats to keep all my secrets safe,Laugh uncontrollably at their genuine personality,Ask if they actually enjoy the food and toys provided,Record the conversation to prove I wasn't hallucinating,Fun
1029,Fun & Hypotheticals,"If your pet could suddenly speak fluent English for an hour, what happens (Raw Instinct)?",We have an intense conversation about life and habits,Ask them what they actually think of the household,Bribe them with treats to keep all my secrets safe,Laugh uncontrollably at their genuine personality,Ask if they actually enjoy the food and toys provided,Record the conversation to prove I wasn't hallucinating,Fun
1030,Fun & Hypotheticals,"If your pet could suddenly speak fluent English for an hour, what happens (Calculated)?",We have an intense conversation about life and habits,Ask them what they actually think of the household,Bribe them with treats to keep all my secrets safe,Laugh uncontrollably at their genuine personality,Ask if they actually enjoy the food and toys provided,Record the conversation to prove I wasn't hallucinating,Fun
1031,Fun & Hypotheticals,"If your pet could suddenly speak fluent English for an hour, what happens (Deep Focus)?",We have an intense conversation about life and habits,Ask them what they actually think of the household,Bribe them with treats to keep all my secrets safe,Laugh uncontrollably at their genuine personality,Ask if they actually enjoy the food and toys provided,Record the conversation to prove I wasn't hallucinating,Fun
1032,Fun & Hypotheticals,"If your pet could suddenly speak fluent English for an hour, what happens (Late Night)?",We have an intense conversation about life and habits,Ask them what they actually think of the household,Bribe them with treats to keep all my secrets safe,Laugh uncontrollably at their genuine personality,Ask if they actually enjoy the food and toys provided,Record the conversation to prove I wasn't hallucinating,Fun
1033,Fun & Hypotheticals,"If your pet could suddenly speak fluent English for an hour, what happens (Social Vibe)?",We have an intense conversation about life and habits,Ask them what they actually think of the household,Bribe them with treats to keep all my secrets safe,Laugh uncontrollably at their genuine personality,Ask if they actually enjoy the food and toys provided,Record the conversation to prove I wasn't hallucinating,Fun
1034,Fun & Hypotheticals,"If your pet could suddenly speak fluent English for an hour, what happens (Solo Mode)?",We have an intense conversation about life and habits,Ask them what they actually think of the household,Bribe them with treats to keep all my secrets safe,Laugh uncontrollably at their genuine personality,Ask if they actually enjoy the food and toys provided,Record the conversation to prove I wasn't hallucinating,Fun
1035,Fun & Hypotheticals,"If your pet could suddenly speak fluent English for an hour, what happens (Real Talk)?",We have an intense conversation about life and habits,Ask them what they actually think of the household,Bribe them with treats to keep all my secrets safe,Laugh uncontrollably at their genuine personality,Ask if they actually enjoy the food and toys provided,Record the conversation to prove I wasn't hallucinating,Fun
1036,Fun & Hypotheticals,"If you could instantly master any instrument, which one is it (Perspective A)?",Electric guitar with crushing distortion tone,Grand piano with effortless improvisational skill,Drums with relentless rhythm and precision,Bass guitar laying down heavy groove baselines,Synthesizer programming and modular sound design,"Acoustic cello with rich, haunting acoustics",Fun
1037,Fun & Hypotheticals,"If you could instantly master any instrument, which one is it (Perspective B)?",Electric guitar with crushing distortion tone,Grand piano with effortless improvisational skill,Drums with relentless rhythm and precision,Bass guitar laying down heavy groove baselines,Synthesizer programming and modular sound design,"Acoustic cello with rich, haunting acoustics",Fun
1038,Fun & Hypotheticals,"If you could instantly master any instrument, which one is it (In High-Stress)?",Electric guitar with crushing distortion tone,Grand piano with effortless improvisational skill,Drums with relentless rhythm and precision,Bass guitar laying down heavy groove baselines,Synthesizer programming and modular sound design,"Acoustic cello with rich, haunting acoustics",Fun
1039,Fun & Hypotheticals,"If you could instantly master any instrument, which one is it (On Weekends)?",Electric guitar with crushing distortion tone,Grand piano with effortless improvisational skill,Drums with relentless rhythm and precision,Bass guitar laying down heavy groove baselines,Synthesizer programming and modular sound design,"Acoustic cello with rich, haunting acoustics",Fun
1040,Fun & Hypotheticals,"If you could instantly master any instrument, which one is it (With Strangers)?",Electric guitar with crushing distortion tone,Grand piano with effortless improvisational skill,Drums with relentless rhythm and precision,Bass guitar laying down heavy groove baselines,Synthesizer programming and modular sound design,"Acoustic cello with rich, haunting acoustics",Fun
1041,Fun & Hypotheticals,"If you could instantly master any instrument, which one is it (With Inner Circle)?",Electric guitar with crushing distortion tone,Grand piano with effortless improvisational skill,Drums with relentless rhythm and precision,Bass guitar laying down heavy groove baselines,Synthesizer programming and modular sound design,"Acoustic cello with rich, haunting acoustics",Fun
1042,Fun & Hypotheticals,"If you could instantly master any instrument, which one is it (Looking Back)?",Electric guitar with crushing distortion tone,Grand piano with effortless improvisational skill,Drums with relentless rhythm and precision,Bass guitar laying down heavy groove baselines,Synthesizer programming and modular sound design,"Acoustic cello with rich, haunting acoustics",Fun
1043,Fun & Hypotheticals,"If you could instantly master any instrument, which one is it (Looking Ahead)?",Electric guitar with crushing distortion tone,Grand piano with effortless improvisational skill,Drums with relentless rhythm and precision,Bass guitar laying down heavy groove baselines,Synthesizer programming and modular sound design,"Acoustic cello with rich, haunting acoustics",Fun
1044,Fun & Hypotheticals,"If you could instantly master any instrument, which one is it (Raw Instinct)?",Electric guitar with crushing distortion tone,Grand piano with effortless improvisational skill,Drums with relentless rhythm and precision,Bass guitar laying down heavy groove baselines,Synthesizer programming and modular sound design,"Acoustic cello with rich, haunting acoustics",Fun
1045,Fun & Hypotheticals,"If you could instantly master any instrument, which one is it (Calculated)?",Electric guitar with crushing distortion tone,Grand piano with effortless improvisational skill,Drums with relentless rhythm and precision,Bass guitar laying down heavy groove baselines,Synthesizer programming and modular sound design,"Acoustic cello with rich, haunting acoustics",Fun
1046,Fun & Hypotheticals,"If you could instantly master any instrument, which one is it (Deep Focus)?",Electric guitar with crushing distortion tone,Grand piano with effortless improvisational skill,Drums with relentless rhythm and precision,Bass guitar laying down heavy groove baselines,Synthesizer programming and modular sound design,"Acoustic cello with rich, haunting acoustics",Fun
1047,Fun & Hypotheticals,"If you could instantly master any instrument, which one is it (Late Night)?",Electric guitar with crushing distortion tone,Grand piano with effortless improvisational skill,Drums with relentless rhythm and precision,Bass guitar laying down heavy groove baselines,Synthesizer programming and modular sound design,"Acoustic cello with rich, haunting acoustics",Fun
1048,Fun & Hypotheticals,"If you could instantly master any instrument, which one is it (Social Vibe)?",Electric guitar with crushing distortion tone,Grand piano with effortless improvisational skill,Drums with relentless rhythm and precision,Bass guitar laying down heavy groove baselines,Synthesizer programming and modular sound design,"Acoustic cello with rich, haunting acoustics",Fun
1049,Fun & Hypotheticals,"If you could instantly master any instrument, which one is it (Solo Mode)?",Electric guitar with crushing distortion tone,Grand piano with effortless improvisational skill,Drums with relentless rhythm and precision,Bass guitar laying down heavy groove baselines,Synthesizer programming and modular sound design,"Acoustic cello with rich, haunting acoustics",Fun
1050,Fun & Hypotheticals,"If you could instantly master any instrument, which one is it (Real Talk)?",Electric guitar with crushing distortion tone,Grand piano with effortless improvisational skill,Drums with relentless rhythm and precision,Bass guitar laying down heavy groove baselines,Synthesizer programming and modular sound design,"Acoustic cello with rich, haunting acoustics",Fun
