code,mode,q1,q2,q3,q4,q5,q6,q7,q8,q9,q10,archetype_title
1000,similarity,5,0,4,2,1,5,1,0,4,4,The Quiet Observer
1001,similarity,3,4,2,3,4,4,2,3,2,0,The Aesthetic Rover
1002,similarity,1,5,3,1,2,0,1,3,0,3,The Pure Creator
1003,similarity,3,3,1,0,5,1,2,2,1,5,The Midnight Coder
1004,similarity,1,3,2,4,5,2,3,1,5,1,The Quiet Observer
1005,similarity,5,2,2,3,3,2,2,0,0,4,The Focused Builder
1006,similarity,3,2,0,2,0,3,3,5,4,4,The Direct Idealist
1007,similarity,5,1,1,0,4,4,4,4,0,0,The Spontaneous Socialite
1008,similarity,3,1,5,5,3,0,4,4,3,3,The Calm Strategist
1009,similarity,1,0,5,4,1,1,5,1,1,5,The Focused Builder
1010,similarity,3,0,0,2,4,0,0,0,2,1,The Free Spirit
1011,similarity,1,5,4,1,2,2,5,5,0,4,The Spontaneous Socialite
1012,similarity,5,5,5,5,0,3,0,4,1,0,The Quiet Observer
1013,similarity,3,4,5,4,5,4,1,4,5,2,The Aesthetic Rover
1014,similarity,5,4,3,3,3,3,2,3,1,5,The Grounded Loyalist
1015,similarity,3,3,4,1,0,5,1,2,4,5,The Midnight Coder
1016,similarity,1,3,2,0,4,0,2,1,0,1,The Quiet Observer
1017,similarity,3,1,3,5,4,1,3,4,3,3,The Minimalist Architect
1018,similarity,1,0,3,3,1,1,3,3,1,0,The Grounded Loyalist
1019,similarity,5,0,1,2,5,2,4,3,2,2,The Spontaneous Socialite
1020,similarity,1,5,2,0,2,3,5,2,0,4,The Direct Idealist
1021,similarity,5,5,0,5,2,5,4,1,2,1,The Digital Nomad
1022,similarity,3,4,1,4,0,0,5,0,5,3,The Free Spirit
1023,similarity,1,4,1,2,3,5,0,5,1,5,The Spontaneous Socialite
1024,similarity,3,3,5,1,1,1,1,4,4,0,The Pure Creator
1025,similarity,1,3,0,0,0,2,0,2,2,2,The Digital Nomad
1026,similarity,5,2,0,0,4,3,1,1,3,4,The Grounded Loyalist
1027,similarity,1,2,4,5,2,3,2,0,1,1,The Aesthetic Rover
1028,similarity,5,1,5,3,5,4,1,5,3,3,The Direct Idealist
1029,similarity,3,1,3,2,3,5,3,4,0,5,The Minimalist Architect
1030,similarity,1,5,4,1,2,0,4,4,2,2,The Grounded Loyalist
1031,similarity,3,0,4,5,0,2,3,3,5,4,The Focused Builder
1032,similarity,1,4,2,4,3,1,4,2,1,4,The Direct Idealist
1033,similarity,5,5,3,2,1,2,5,5,4,0,The Digital Nomad
1034,similarity,1,3,1,1,1,4,0,4,2,3,The Calm Strategist
1035,similarity,5,2,2,0,4,5,5,3,4,5,The Aesthetic Rover
1036,similarity,3,2,2,4,2,4,0,3,1,1,The Pure Creator
1037,similarity,1,1,0,3,5,0,1,2,3,4,The Digital Nomad
1038,similarity,3,1,1,2,5,1,0,1,0,0,The Quiet Observer
1039,similarity,1,0,5,0,3,2,1,0,2,2,The Aesthetic Rover
1040,similarity,5,0,5,5,0,4,3,5,5,5,The Direct Idealist
1041,similarity,1,5,0,3,4,3,2,3,1,5,The Midnight Coder
1042,similarity,5,5,4,2,3,4,3,2,5,1,The Calm Strategist
1043,similarity,3,3,5,1,1,5,4,1,2,4,The Focused Builder
1044,similarity,5,4,5,5,5,1,5,0,4,0,The Free Spirit
1045,similarity,3,2,3,4,2,0,4,5,1,2,The Spontaneous Socialite
1046,similarity,1,3,4,3,0,1,5,4,3,5,The Calm Strategist
1047,similarity,5,1,2,1,5,3,0,4,1,1,The Aesthetic Rover
1048,similarity,1,2,3,0,3,4,5,1,2,3,The Free Spirit
1049,similarity,5,0,3,4,0,3,0,0,0,5,The Midnight Coder
1050,similarity,3,5,1,3,4,5,1,5,3,0,The Quiet Observer
1051,similarity,5,5,2,2,4,0,1,4,5,2,The Minimalist Architect
1052,similarity,3,4,0,2,1,1,2,3,2,4,The Grounded Loyalist
1053,similarity,1,4,1,1,5,3,3,3,4,1,The Midnight Coder
1054,similarity,5,3,1,0,2,2,4,2,2,3,The Calm Strategist
1055,similarity,1,3,5,4,2,3,3,1,3,5,The Minimalist Architect
1056,similarity,5,1,0,3,0,5,4,4,1,2,The Free Spirit
1057,similarity,3,2,0,1,3,0,5,3,2,4,The Spontaneous Socialite
1058,similarity,5,0,4,0,1,5,4,3,0,0,The Pure Creator
1059,similarity,3,1,5,5,4,0,5,2,3,1,The Digital Nomad
1060,similarity,1,5,3,3,4,2,0,1,5,3,The Free Spirit
1061,similarity,5,0,4,2,2,3,5,0,3,5,The Midnight Coder
1062,similarity,1,4,4,0,5,4,1,5,4,2,The Pure Creator
1063,similarity,5,5,2,5,3,4,2,4,2,4,The Minimalist Architect
1064,similarity,3,3,3,4,2,5,3,2,3,0,The Grounded Loyalist
1065,similarity,5,4,1,2,0,0,2,1,1,2,The Focused Builder
1066,similarity,3,2,2,1,4,2,3,0,4,5,The Direct Idealist
1067,similarity,1,1,2,0,1,1,4,5,0,1,The Minimalist Architect
1068,similarity,3,1,0,4,1,2,3,4,4,1,The Calm Strategist
1069,similarity,1,5,1,3,4,4,4,4,5,4,The Focused Builder
1070,similarity,5,0,1,1,2,5,5,3,3,0,The Pure Creator
1071,similarity,3,4,5,0,5,4,4,2,4,2,The Digital Nomad
1072,similarity,5,5,0,5,5,5,0,5,2,5,The Quiet Observer
1073,similarity,3,3,4,3,3,1,1,4,3,1,The Aesthetic Rover
1074,similarity,1,4,5,2,0,2,2,3,1,3,The Pure Creator
1075,similarity,3,2,5,1,4,3,1,3,5,0,The Midnight Coder
1076,similarity,1,3,3,5,1,3,2,2,0,0,The Quiet Observer
1077,similarity,5,1,4,0,1,4,3,1,4,2,The Focused Builder
1078,similarity,3,2,2,4,5,5,2,0,5,5,The Direct Idealist
1079,similarity,5,0,3,3,2,1,3,5,3,1,The Spontaneous Socialite
1080,similarity,3,1,3,2,0,0,4,2,4,3,The Calm Strategist
1081,similarity,1,5,1,0,5,1,3,2,2,5,The Focused Builder
1082,similarity,3,5,2,5,3,3,4,1,4,2,The Free Spirit
1083,similarity,1,4,0,4,1,4,0,0,1,4,The Spontaneous Socialite
1084,similarity,5,2,0,2,4,5,1,5,5,0,The Quiet Observer
1085,similarity,3,3,1,1,4,5,0,4,0,1,The Aesthetic Rover
1086,similarity,5,1,5,5,1,0,1,4,4,3,The Grounded Loyalist
1087,similarity,3,2,0,4,5,1,2,3,5,5,The Midnight Coder
1088,similarity,1,0,0,3,2,2,1,0,3,2,The Quiet Observer
1089,similarity,3,1,4,1,2,2,2,5,5,4,The Minimalist Architect
1090,similarity,0,5,5,0,0,3,3,4,2,0,The Midnight Coder
1091,similarity,4,0,3,4,3,4,2,3,0,3,The Calm Strategist
1092,similarity,2,4,4,3,1,0,3,3,1,5,The Focused Builder
1093,similarity,4,5,4,2,4,5,4,2,5,1,The Free Spirit
1094,similarity,2,3,2,0,4,0,0,1,1,2,The Spontaneous Socialite
1095,similarity,0,3,3,5,2,2,5,0,4,4,The Calm Strategist
1096,similarity,2,2,1,4,5,3,0,3,0,0,The Digital Nomad
1097,similarity,0,2,2,2,3,4,1,3,3,2,The Free Spirit
1098,similarity,4,1,2,1,2,4,0,2,5,5,The Midnight Coder
1099,similarity,0,1,0,5,0,5,1,1,2,1,The Pure Creator
1100,similarity,4,0,1,4,4,0,2,0,0,3,The Minimalist Architect
1101,similarity,2,4,1,3,1,1,1,5,2,0,The Grounded Loyalist
1102,similarity,0,5,5,3,1,1,2,4,5,2,The Midnight Coder
1103,similarity,2,3,0,2,4,2,3,2,1,2,The Direct Idealist
1104,similarity,0,4,4,1,2,3,4,1,4,5,The Minimalist Architect
1105,similarity,4,2,5,5,5,5,4,0,0,1,The Free Spirit
1106,similarity,0,3,5,4,3,0,5,5,3,3,The Focused Builder
1107,similarity,4,1,3,2,3,5,0,4,5,0,The Pure Creator
1108,similarity,2,1,4,1,0,1,5,4,3,2,The Digital Nomad
1109,similarity,0,0,2,0,4,2,0,3,0,4,The Free Spirit
1110,similarity,2,0,3,4,1,3,1,2,2,0,The Aesthetic Rover
1111,similarity,0,5,3,3,1,3,0,5,5,1,The Pure Creator
1112,similarity,4,5,1,2,5,4,1,4,1,3,The Minimalist Architect
1113,similarity,0,4,2,0,2,5,2,3,4,5,The Quiet Observer
1114,similarity,4,4,0,5,0,1,3,3,0,2,The Focused Builder
1115,similarity,2,3,0,3,5,2,2,2,4,4,The Direct Idealist
1116,similarity,0,1,1,2,3,1,4,1,1,0,The Minimalist Architect
1117,similarity,2,2,5,1,1,2,5,0,3,3,The Calm Strategist
1118,similarity,0,0,0,5,4,4,4,5,0,5,The Focused Builder
1119,similarity,4,1,0,4,4,5,5,2,2,1,The Pure Creator
1120,similarity,0,5,4,2,1,4,0,2,5,2,The Spontaneous Socialite
1121,similarity,4,5,5,1,5,0,5,1,1,4,The Quiet Observer
1122,similarity,2,4,3,0,3,1,0,0,5,0,The Aesthetic Rover
1123,similarity,4,4,4,4,0,2,1,5,0,3,The Grounded Loyalist
1124,similarity,2,3,4,3,0,2,0,4,4,5,The Midnight Coder
1125,similarity,0,3,2,2,3,3,1,4,1,1,The Quiet Observer
1126,similarity,4,2,3,0,1,4,2,3,3,3,The Focused Builder
1127,similarity,0,2,1,5,4,0,4,0,0,0,The Grounded Loyalist
1128,similarity,4,1,2,5,4,1,3,5,2,2,The Spontaneous Socialite
1129,similarity,2,1,2,4,2,0,4,4,0,2,The Calm Strategist
1130,similarity,4,0,0,3,5,1,5,3,1,5,The Digital Nomad
1131,similarity,2,0,1,1,3,3,4,3,5,1,The Free Spirit
1132,similarity,0,4,1,0,2,4,5,2,2,3,The Spontaneous Socialite
1133,similarity,4,3,5,5,0,3,0,1,4,0,The Quiet Observer
1134,similarity,0,3,0,3,4,5,5,0,2,2,The Digital Nomad
1135,similarity,4,2,4,2,1,0,0,3,3,4,The Grounded Loyalist
1136,similarity,2,2,5,0,1,1,1,3,1,1,The Midnight Coder
1137,similarity,4,1,5,5,4,3,3,2,2,3,The Direct Idealist
1138,similarity,2,1,3,4,2,2,2,1,0,3,The Minimalist Architect
1139,similarity,0,0,4,2,0,3,3,0,1,0,The Grounded Loyalist
1140,similarity,4,0,2,1,3,5,4,5,5,2,The Spontaneous Socialite
1141,similarity,0,5,3,0,3,0,3,4,3,4,The Direct Idealist
1142,similarity,4,5,3,4,0,5,4,4,4,0,The Digital Nomad
1143,similarity,2,4,1,3,4,1,5,1,2,3,The Free Spirit
1144,similarity,4,4,2,1,1,2,4,0,3,5,The Aesthetic Rover
1145,similarity,2,2,2,0,1,3,5,5,1,1,The Pure Creator
1146,similarity,0,3,0,5,5,2,0,4,2,4,The Digital Nomad
1147,similarity,2,1,1,3,2,4,1,3,0,4,The Quiet Observer
1148,similarity,0,2,5,2,0,5,1,3,2,0,The Aesthetic Rover
1149,similarity,4,0,0,0,5,0,2,2,5,3,The Direct Idealist
1150,similarity,2,5,0,5,3,2,3,1,3,5,The Minimalist Architect
1151,similarity,4,5,4,4,1,1,2,4,4,1,The Calm Strategist
1152,similarity,2,4,5,2,4,2,3,3,2,4,The Focused Builder
1153,similarity,0,4,3,3,2,4,4,3,3,0,The Direct Idealist
1154,similarity,2,3,4,2,1,5,3,2,1,2,The Spontaneous Socialite
1155,similarity,0,3,4,0,5,4,4,1,3,3,The Calm Strategist
1156,similarity,4,2,2,5,3,0,5,0,0,5,The Aesthetic Rover
1157,similarity,2,2,3,3,0,1,0,5,4,1,The Pure Creator
1158,similarity,4,0,1,2,0,2,5,2,5,3,The Midnight Coder
1159,similarity,2,1,1,1,3,3,1,2,3,0,The Quiet Observer
1160,similarity,0,5,2,5,1,3,2,1,4,2,The Aesthetic Rover
1161,similarity,2,0,0,4,5,4,1,0,2,4,The Grounded Loyalist
1162,similarity,0,4,1,3,4,5,2,5,4,1,The Midnight Coder
1163,similarity,4,5,1,1,2,1,3,4,1,3,The Calm Strategist
1164,similarity,2,3,5,0,5,0,2,4,3,3,The Focused Builder
1165,similarity,4,2,0,4,3,1,3,3,0,0,The Free Spirit
1166,similarity,2,2,4,3,2,3,4,0,4,2,The Spontaneous Socialite
1167,similarity,0,1,5,2,0,4,5,5,5,4,The Calm Strategist
1168,similarity,2,1,5,0,4,3,4,4,3,1,The Digital Nomad
1169,similarity,0,0,3,5,1,5,5,3,5,3,The Free Spirit
1170,similarity,4,0,4,4,5,0,1,3,2,5,The Midnight Coder
1171,similarity,0,4,2,2,4,1,0,2,4,2,The Pure Creator
1172,similarity,4,5,3,1,2,3,1,1,1,4,The Minimalist Architect
1173,similarity,2,3,3,5,0,2,2,0,5,4,The Grounded Loyalist
1174,similarity,0,4,1,4,3,3,1,3,0,0,The Midnight Coder
1175,similarity,2,2,2,3,3,4,2,2,4,3,The Direct Idealist
1176,similarity,0,3,2,1,0,0,3,2,0,5,The Minimalist Architect
1177,similarity,4,1,0,0,4,5,4,1,3,1,The Free Spirit
1178,similarity,0,2,1,0,2,0,3,0,5,4,The Focused Builder
1179,similarity,4,0,5,5,1,2,4,5,2,0,The Pure Creator
1180,similarity,2,1,0,4,5,3,5,4,4,2,The Digital Nomad
1181,similarity,0,5,0,2,2,4,5,4,2,5,The Free Spirit
1182,similarity,2,4,4,1,0,4,0,1,5,5,The Aesthetic Rover
1183,similarity,0,4,5,0,5,5,1,0,1,1,The Pure Creator
1184,similarity,4,2,3,4,3,0,0,5,4,4,The Minimalist Architect
1185,similarity,0,3,4,3,1,2,1,4,0,0,The Quiet Observer
1186,similarity,4,1,4,1,4,1,2,3,3,2,The Focused Builder
1187,similarity,2,2,2,0,2,2,3,3,5,5,The Direct Idealist
1188,similarity,0,0,3,5,1,3,2,2,3,1,The Minimalist Architect
1189,similarity,2,1,1,3,5,5,3,1,4,3,The Calm Strategist
1190,similarity,0,5,1,2,3,0,4,4,2,5,The Focused Builder
1191,similarity,4,0,2,1,0,5,4,3,5,0,The Pure Creator
1192,similarity,0,4,0,5,0,1,5,3,1,2,The Spontaneous Socialite
1193,similarity,4,5,1,4,3,2,0,2,4,4,The Quiet Observer
1194,similarity,2,3,1,2,1,3,5,1,0,1,The Aesthetic Rover
1195,similarity,4,4,5,1,5,3,0,0,4,3,The Grounded Loyalist
1196,similarity,2,2,0,0,4,4,1,5,5,5,The Midnight Coder
1197,similarity,0,2,4,4,2,5,2,4,3,2,The Quiet Observer
1198,similarity,4,1,5,3,5,1,1,2,0,4,The Focused Builder
1199,similarity,0,5,5,2,3,0,2,1,2,4,The Grounded Loyalist
1200,similarity,4,0,3,0,3,1,3,0,5,1,The Spontaneous Socialite
1201,similarity,2,4,4,5,0,3,2,5,1,3,The Calm Strategist
1202,similarity,4,5,2,3,4,4,4,4,5,5,The Digital Nomad
1203,similarity,2,3,3,2,1,5,5,4,0,2,The Free Spirit
1204,similarity,5,4,3,3,5,4,4,3,4,4,The Quiet Observer
1205,similarity,3,2,1,1,4,0,5,2,5,0,The Aesthetic Rover
1206,similarity,5,3,2,0,2,1,0,5,3,2,The Grounded Loyalist
1207,similarity,3,1,2,4,0,2,1,4,0,5,The Midnight Coder
1208,similarity,1,2,0,3,3,2,0,3,2,5,The Quiet Observer
1209,similarity,3,0,1,2,3,3,1,3,0,1,The Minimalist Architect
1210,similarity,1,0,5,0,0,4,2,2,1,4,The Grounded Loyalist
1211,similarity,5,5,0,5,4,0,1,1,5,0,The Spontaneous Socialite
1212,similarity,3,5,0,4,2,1,2,0,0,2,The Calm Strategist
1213,similarity,5,4,4,2,1,0,4,3,4,5,The Digital Nomad
1214,similarity,3,2,5,1,5,2,3,2,1,1,The Free Spirit
1215,similarity,1,3,3,5,2,3,4,2,3,3,The Spontaneous Socialite
1216,similarity,3,1,4,4,0,4,5,1,1,0,The Pure Creator
1217,similarity,1,2,4,3,4,3,0,0,2,0,The Digital Nomad
1218,similarity,5,0,2,1,3,5,5,5,0,2,The Grounded Loyalist
1219,similarity,1,1,3,0,1,0,0,4,1,5,The Aesthetic Rover
1220,similarity,5,5,1,5,4,1,1,4,5,1,The Direct Idealist
1221,similarity,3,0,1,3,2,1,0,1,1,3,The Minimalist Architect
1222,similarity,1,4,2,2,1,2,1,0,4,5,The Grounded Loyalist
1223,similarity,3,4,0,0,5,3,2,5,2,2,The Focused Builder
1224,similarity,1,3,1,5,3,5,2,4,3,4,The Direct Idealist
1225,similarity,5,3,1,4,0,0,3,3,1,0,The Digital Nomad
1226,similarity,1,2,5,2,0,5,4,3,2,1,The Calm Strategist
1227,similarity,5,2,0,1,3,1,5,2,0,3,The Aesthetic Rover
1228,similarity,3,1,4,0,1,2,4,1,2,5,The Pure Creator
1229,similarity,1,1,5,0,5,3,5,4,5,2,The Digital Nomad
1230,similarity,3,0,5,5,4,3,0,3,1,4,The Quiet Observer
1231,similarity,1,4,3,3,2,4,5,3,4,0,The Aesthetic Rover
1232,similarity,5,5,4,2,5,5,0,2,2,3,The Direct Idealist
1233,similarity,1,3,2,1,3,0,1,1,3,5,The Midnight Coder
1234,similarity,5,4,2,5,1,2,0,0,1,1,The Calm Strategist
1235,similarity,3,2,3,4,0,1,2,5,3,2,The Focused Builder
1236,similarity,1,2,1,2,4,2,3,4,0,4,The Direct Idealist
1237,similarity,3,1,2,1,1,4,2,2,2,0,The Spontaneous Socialite
1238,similarity,1,1,2,0,5,5,3,1,5,2,The Calm Strategist
1239,similarity,5,0,0,4,5,4,4,0,3,5,The Aesthetic Rover
1240,similarity,1,0,1,3,2,0,5,5,4,1,The Free Spirit
1241,similarity,5,5,5,2,0,1,4,4,2,3,The Midnight Coder
1242,similarity,3,5,0,0,3,2,5,3,4,0,The Quiet Observer
1243,similarity,5,4,0,5,3,2,0,3,1,0,The Minimalist Architect
1244,similarity,3,4,4,3,0,3,5,2,3,2,The Grounded Loyalist
1245,similarity,1,3,5,2,4,4,1,5,0,5,The Midnight Coder
1246,similarity,5,3,3,1,2,5,2,4,2,1,The Calm Strategist
1247,similarity,1,2,4,5,1,1,1,3,5,3,The Minimalist Architect
1248,similarity,5,0,4,4,5,0,2,3,3,0,The Free Spirit
1249,similarity,3,0,2,3,2,1,3,2,5,2,The Spontaneous Socialite
1250,similarity,5,5,3,1,0,3,4,1,2,4,The Pure Creator
1251,similarity,3,5,3,0,4,4,3,0,4,1,The Digital Nomad
1252,similarity,1,4,1,4,3,3,4,5,1,1,The Free Spirit
1253,similarity,5,4,2,3,1,5,5,2,3,3,The Midnight Coder
1254,similarity,1,3,0,2,4,0,4,2,0,5,The Pure Creator
1255,similarity,5,3,1,2,2,1,5,1,2,2,The Minimalist Architect
1256,similarity,3,2,1,1,2,3,1,0,0,4,The Grounded Loyalist
1257,similarity,5,2,5,5,5,2,0,5,3,0,The Focused Builder
1258,similarity,3,1,0,4,3,3,1,4,5,3,The Direct Idealist
1259,similarity,1,1,4,3,0,5,2,4,2,5,The Minimalist Architect
1260,similarity,5,0,5,1,0,0,3,3,4,1,The Free Spirit
1261,similarity,1,0,5,0,3,5,2,0,1,2,The Focused Builder
1262,similarity,5,4,3,5,1,0,3,5,3,4,The Pure Creator
1263,similarity,3,5,4,3,5,2,4,4,1,0,The Digital Nomad
1264,similarity,5,3,2,2,2,3,3,3,4,3,The Quiet Observer
1265,similarity,3,2,2,0,2,2,4,3,0,5,The Aesthetic Rover
1266,similarity,1,2,3,5,5,4,5,2,3,1,The Pure Creator
1267,similarity,3,1,1,4,3,5,5,1,5,3,The Midnight Coder
1268,similarity,1,1,2,2,1,0,0,4,3,0,The Quiet Observer
1269,similarity,5,0,2,1,0,2,1,3,4,2,The Focused Builder
1270,similarity,3,0,0,0,4,1,2,2,2,2,The Direct Idealist
1271,similarity,5,5,1,4,1,2,1,2,3,5,The Spontaneous Socialite
1272,similarity,3,5,5,3,5,4,2,1,1,1,The Calm Strategist
1273,similarity,1,4,0,1,5,5,3,0,4,3,The Focused Builder
1274,similarity,3,4,0,0,2,4,2,5,0,0,The Free Spirit
1275,similarity,1,2,4,5,0,5,3,4,4,2,The Spontaneous Socialite
1276,similarity,5,3,5,3,3,1,4,2,5,4,The Quiet Observer
1277,similarity,3,1,3,2,3,2,3,1,3,1,The Aesthetic Rover
1278,similarity,5,2,4,1,1,3,5,0,4,1,The Grounded Loyalist
1279,similarity,3,0,4,5,4,3,0,5,2,3,The Midnight Coder
1280,similarity,1,5,2,0,2,4,1,4,5,0,The Quiet Observer
1281,similarity,3,5,3,4,5,5,0,3,1,2,The Minimalist Architect
1282,similarity,1,4,3,3,5,1,1,3,5,4,The Grounded Loyalist
1283,similarity,5,4,1,2,2,0,2,2,0,0,The Spontaneous Socialite
1284,similarity,3,3,2,0,0,1,1,5,4,3,The Calm Strategist
1285,similarity,5,3,0,5,4,3,2,4,5,5,The Digital Nomad
1286,similarity,3,1,1,3,3,4,3,3,3,1,The Free Spirit
1287,similarity,1,2,1,2,1,5,2,3,4,2,The Spontaneous Socialite
1288,similarity,3,0,5,1,4,5,3,2,2,4,The Pure Creator
1289,similarity,1,1,0,5,2,0,5,1,0,0,The Digital Nomad
1290,similarity,5,5,4,4,2,1,0,0,1,3,The Grounded Loyalist
1291,similarity,1,0,5,3,5,2,5,5,5,5,The Aesthetic Rover
1292,similarity,5,4,5,1,3,2,0,2,0,1,The Direct Idealist
1293,similarity,3,5,3,0,0,3,1,2,4,4,The Minimalist Architect
1294,similarity,1,3,4,4,0,4,0,1,5,0,The Grounded Loyalist
1295,similarity,3,4,2,3,4,0,1,0,3,2,The Focused Builder
1296,similarity,1,2,2,2,1,5,2,5,5,3,The Direct Idealist
1297,similarity,5,1,3,0,5,0,1,4,2,5,The Digital Nomad
1298,similarity,1,1,1,5,2,2,2,4,0,1,The Calm Strategist
1299,similarity,5,5,2,4,2,3,3,3,1,3,The Aesthetic Rover
1300,similarity,3,0,2,2,5,4,5,0,5,0,The Pure Creator
1301,similarity,1,4,0,1,3,4,4,5,0,2,The Digital Nomad
1302,similarity,3,5,1,5,1,5,5,4,4,4,The Quiet Observer
1303,similarity,1,3,5,4,0,0,0,3,0,1,The Aesthetic Rover
1304,similarity,5,4,0,3,4,1,5,3,3,3,The Direct Idealist
1305,similarity,1,2,0,3,1,1,0,2,1,3,The Midnight Coder
1306,similarity,5,3,4,2,5,2,1,1,2,0,The Calm Strategist
1307,similarity,3,1,5,1,5,3,0,0,0,2,The Focused Builder
1308,similarity,1,2,3,5,2,5,1,3,2,4,The Direct Idealist
1309,similarity,3,0,3,4,0,0,2,2,5,1,The Spontaneous Socialite
1310,similarity,1,1,4,2,3,5,4,2,1,3,The Calm Strategist
1311,similarity,5,5,2,1,1,1,3,1,4,5,The Aesthetic Rover
1312,similarity,1,5,3,0,1,2,4,0,0,2,The Free Spirit
1313,similarity,5,4,3,4,4,3,5,5,3,4,The Midnight Coder
1314,similarity,3,2,1,3,2,3,4,4,1,4,The Quiet Observer
1315,similarity,5,3,2,1,5,4,5,4,3,0,The Minimalist Architect
1316,similarity,3,1,0,0,5,5,0,1,0,3,The Grounded Loyalist
1317,similarity,1,2,1,5,3,1,5,0,2,5,The Midnight Coder
1318,similarity,4,0,1,3,0,0,0,5,5,1,The Focused Builder
1319,similarity,0,1,5,2,4,1,1,4,1,4,The Grounded Loyalist
1320,similarity,4,5,0,1,3,2,2,3,4,0,The Spontaneous Socialite
1321,similarity,2,0,4,5,1,4,2,3,2,2,The Calm Strategist
1322,similarity,4,4,5,4,4,5,3,2,4,3,The Digital Nomad
1323,similarity,2,5,5,2,2,4,4,5,1,5,The Free Spirit
1324,similarity,0,3,3,1,2,0,3,4,3,1,The Spontaneous Socialite
1325,similarity,4,3,4,0,5,1,4,3,0,4,The Quiet Observer
1326,similarity,0,2,4,4,3,2,5,3,2,0,The Digital Nomad
1327,similarity,4,2,2,3,0,2,4,2,5,2,The Grounded Loyalist
1328,similarity,2,1,3,2,4,3,5,1,1,5,The Midnight Coder
1329,similarity,4,5,1,0,4,4,0,0,5,1,The Direct Idealist
1330,similarity,2,0,2,5,1,0,1,5,2,3,The Minimalist Architect
1331,similarity,0,4,2,5,5,1,0,2,4,3,The Grounded Loyalist
1332,similarity,4,5,0,4,2,0,2,2,1,0,The Spontaneous Socialite
1333,similarity,0,3,1,3,2,1,3,1,3,2,The Direct Idealist
1334,similarity,4,4,5,1,0,3,2,0,0,4,The Digital Nomad
1335,similarity,2,2,0,0,3,4,3,5,2,1,The Free Spirit
1336,similarity,4,3,0,5,1,3,4,4,0,3,The Aesthetic Rover
1337,similarity,2,1,4,3,0,5,3,3,1,5,The Pure Creator
1338,similarity,0,1,5,2,4,0,4,3,5,2,The Digital Nomad
1339,similarity,2,0,3,0,1,1,5,0,2,4,The Quiet Observer
1340,similarity,0,0,3,5,5,1,0,5,4,4,The Aesthetic Rover
1341,similarity,4,5,4,4,5,2,5,4,1,1,The Direct Idealist
1342,similarity,2,5,2,2,2,3,0,3,3,3,The Minimalist Architect
1343,similarity,4,4,3,1,0,5,2,3,1,5,The Calm Strategist
1344,similarity,2,4,3,5,3,0,1,2,2,2,The Focused Builder
1345,similarity,0,3,1,4,1,5,2,1,0,4,The Direct Idealist
1346,similarity,2,1,2,3,1,1,3,0,3,0,The Spontaneous Socialite
1347,similarity,0,2,0,1,4,2,2,3,5,2,The Calm Strategist
1348,similarity,4,0,1,0,2,3,3,2,3,5,The Aesthetic Rover
1349,similarity,2,1,1,5,5,2,4,2,4,5,The Pure Creator
1350,similarity,4,5,5,3,5,4,5,1,2,1,The Midnight Coder
1351,similarity,2,5,0,2,3,5,4,0,3,4,The Quiet Observer
1352,similarity,0,4,4,0,0,0,5,5,1,0,The Aesthetic Rover
1353,similarity,2,4,5,5,4,2,0,4,2,2,The Grounded Loyalist
1354,similarity,0,3,5,4,3,1,0,4,0,5,The Midnight Coder
1355,similarity,4,3,3,2,1,2,1,1,4,1,The Calm Strategist
1356,similarity,2,2,4,3,4,4,2,0,5,3,The Focused Builder
1357,similarity,4,2,4,2,2,5,1,5,3,0,The Free Spirit
1358,similarity,2,1,2,0,0,4,2,4,4,0,The Spontaneous Socialite
1359,similarity,0,1,3,5,5,0,3,3,2,2,The Calm Strategist
1360,similarity,2,0,1,3,3,1,2,3,3,5,The Digital Nomad
1361,similarity,0,0,2,2,0,2,3,2,1,1,The Free Spirit
1362,similarity,4,5,2,1,4,3,4,1,5,3,The Midnight Coder
1363,similarity,0,3,0,5,4,3,5,4,0,5,The Pure Creator
1364,similarity,4,3,1,4,1,4,5,3,4,2,The Minimalist Architect
1365,similarity,2,2,5,3,5,5,0,2,5,4,The Grounded Loyalist
1366,similarity,0,2,0,1,2,1,1,2,3,4,The Midnight Coder
1367,similarity,2,1,0,0,2,0,0,1,4,1,The Direct Idealist
1368,similarity,0,1,4,4,0,1,1,0,2,3,The Minimalist Architect
1369,similarity,4,0,5,3,3,3,2,5,4,5,The Free Spirit
1370,similarity,0,0,3,2,1,4,1,4,1,2,The Focused Builder
1371,similarity,4,5,3,0,0,3,2,2,5,4,The Pure Creator
1372,similarity,2,5,4,5,4,5,3,1,0,0,The Digital Nomad
1373,similarity,0,4,2,3,2,0,4,0,4,3,The Free Spirit
1374,similarity,2,4,3,2,5,1,3,5,5,5,The Aesthetic Rover
1375,similarity,0,3,3,1,3,3,5,4,3,5,The Pure Creator
1376,similarity,4,3,1,5,2,2,0,3,5,2,The Minimalist Architect
1377,similarity,0,1,2,4,0,3,5,3,2,4,The Quiet Observer
1378,similarity,4,2,0,3,3,4,0,2,4,0,The Focused Builder
1379,similarity,2,0,1,1,1,0,1,5,1,2,The Direct Idealist
1380,similarity,0,5,1,0,1,5,0,4,5,5,The Minimalist Architect
1381,similarity,2,5,5,0,4,0,1,3,0,1,The Calm Strategist
1382,similarity,0,4,0,5,2,2,2,3,4,3,The Focused Builder
1383,similarity,4,4,4,4,5,3,3,2,0,0,The Pure Creator
1384,similarity,0,3,4,2,5,4,2,1,3,0,The Spontaneous Socialite
1385,similarity,4,3,5,1,3,4,3,0,5,2,The Quiet Observer
1386,similarity,2,2,3,0,0,5,5,3,2,5,The Aesthetic Rover
1387,similarity,4,2,4,4,4,0,4,2,0,1,The Grounded Loyalist
1388,similarity,2,1,4,3,3,2,5,2,1,3,The Midnight Coder
1389,similarity,0,1,2,1,1,1,0,1,5,0,The Quiet Observer
1390,similarity,4,5,3,0,5,2,5,0,1,2,The Focused Builder
1391,similarity,0,0,1,5,2,4,0,5,4,4,The Grounded Loyalist
1392,similarity,4,4,2,3,0,5,1,4,0,1,The Spontaneous Socialite
1393,similarity,2,5,2,2,5,4,2,4,3,1,The Calm Strategist
1394,similarity,4,3,0,1,3,5,1,1,5,3,The Digital Nomad
1395,similarity,2,2,1,5,0,1,2,0,3,5,The Free Spirit
1396,similarity,0,2,5,4,4,2,3,5,0,2,The Spontaneous Socialite
1397,similarity,4,1,0,2,4,3,3,4,2,4,The Quiet Observer
1398,similarity,0,1,0,1,1,3,4,3,5,0,The Digital Nomad
1399,similarity,4,0,4,0,5,4,5,3,1,3,The Grounded Loyalist
1400,similarity,2,0,5,4,2,5,4,2,4,5,The Midnight Coder
1401,similarity,4,5,3,3,2,1,5,1,0,1,The Direct Idealist
1402,similarity,2,5,3,1,0,0,0,4,4,2,The Minimalist Architect
1403,similarity,0,3,4,0,3,1,1,3,5,4,The Grounded Loyalist
1404,similarity,4,4,2,5,1,3,0,2,3,0,The Spontaneous Socialite
1405,similarity,0,2,3,3,4,4,1,2,0,3,The Direct Idealist
1406,similarity,4,3,3,2,4,5,2,1,2,5,The Digital Nomad
1407,similarity,2,1,1,3,2,4,1,0,5,1,The Free Spirit
1408,similarity,4,2,2,1,5,0,3,5,1,4,The Aesthetic Rover
1409,similarity,2,0,0,0,3,1,4,4,5,0,The Pure Creator
1410,similarity,0,1,1,4,2,2,3,2,0,0,The Digital Nomad
1411,similarity,2,5,1,3,0,2,4,1,4,2,The Quiet Observer
1412,similarity,0,4,5,2,4,3,5,0,1,5,The Aesthetic Rover
1413,similarity,4,4,0,0,1,4,0,5,3,1,The Direct Idealist
1414,similarity,2,3,4,5,1,0,5,4,0,3,The Minimalist Architect
1415,similarity,4,3,4,4,4,5,0,3,2,0,The Calm Strategist
1416,similarity,2,1,5,2,2,0,1,3,0,2,The Focused Builder
1417,similarity,0,2,3,1,5,2,0,2,1,4,The Direct Idealist
1418,similarity,2,0,4,5,5,3,1,5,5,1,The Spontaneous Socialite
1419,similarity,0,1,4,4,3,4,3,4,0,1,The Calm Strategist
1420,similarity,4,5,2,3,0,4,2,3,4,3,The Aesthetic Rover
1421,similarity,2,0,3,1,4,5,3,3,1,0,The Pure Creator
1422,similarity,4,4,1,0,1,0,4,2,3,2,The Midnight Coder
1423,similarity,2,5,2,5,1,1,5,1,1,4,The Quiet Observer
1424,similarity,0,3,2,3,5,1,4,0,2,1,The Aesthetic Rover
1425,similarity,2,4,0,2,2,2,5,5,0,3,The Grounded Loyalist
1426,similarity,0,2,1,0,0,3,0,2,1,5,The Midnight Coder
1427,similarity,4,3,5,5,5,5,5,2,5,1,The Calm Strategist
1428,similarity,2,1,0,4,3,0,0,1,2,2,The Focused Builder
1429,similarity,4,5,0,2,1,5,2,0,4,4,The Free Spirit
1430,similarity,2,0,4,1,4,1,1,5,2,0,The Spontaneous Socialite
1431,similarity,0,4,5,5,4,2,2,4,3,3,The Calm Strategist
1432,similarity,2,5,5,0,1,3,3,3,1,5,The Digital Nomad
1433,similarity,5,3,3,5,5,3,4,3,2,1,The Midnight Coder
1434,similarity,3,4,4,3,2,4,3,0,0,4,The Quiet Observer
1435,similarity,5,2,2,2,2,5,4,5,2,0,The Minimalist Architect
1436,similarity,3,3,3,1,0,0,5,4,5,2,The Grounded Loyalist
1437,similarity,1,1,3,5,3,2,4,3,3,3,The Midnight Coder
1438,similarity,5,2,1,4,1,1,5,3,4,5,The Calm Strategist
1439,similarity,1,0,2,2,4,2,0,2,2,1,The Minimalist Architect
1440,similarity,5,0,0,1,4,4,0,1,3,3,The Free Spirit
1441,similarity,3,5,1,0,2,5,1,4,1,0,The Spontaneous Socialite
1442,similarity,5,5,1,4,5,4,2,3,3,2,The Pure Creator
1443,similarity,3,4,5,3,3,0,3,2,0,4,The Digital Nomad
1444,similarity,1,2,0,2,2,1,2,2,2,1,The Free Spirit
1445,similarity,5,3,4,0,0,2,3,1,5,1,The Midnight Coder
1446,similarity,1,1,4,5,4,2,4,0,3,3,The Pure Creator
1447,similarity,5,2,5,3,1,3,3,5,4,0,The Minimalist Architect
1448,similarity,3,0,3,2,1,4,4,4,2,2,The Grounded Loyalist
1449,similarity,5,1,4,1,4,0,5,2,4,4,The Focused Builder
1450,similarity,3,5,4,5,2,1,4,1,1,1,The Direct Idealist
1451,similarity,1,0,2,4,0,0,0,0,3,3,The Minimalist Architect
1452,similarity,5,4,3,3,3,1,1,5,0,5,The Free Spirit
1453,similarity,1,4,1,1,3,3,2,4,4,2,The Focused Builder
1454,similarity,5,3,2,0,0,4,1,3,5,2,The Pure Creator
1455,similarity,3,3,2,4,4,3,2,3,3,4,The Digital Nomad
1456,similarity,5,2,0,3,1,5,3,2,5,0,The Quiet Observer
1457,similarity,3,2,1,2,1,0,2,5,2,3,The Aesthetic Rover
1458,similarity,1,1,5,2,5,1,3,4,4,5,The Pure Creator
1459,similarity,3,1,5,1,2,3,4,3,1,1,The Midnight Coder
1460,similarity,1,0,0,5,0,2,3,2,3,4,The Quiet Observer
1461,similarity,5,4,4,4,5,3,4,2,0,0,The Focused Builder
1462,similarity,3,5,5,3,3,5,0,1,4,2,The Direct Idealist
1463,similarity,5,3,5,1,1,0,1,0,0,3,The Spontaneous Socialite
1464,similarity,3,4,3,0,4,5,0,5,3,5,The Calm Strategist
1465,similarity,1,2,4,5,4,0,1,2,5,1,The Focused Builder
1466,similarity,3,2,2,3,1,2,2,2,2,4,The Free Spirit
1467,similarity,1,1,3,2,5,3,1,1,4,0,The Spontaneous Socialite
1468,similarity,5,1,3,0,3,2,2,0,1,2,The Quiet Observer
1469,similarity,3,0,1,5,0,4,3,5,5,5,The Aesthetic Rover
1470,similarity,5,0,2,4,0,5,2,4,1,1,The Grounded Loyalist
1471,similarity,3,5,0,2,3,0,3,3,4,3,The Midnight Coder
1472,similarity,1,5,1,1,1,2,4,3,0,3,The Quiet Observer
1473,similarity,3,4,1,0,4,1,4,0,3,0,The Minimalist Architect
1474,similarity,1,4,5,4,4,2,5,5,5,2,The Grounded Loyalist
1475,similarity,5,3,0,3,2,4,0,4,2,4,The Spontaneous Socialite
1476,similarity,3,3,4,1,5,5,1,3,4,1,The Calm Strategist
1477,similarity,5,2,4,0,3,4,0,3,2,3,The Digital Nomad
1478,similarity,3,0,5,5,2,0,1,2,5,5,The Free Spirit
1479,similarity,1,0,3,3,0,1,2,1,1,2,The Spontaneous Socialite
1480,similarity,3,5,4,2,4,2,1,0,4,4,The Pure Creator
1481,similarity,1,5,4,1,1,3,2,3,0,4,The Digital Nomad
1482,similarity,5,4,2,5,1,3,3,2,4,1,The Grounded Loyalist
1483,similarity,1,4,3,0,4,4,3,2,5,3,The Aesthetic Rover
1484,similarity,5,3,1,4,2,5,4,1,3,5,The Direct Idealist
1485,similarity,3,3,2,3,0,1,5,0,4,2,The Minimalist Architect
1486,similarity,1,2,2,2,3,0,0,5,2,4,The Grounded Loyalist
1487,similarity,3,2,0,0,3,1,5,4,5,0,The Focused Builder
1488,similarity,1,1,1,5,0,3,0,3,1,2,The Direct Idealist
1489,similarity,5,1,5,3,4,4,1,1,5,3,The Digital Nomad
1490,similarity,1,0,5,2,2,3,0,0,0,5,The Calm Strategist
1491,similarity,5,0,0,1,1,5,1,5,4,1,The Aesthetic Rover
1492,similarity,3,4,4,5,5,0,2,4,5,4,The Pure Creator
1493,similarity,1,3,5,4,2,1,1,3,3,0,The Digital Nomad
1494,similarity,3,3,5,3,0,2,3,3,0,2,The Quiet Observer
1495,similarity,1,2,3,1,5,2,4,2,2,5,The Aesthetic Rover
1496,similarity,5,2,4,0,3,3,5,5,0,1,The Direct Idealist
1497,similarity,1,1,2,4,1,4,4,4,1,3,The Midnight Coder
1498,similarity,5,1,3,3,4,0,5,3,5,4,The Calm Strategist
1499,similarity,3,0,3,2,2,5,0,2,0,0,The Focused Builder
1500,similarity,1,0,1,0,1,0,5,2,4,2,The Direct Idealist
1501,similarity,3,5,2,5,5,2,0,1,5,5,The Spontaneous Socialite
1502,similarity,1,5,0,4,3,3,1,0,3,1,The Calm Strategist
1503,similarity,5,4,0,2,0,4,0,5,1,3,The Aesthetic Rover
1504,similarity,1,4,1,1,0,4,1,2,2,5,The Free Spirit
1505,similarity,5,2,5,5,3,5,3,2,0,2,The Midnight Coder
1506,similarity,3,3,0,4,1,0,4,1,1,4,The Quiet Observer
1507,similarity,5,1,0,3,5,2,3,0,5,4,The Minimalist Architect
1508,similarity,3,2,4,3,4,1,4,5,0,1,The Grounded Loyalist
1509,similarity,1,0,5,2,2,2,5,4,4,3,The Midnight Coder
1510,similarity,5,5,3,1,5,3,4,3,2,5,The Calm Strategist
1511,similarity,1,5,4,5,3,5,5,3,3,2,The Minimalist Architect
1512,similarity,5,4,4,4,2,4,0,0,1,4,The Free Spirit
1513,similarity,3,4,2,2,0,5,5,5,2,0,The Spontaneous Socialite
1514,similarity,5,3,3,1,4,1,0,4,0,3,The Pure Creator
1515,similarity,3,3,1,0,1,2,1,3,1,5,The Digital Nomad
1516,similarity,1,2,2,4,5,3,3,3,5,5,The Free Spirit
1517,similarity,5,2,2,3,4,3,2,2,1,2,The Midnight Coder
1518,similarity,1,0,0,1,2,4,3,1,4,4,The Pure Creator
1519,similarity,5,1,1,0,0,5,4,0,2,0,The Minimalist Architect
1520,similarity,3,5,5,5,3,1,3,3,3,2,The Grounded Loyalist
1521,similarity,5,0,5,3,3,0,4,2,1,5,The Focused Builder
1522,similarity,3,4,0,2,0,1,5,2,3,1,The Direct Idealist
1523,similarity,1,5,4,1,4,2,4,1,0,3,The Minimalist Architect
1524,similarity,5,3,5,5,2,4,5,0,2,0,The Free Spirit
1525,similarity,1,4,5,4,1,5,0,5,5,0,The Focused Builder
1526,similarity,5,2,3,2,5,4,1,4,1,2,The Pure Creator
1527,similarity,3,1,4,1,2,0,1,3,4,5,The Digital Nomad
1528,similarity,5,1,2,0,0,1,2,1,2,1,The Quiet Observer
1529,similarity,3,0,3,4,0,2,3,0,4,3,The Aesthetic Rover
1530,similarity,1,0,3,3,3,2,2,5,1,0,The Pure Creator
1531,similarity,3,4,1,2,1,3,3,4,3,2,The Midnight Coder
1532,similarity,1,5,2,0,4,4,4,3,0,4,The Quiet Observer
1533,similarity,5,3,0,5,2,0,3,3,2,5,The Focused Builder
1534,similarity,3,4,0,5,1,1,4,2,5,1,The Direct Idealist
1535,similarity,5,2,1,4,5,0,5,1,3,3,The Spontaneous Socialite
1536,similarity,3,3,5,3,3,2,0,4,5,5,The Calm Strategist
1537,similarity,1,1,0,1,0,3,5,3,2,2,The Focused Builder
1538,similarity,3,2,0,0,0,4,1,2,4,4,The Free Spirit
1539,similarity,1,0,4,5,3,3,2,2,1,0,The Spontaneous Socialite
1540,similarity,5,1,5,3,1,5,1,1,3,3,The Quiet Observer
1541,similarity,3,5,3,2,5,0,2,0,0,5,The Aesthetic Rover
1542,similarity,5,0,4,0,4,1,3,5,2,5,The Grounded Loyalist
1543,similarity,3,4,4,5,2,1,2,4,0,2,The Midnight Coder
1544,similarity,1,2,2,4,5,2,3,2,3,4,The Quiet Observer
1545,similarity,3,3,3,2,3,3,4,1,5,0,The Minimalist Architect
1546,similarity,1,1,1,1,1,5,5,0,2,3,The Grounded Loyalist
1547,similarity,4,2,2,5,0,0,4,5,4,5,The Calm Strategist
1548,similarity,2,0,2,4,4,5,0,4,1,1,The Focused Builder
1549,similarity,4,1,0,3,1,1,1,3,3,4,The Free Spirit
1550,similarity,2,5,1,1,5,2,0,3,1,0,The Spontaneous Socialite
1551,similarity,0,0,5,0,4,3,1,0,2,0,The Calm Strategist
1552,similarity,2,4,5,5,2,2,2,5,0,2,The Digital Nomad
1553,similarity,0,5,0,3,0,4,1,4,3,5,The Free Spirit
1554,similarity,4,3,4,2,3,5,2,3,5,1,The Midnight Coder
1555,similarity,0,4,5,0,3,0,3,2,2,3,The Pure Creator
1556,similarity,4,2,5,5,0,2,4,2,4,0,The Minimalist Architect
1557,similarity,2,2,3,4,4,1,3,1,2,2,The Grounded Loyalist
1558,similarity,0,1,4,2,2,2,4,0,3,4,The Midnight Coder
1559,similarity,2,5,2,3,1,4,0,3,1,1,The Direct Idealist
1560,similarity,0,0,3,2,5,5,5,2,4,1,The Minimalist Architect
1561,similarity,4,4,3,0,2,4,0,2,0,3,The Free Spirit
1562,similarity,0,5,1,5,0,0,1,1,3,0,The Focused Builder
1563,similarity,4,3,2,3,4,1,0,0,5,2,The Pure Creator
1564,similarity,2,4,0,2,3,2,1,5,3,4,The Digital Nomad
1565,similarity,0,2,0,1,1,2,2,4,4,1,The Free Spirit
1566,similarity,2,3,1,5,4,3,3,3,2,3,The Aesthetic Rover
1567,similarity,0,1,5,4,2,4,2,1,3,5,The Pure Creator
1568,similarity,4,2,0,3,2,5,3,0,1,5,The Minimalist Architect
1569,similarity,0,0,0,1,5,1,4,5,5,2,The Quiet Observer
1570,similarity,4,0,4,0,3,0,4,4,0,4,The Focused Builder
1571,similarity,2,5,5,4,0,1,5,3,4,0,The Direct Idealist
1572,similarity,0,5,3,3,0,3,0,3,5,3,The Minimalist Architect
1573,similarity,2,4,4,2,3,4,5,2,3,5,The Calm Strategist
1574,similarity,0,4,4,0,1,3,0,1,4,1,The Focused Builder
1575,similarity,4,3,2,5,5,5,1,4,2,4,The Pure Creator
1576,similarity,0,1,3,3,4,0,2,3,0,0,The Spontaneous Socialite
1577,similarity,4,2,1,2,2,1,1,2,1,0,The Quiet Observer
1578,similarity,2,0,1,1,5,3,2,2,5,3,The Aesthetic Rover
1579,similarity,4,1,2,5,3,2,3,1,0,5,The Grounded Loyalist
1580,similarity,2,5,0,4,1,3,2,0,4,1,The Midnight Coder
1581,similarity,0,0,1,3,0,4,4,5,5,4,The Quiet Observer
1582,similarity,4,4,1,1,4,0,5,4,3,0,The Focused Builder
1583,similarity,0,4,5,0,1,5,4,1,5,2,The Grounded Loyalist
1584,similarity,4,3,0,0,5,0,5,1,2,4,The Spontaneous Socialite
1585,similarity,2,3,4,5,5,2,0,0,0,1,The Calm Strategist
1586,similarity,4,2,5,4,2,3,5,5,1,1,The Digital Nomad
1587,similarity,2,2,5,2,0,2,0,4,5,3,The Free Spirit
1588,similarity,0,1,3,1,3,4,1,3,0,0,The Spontaneous Socialite
1589,similarity,4,1,4,0,3,5,2,3,4,2,The Quiet Observer
1590,similarity,0,0,2,4,0,0,1,2,0,4,The Digital Nomad
1591,similarity,4,0,3,3,4,2,2,5,3,1,The Grounded Loyalist
1592,similarity,2,5,3,1,2,1,4,4,5,3,The Midnight Coder
1593,similarity,4,3,1,0,5,2,3,3,2,5,The Direct Idealist
1594,similarity,2,3,2,5,5,4,4,2,0,2,The Minimalist Architect
1595,similarity,0,2,0,3,2,5,5,2,1,2,The Grounded Loyalist
1596,similarity,4,2,0,2,0,4,4,1,5,4,The Spontaneous Socialite
1597,similarity,0,1,1,0,4,5,5,0,1,0,The Direct Idealist
1598,similarity,4,1,5,5,3,1,0,5,4,3,The Digital Nomad
1599,similarity,2,0,0,4,1,2,1,2,0,5,The Free Spirit
1600,similarity,4,0,0,2,4,3,0,2,3,1,The Aesthetic Rover
1601,similarity,2,5,4,1,2,3,1,1,1,4,The Pure Creator
1602,similarity,0,5,5,0,2,4,3,0,2,0,The Digital Nomad
1603,similarity,2,4,3,4,5,5,2,5,0,2,The Quiet Observer
1604,similarity,0,4,4,3,3,1,3,4,2,3,The Aesthetic Rover
1605,similarity,4,3,4,1,0,0,4,3,5,5,The Direct Idealist
1606,similarity,2,3,2,0,0,1,3,1,1,1,The Minimalist Architect
1607,similarity,4,1,3,5,3,3,4,0,4,4,The Calm Strategist
1608,similarity,2,0,1,3,1,4,5,5,0,0,The Focused Builder
1609,similarity,0,0,1,2,5,5,0,4,4,2,The Direct Idealist
1610,similarity,2,5,2,3,2,4,5,3,1,5,The Spontaneous Socialite
1611,similarity,0,5,0,1,2,0,0,3,3,1,The Calm Strategist
1612,similarity,4,4,1,0,5,1,1,2,0,1,The Aesthetic Rover
1613,similarity,2,4,1,4,3,2,1,1,2,3,The Pure Creator
1614,similarity,4,3,5,3,1,2,2,4,5,0,The Midnight Coder
1615,similarity,2,3,0,2,0,3,3,3,1,2,The Quiet Observer
1616,similarity,0,2,4,0,4,4,2,2,5,4,The Aesthetic Rover
1617,similarity,2,2,5,5,1,0,3,2,2,1,The Grounded Loyalist
1618,similarity,0,1,5,4,5,5,4,1,4,3,The Midnight Coder
1619,similarity,4,1,3,2,5,0,5,0,1,5,The Calm Strategist
1620,similarity,2,5,4,1,2,2,4,5,3,2,The Focused Builder
1621,similarity,4,0,2,5,0,3,5,4,0,2,The Free Spirit
1622,similarity,2,4,3,4,3,4,0,1,2,4,The Spontaneous Socialite
1623,similarity,0,5,3,3,3,4,5,1,0,1,The Calm Strategist
1624,similarity,2,3,1,1,1,5,1,0,1,3,The Digital Nomad
1625,similarity,0,2,2,0,4,0,2,5,5,5,The Free Spirit
1626,similarity,4,2,0,4,2,1,1,4,2,2,The Midnight Coder
1627,similarity,0,1,0,3,5,1,2,3,4,4,The Pure Creator
1628,similarity,4,1,1,2,5,2,3,3,1,0,The Minimalist Architect
1629,similarity,2,0,5,0,2,3,4,2,3,2,The Grounded Loyalist
1630,similarity,0,0,0,5,0,5,3,5,1,3,The Midnight Coder
1631,similarity,2,5,0,4,4,0,4,4,2,5,The Direct Idealist
1632,similarity,0,5,4,2,3,5,5,3,0,1,The Minimalist Architect
1633,similarity,4,3,5,1,1,1,4,2,1,4,The Free Spirit
1634,similarity,0,4,3,5,4,2,5,2,5,0,The Focused Builder
1635,similarity,4,2,4,0,2,3,1,1,2,2,The Pure Creator
1636,similarity,2,3,4,5,2,3,0,0,4,5,The Digital Nomad
1637,similarity,0,1,2,3,5,4,1,5,2,1,The Free Spirit
1638,similarity,2,2,3,2,3,5,2,2,3,3,The Aesthetic Rover
1639,similarity,0,0,1,1,0,0,3,2,1,4,The Pure Creator
1640,similarity,4,1,1,5,4,0,2,1,2,0,The Minimalist Architect
1641,similarity,0,5,2,4,4,1,3,0,0,2,The Quiet Observer
1642,similarity,4,4,0,2,1,2,4,5,3,5,The Focused Builder
1643,similarity,2,4,1,1,5,4,3,4,5,1,The Direct Idealist
1644,similarity,0,3,1,0,2,5,4,3,3,3,The Minimalist Architect
1645,similarity,2,3,5,4,2,4,5,3,4,5,The Calm Strategist
1646,similarity,0,1,0,3,5,0,5,0,2,2,The Focused Builder
1647,similarity,4,2,4,2,3,1,0,5,3,4,The Pure Creator
1648,similarity,0,0,5,0,1,2,1,4,1,4,The Spontaneous Socialite
1649,similarity,4,1,5,5,0,2,2,3,3,1,The Quiet Observer
1650,similarity,2,5,3,3,4,3,1,2,0,3,The Aesthetic Rover
1651,similarity,4,0,4,2,1,4,2,2,4,5,The Grounded Loyalist
1652,similarity,2,4,2,1,5,0,3,1,5,2,The Midnight Coder
1653,similarity,0,5,2,5,5,1,2,0,3,4,The Quiet Observer
1654,similarity,4,3,3,4,2,0,3,3,4,0,The Focused Builder
1655,similarity,0,4,1,2,0,1,4,2,2,3,The Grounded Loyalist
1656,similarity,4,2,2,1,3,3,3,2,4,3,The Spontaneous Socialite
1657,similarity,2,3,0,0,1,4,5,1,1,5,The Calm Strategist
1658,similarity,4,1,0,4,1,3,0,0,5,2,The Digital Nomad
1659,similarity,2,5,1,3,4,5,1,5,0,4,The Free Spirit
1660,similarity,0,0,5,2,2,0,0,4,4,0,The Spontaneous Socialite
1661,similarity,3,4,0,2,5,1,1,1,5,2,The Aesthetic Rover
1662,similarity,5,5,0,1,5,1,2,1,3,5,The Grounded Loyalist
1663,similarity,3,3,4,5,3,2,1,0,5,1,The Midnight Coder
1664,similarity,1,4,5,4,0,3,2,5,2,3,The Quiet Observer
1665,similarity,3,2,3,3,4,5,3,4,4,4,The Minimalist Architect
1666,similarity,1,3,4,1,3,0,2,3,1,0,The Grounded Loyalist
1667,similarity,5,1,4,0,1,5,4,3,5,2,The Spontaneous Socialite
1668,similarity,3,2,2,5,4,0,5,2,0,5,The Calm Strategist
1669,similarity,5,0,3,3,2,2,0,5,4,1,The Digital Nomad
1670,similarity,3,1,1,2,2,3,5,4,0,3,The Free Spirit
1671,similarity,1,5,1,0,5,2,0,3,3,0,The Spontaneous Socialite
1672,similarity,3,5,2,5,3,4,1,2,5,2,The Pure Creator
1673,similarity,1,4,0,4,0,5,0,2,2,4,The Digital Nomad
1674,similarity,5,2,1,2,4,0,1,1,4,5,The Grounded Loyalist
1675,similarity,1,3,1,1,4,2,2,0,1,1,The Aesthetic Rover
1676,similarity,5,1,5,0,1,1,1,5,5,3,The Direct Idealist
1677,similarity,3,2,0,4,5,2,2,2,1,5,The Minimalist Architect
1678,similarity,1,0,4,3,2,4,4,1,4,2,The Grounded Loyalist
1679,similarity,3,1,5,1,2,5,5,1,0,4,The Focused Builder
1680,similarity,1,5,5,0,0,4,4,0,3,0,The Direct Idealist
1681,similarity,5,0,3,5,3,0,5,5,5,3,The Digital Nomad
1682,similarity,1,4,4,3,1,1,0,4,2,5,The Calm Strategist
1683,similarity,5,5,2,2,0,2,5,3,0,5,The Aesthetic Rover
1684,similarity,3,3,2,0,4,3,0,3,2,2,The Pure Creator
1685,similarity,1,3,3,5,1,3,1,0,5,4,The Digital Nomad
1686,similarity,3,2,1,0,5,4,0,5,1,0,The Quiet Observer
1687,similarity,1,2,2,4,3,5,1,4,4,3,The Aesthetic Rover
1688,similarity,5,1,2,3,2,1,2,3,0,5,The Direct Idealist
1689,similarity,1,1,0,2,0,0,4,2,3,1,The Midnight Coder
1690,similarity,5,0,1,0,3,1,3,2,5,4,The Calm Strategist
1691,similarity,3,4,5,5,1,3,4,1,3,0,The Focused Builder
1692,similarity,1,5,0,3,1,4,5,0,0,0,The Direct Idealist
1693,similarity,3,3,0,2,4,3,4,3,2,2,The Spontaneous Socialite
1694,similarity,1,4,4,1,2,5,5,2,5,5,The Calm Strategist
1695,similarity,5,2,5,5,5,0,0,2,1,1,The Aesthetic Rover
1696,similarity,1,3,3,4,5,1,5,1,5,3,The Free Spirit
1697,similarity,5,1,4,3,3,2,0,0,0,0,The Midnight Coder
1698,similarity,3,1,4,1,0,2,1,5,4,2,The Quiet Observer
1699,similarity,5,0,2,0,4,3,0,4,5,4,The Minimalist Architect
1700,similarity,3,0,3,4,3,4,2,3,3,5,The Grounded Loyalist
1701,similarity,1,5,1,3,1,0,3,1,0,1,The Midnight Coder
1702,similarity,5,5,1,2,5,5,4,0,2,3,The Calm Strategist
1703,similarity,1,4,2,0,2,0,3,5,0,0,The Minimalist Architect
1704,similarity,5,4,0,5,0,2,4,4,1,2,The Free Spirit
1705,similarity,3,3,1,4,5,3,5,3,5,4,The Spontaneous Socialite
1706,similarity,5,3,1,2,3,4,4,3,0,1,The Pure Creator
1707,similarity,3,2,5,1,0,4,5,2,4,3,The Digital Nomad
1708,similarity,1,0,0,5,4,5,0,1,1,5,The Free Spirit
1709,similarity,5,1,4,4,4,0,5,4,3,5,The Midnight Coder
1710,similarity,1,5,5,3,1,2,0,3,1,2,The Pure Creator
1711,similarity,5,5,5,3,5,1,2,2,2,4,The Minimalist Architect
1712,similarity,3,4,3,2,2,2,3,2,0,0,The Grounded Loyalist
1713,similarity,5,4,4,0,2,3,2,1,1,3,The Focused Builder
1714,similarity,3,3,2,5,0,5,3,0,5,5,The Direct Idealist
1715,similarity,1,3,2,4,3,4,4,5,0,1,The Minimalist Architect
1716,similarity,5,2,3,2,1,5,3,2,4,4,The Free Spirit
1717,similarity,1,2,1,1,0,1,4,1,2,0,The Focused Builder
1718,similarity,5,1,2,0,4,2,5,1,3,0,The Pure Creator
1719,similarity,3,1,2,4,2,3,4,0,1,3,The Digital Nomad
1720,similarity,5,0,0,3,5,3,5,5,2,5,The Quiet Observer
1721,similarity,3,0,1,1,3,4,1,4,0,1,The Aesthetic Rover
1722,similarity,1,5,5,0,2,5,2,3,1,4,The Pure Creator
1723,similarity,3,3,0,5,0,1,1,3,5,0,The Midnight Coder
1724,similarity,1,3,0,3,3,0,2,0,3,2,The Quiet Observer
1725,similarity,5,2,4,2,1,1,3,5,4,4,The Focused Builder
1726,similarity,3,2,5,1,1,2,2,4,2,1,The Direct Idealist
1727,similarity,5,1,3,5,4,4,3,3,3,1,The Spontaneous Socialite
1728,similarity,3,1,3,4,2,5,4,2,1,3,The Calm Strategist
1729,similarity,1,0,4,2,5,4,3,2,2,0,The Focused Builder
1730,similarity,3,0,2,1,5,0,4,1,0,2,The Free Spirit
1731,similarity,1,5,3,0,3,1,5,0,2,4,The Spontaneous Socialite
1732,similarity,5,5,1,4,0,2,1,3,5,1,The Quiet Observer
1733,similarity,3,4,1,3,4,2,0,2,3,3,The Aesthetic Rover
1734,similarity,5,4,2,2,3,3,1,2,4,5,The Grounded Loyalist
1735,similarity,3,3,0,0,1,4,2,1,2,0,The Midnight Coder
1736,similarity,1,3,1,5,5,0,1,0,4,2,The Quiet Observer
1737,similarity,3,1,1,5,2,5,2,5,1,4,The Minimalist Architect
1738,similarity,1,2,5,4,0,0,3,4,3,1,The Grounded Loyalist
1739,similarity,5,0,0,3,5,2,2,3,0,3,The Spontaneous Socialite
1740,similarity,3,5,4,1,3,3,3,1,2,5,The Calm Strategist
1741,similarity,5,5,5,0,1,4,4,0,5,1,The Digital Nomad
1742,similarity,3,4,5,4,4,3,5,5,3,4,The Free Spirit
1743,similarity,1,4,3,3,4,5,5,4,5,0,The Spontaneous Socialite
1744,similarity,3,3,4,2,1,0,0,3,2,0,The Pure Creator
1745,similarity,1,3,2,0,5,1,1,2,4,3,The Digital Nomad
1746,similarity,5,2,2,5,2,1,0,2,1,5,The Grounded Loyalist
1747,similarity,1,2,3,4,2,2,1,1,3,1,The Aesthetic Rover
1748,similarity,5,0,1,2,0,3,2,4,0,4,The Direct Idealist
1749,similarity,3,1,2,1,3,5,1,3,4,0,The Minimalist Architect
1750,similarity,1,5,2,5,1,0,2,2,0,2,The Grounded Loyalist
1751,similarity,3,0,0,4,4,5,3,2,3,5,The Focused Builder
1752,similarity,1,4,1,3,4,1,4,1,5,1,The Direct Idealist
1753,similarity,5,5,5,1,2,2,3,0,2,1,The Digital Nomad
1754,similarity,1,3,0,0,5,3,5,5,4,4,The Calm Strategist
1755,similarity,5,4,0,5,3,2,0,4,1,0,The Aesthetic Rover
1756,similarity,3,2,4,3,2,4,5,1,3,2,The Pure Creator
1757,similarity,1,1,5,2,0,5,0,1,1,4,The Digital Nomad
1758,similarity,3,1,3,0,4,0,1,0,4,1,The Quiet Observer
1759,similarity,1,0,3,5,1,0,0,5,0,3,The Aesthetic Rover
1760,similarity,5,0,4,4,1,1,1,4,3,5,The Direct Idealist
1761,similarity,1,4,2,2,4,2,2,3,5,2,The Midnight Coder
1762,similarity,5,5,3,3,2,4,3,3,2,2,The Calm Strategist
1763,similarity,3,3,3,2,5,5,2,2,4,4,The Focused Builder
1764,similarity,1,4,1,0,5,4,3,5,2,1,The Direct Idealist
1765,similarity,3,2,2,5,3,0,5,4,5,3,The Spontaneous Socialite
1766,similarity,1,3,0,3,0,1,4,3,1,5,The Calm Strategist
1767,similarity,5,1,1,2,4,2,5,2,4,2,The Aesthetic Rover
1768,similarity,1,2,1,1,1,2,0,2,0,4,The Free Spirit
1769,similarity,5,0,5,5,1,3,5,1,3,0,The Midnight Coder
1770,similarity,3,1,0,4,5,4,0,0,5,2,The Quiet Observer
1771,similarity,5,5,4,2,2,5,1,3,3,3,The Minimalist Architect
1772,similarity,3,4,5,1,0,1,2,2,4,5,The Grounded Loyalist
1773,similarity,1,4,5,0,5,0,1,1,2,1,The Midnight Coder
1774,similarity,5,2,3,4,3,1,2,1,5,4,The Calm Strategist
1775,similarity,1,3,4,3,1,3,4,0,1,0,The Minimalist Architect
1776,similarity,4,1,2,2,4,4,3,5,4,2,The Spontaneous Socialite
1777,similarity,2,2,2,0,4,3,4,4,0,5,The Calm Strategist
1778,similarity,4,0,3,5,1,5,5,3,4,1,The Digital Nomad
1779,similarity,2,1,1,3,5,0,4,1,5,1,The Free Spirit
1780,similarity,0,5,2,2,3,1,5,0,3,4,The Spontaneous Socialite
1781,similarity,4,0,2,1,2,3,0,5,4,0,The Quiet Observer
1782,similarity,0,4,0,5,0,2,1,4,2,2,The Digital Nomad
1783,similarity,4,5,1,4,3,3,0,3,0,5,The Grounded Loyalist
1784,similarity,2,3,5,3,1,4,1,2,1,1,The Midnight Coder
1785,similarity,4,4,0,1,4,0,2,2,5,3,The Direct Idealist
1786,similarity,2,2,0,0,4,5,2,1,0,5,The Minimalist Architect
1787,similarity,0,2,4,0,2,0,3,4,4,2,The Grounded Loyalist
1788,similarity,4,1,5,5,5,2,4,3,5,2,The Spontaneous Socialite
1789,similarity,0,5,3,4,3,3,3,2,3,4,The Direct Idealist
1790,similarity,4,0,3,2,2,2,4,2,1,1,The Digital Nomad
1791,similarity,2,4,4,1,0,4,5,1,2,3,The Free Spirit
1792,similarity,4,5,2,0,4,5,0,0,0,5,The Aesthetic Rover
1793,similarity,2,3,3,4,1,0,5,5,1,2,The Pure Creator
1794,similarity,0,4,3,3,1,2,0,4,5,4,The Digital Nomad
1795,similarity,2,2,1,1,4,1,1,1,0,0,The Quiet Observer
1796,similarity,0,3,2,0,2,2,0,1,4,3,The Aesthetic Rover
1797,similarity,4,1,0,5,0,4,2,0,0,3,The Direct Idealist
1798,similarity,2,2,1,3,3,5,3,5,3,5,The Minimalist Architect
1799,similarity,4,0,1,2,3,4,2,4,1,2,The Calm Strategist
1800,similarity,2,0,5,0,0,5,3,3,2,4,The Focused Builder
1801,similarity,0,5,0,5,4,1,4,3,0,0,The Direct Idealist
1802,similarity,2,5,4,4,1,2,5,2,1,2,The Spontaneous Socialite
1803,similarity,0,4,4,2,1,3,4,5,5,5,The Calm Strategist
1804,similarity,4,4,5,1,5,3,5,4,1,1,The Aesthetic Rover
1805,similarity,2,3,3,0,2,4,0,3,4,3,The Pure Creator
1806,similarity,4,1,4,4,0,5,5,2,2,4,The Midnight Coder
1807,similarity,2,2,2,3,5,1,0,2,3,0,The Quiet Observer
1808,similarity,0,0,2,1,3,0,2,1,1,2,The Aesthetic Rover
1809,similarity,2,1,3,0,1,1,1,0,2,5,The Grounded Loyalist
1810,similarity,0,5,1,5,4,3,2,5,0,1,The Midnight Coder
1811,similarity,4,0,2,3,4,4,3,2,2,3,The Calm Strategist
1812,similarity,2,4,2,2,1,3,2,1,5,0,The Focused Builder
1813,similarity,4,4,0,3,5,4,3,1,1,2,The Free Spirit
1814,similarity,2,3,1,1,3,0,4,0,4,4,The Spontaneous Socialite
1815,similarity,0,3,5,0,0,1,5,5,2,5,The Calm Strategist
1816,similarity,2,2,0,4,0,2,4,4,3,1,The Digital Nomad
1817,similarity,0,2,0,3,3,2,5,3,1,3,The Free Spirit
1818,similarity,4,1,4,2,1,3,0,3,3,5,The Midnight Coder
1819,similarity,0,1,5,0,5,4,0,0,0,2,The Pure Creator
1820,similarity,4,0,3,5,4,0,1,5,2,4,The Minimalist Architect
1821,similarity,2,0,3,4,2,5,2,4,5,0,The Grounded Loyalist
1822,similarity,0,5,4,2,5,0,1,3,1,3,The Midnight Coder
1823,similarity,2,3,2,1,3,2,2,2,5,3,The Direct Idealist
1824,similarity,0,4,3,5,2,3,3,2,2,5,The Minimalist Architect
1825,similarity,4,2,3,4,0,4,4,1,4,2,The Free Spirit
1826,similarity,0,2,1,3,4,4,3,4,1,4,The Focused Builder
1827,similarity,4,1,2,1,1,5,4,3,3,0,The Pure Creator
1828,similarity,2,1,0,0,1,0,5,2,0,3,The Digital Nomad
1829,similarity,0,0,1,4,4,1,4,2,2,5,The Free Spirit
1830,similarity,2,0,1,3,2,1,0,1,0,1,The Aesthetic Rover
1831,similarity,0,5,5,2,0,2,1,0,3,4,The Pure Creator
1832,similarity,4,5,0,0,3,3,0,5,5,4,The Minimalist Architect
1833,similarity,0,4,4,5,3,5,1,4,2,0,The Quiet Observer
1834,similarity,4,4,4,4,0,4,2,1,4,2,The Focused Builder
1835,similarity,2,3,5,2,4,5,3,1,1,5,The Direct Idealist
1836,similarity,0,3,3,1,2,1,2,0,3,1,The Minimalist Architect
1837,similarity,2,2,4,5,1,2,3,5,1,3,The Calm Strategist
1838,similarity,0,0,2,0,5,3,4,4,2,0,The Focused Builder
1839,similarity,4,0,2,5,2,3,3,3,0,2,The Pure Creator
1840,similarity,0,5,3,3,0,4,5,2,3,4,The Spontaneous Socialite
1841,similarity,4,5,1,2,5,5,0,2,5,5,The Quiet Observer
1842,similarity,2,4,2,1,3,0,5,5,2,1,The Aesthetic Rover
1843,similarity,4,4,2,5,1,0,0,4,4,3,The Grounded Loyalist
1844,similarity,2,3,0,4,4,1,1,3,2,0,The Midnight Coder
1845,similarity,0,3,1,2,2,2,2,2,3,2,The Quiet Observer
1846,similarity,4,2,5,1,1,4,1,2,1,4,The Focused Builder
1847,similarity,0,2,0,0,5,5,2,1,2,1,The Grounded Loyalist
1848,similarity,4,1,0,4,3,4,3,0,0,3,The Spontaneous Socialite
1849,similarity,2,1,4,3,0,0,2,5,3,5,The Calm Strategist
1850,similarity,4,0,5,2,0,1,3,2,5,5,The Digital Nomad
1851,similarity,2,0,3,0,3,2,5,1,3,2,The Free Spirit
1852,similarity,0,4,3,5,1,2,4,1,4,4,The Spontaneous Socialite
1853,similarity,4,5,4,3,5,3,5,0,2,0,The Quiet Observer
1854,similarity,0,3,2,2,4,4,0,5,3,3,The Digital Nomad
1855,similarity,4,2,3,1,2,0,1,4,1,5,The Grounded Loyalist
1856,similarity,2,2,3,5,5,1,0,3,4,1,The Midnight Coder
1857,similarity,4,1,1,4,3,0,1,3,0,4,The Direct Idealist
1858,similarity,2,1,2,2,2,1,2,0,4,0,The Minimalist Architect
1859,similarity,0,0,0,1,0,3,1,5,5,0,The Grounded Loyalist
1860,similarity,4,0,1,0,4,4,2,4,3,3,The Spontaneous Socialite
1861,similarity,0,5,1,4,1,3,3,3,4,5,The Direct Idealist
1862,similarity,4,5,5,3,5,5,3,2,2,1,The Digital Nomad
1863,similarity,2,4,0,2,4,0,4,2,3,4,The Free Spirit
1864,similarity,4,4,4,2,2,1,5,1,1,0,The Aesthetic Rover
1865,similarity,2,2,4,1,0,1,0,0,5,2,The Pure Creator
1866,similarity,0,3,5,5,3,2,5,3,0,4,The Digital Nomad
1867,similarity,2,1,3,4,3,3,0,2,4,5,The Quiet Observer
1868,similarity,0,2,4,3,0,5,1,1,5,1,The Aesthetic Rover
1869,similarity,4,0,4,1,4,0,0,1,3,3,The Direct Idealist
1870,similarity,2,1,2,0,2,5,1,0,5,0,The Minimalist Architect
1871,similarity,4,5,3,5,1,0,2,5,2,2,The Calm Strategist
1872,similarity,2,4,1,3,5,2,1,4,0,4,The Focused Builder
1873,similarity,0,4,2,2,2,3,3,3,1,1,The Direct Idealist
1874,similarity,2,3,2,0,0,2,4,1,5,3,The Spontaneous Socialite
1875,similarity,0,3,0,5,0,4,5,0,0,5,The Calm Strategist
1876,similarity,4,2,1,4,3,5,4,5,4,0,The Aesthetic Rover
1877,similarity,2,2,5,2,1,0,5,4,0,2,The Pure Creator
1878,similarity,4,0,5,1,4,2,0,3,3,4,The Midnight Coder
1879,similarity,2,1,0,0,2,1,5,2,5,1,The Quiet Observer
1880,similarity,0,5,4,4,1,2,0,2,2,3,The Aesthetic Rover
1881,similarity,2,0,5,3,5,4,1,1,0,5,The Grounded Loyalist
1882,similarity,0,4,3,1,3,5,0,4,1,1,The Midnight Coder
1883,similarity,4,5,3,0,0,4,1,3,5,4,The Calm Strategist
1884,similarity,2,3,4,5,0,0,3,2,1,0,The Focused Builder
1885,similarity,4,4,2,3,3,1,4,2,4,0,The Free Spirit
1886,similarity,2,2,3,2,1,2,3,1,0,3,The Spontaneous Socialite
1887,similarity,0,1,3,0,5,1,4,0,3,5,The Calm Strategist
1888,similarity,2,1,1,5,4,3,5,5,5,1,The Digital Nomad
1889,similarity,0,0,2,0,2,4,4,2,2,4,The Free Spirit
1890,similarity,3,0,0,4,5,5,5,1,0,0,The Quiet Observer
1891,similarity,5,4,1,3,3,1,0,1,2,2,The Minimalist Architect
1892,similarity,3,5,1,2,1,0,5,0,5,5,The Grounded Loyalist
1893,similarity,1,3,5,0,0,1,0,5,1,1,The Midnight Coder
1894,similarity,5,4,0,5,4,3,2,4,4,1,The Calm Strategist
1895,similarity,1,2,4,3,1,4,3,3,0,4,The Minimalist Architect
1896,similarity,5,3,4,2,5,3,2,3,3,0,The Free Spirit
1897,similarity,3,1,5,1,4,5,3,0,1,2,The Spontaneous Socialite
1898,similarity,5,2,3,5,2,0,4,5,3,4,The Pure Creator
1899,similarity,3,0,4,4,0,1,3,4,0,1,The Digital Nomad
1900,similarity,1,1,4,3,3,3,4,3,2,3,The Free Spirit
1901,similarity,5,5,2,1,3,2,5,2,5,5,The Midnight Coder
1902,similarity,1,5,3,0,0,3,4,2,1,0,The Pure Creator
1903,similarity,5,4,1,4,4,4,5,1,4,2,The Minimalist Architect
1904,similarity,3,2,2,3,2,0,0,0,0,4,The Grounded Loyalist
1905,similarity,5,3,2,2,1,5,2,3,4,1,The Focused Builder
1906,similarity,3,1,0,0,5,0,1,2,1,3,The Direct Idealist
1907,similarity,1,2,1,5,2,2,2,1,3,5,The Minimalist Architect
1908,similarity,5,0,5,4,0,3,3,1,0,2,The Free Spirit
1909,similarity,1,1,5,2,4,2,2,0,2,4,The Focused Builder
1910,similarity,5,5,0,1,3,4,3,5,0,0,The Pure Creator
1911,similarity,3,0,4,5,1,5,4,4,1,1,The Digital Nomad
1912,similarity,5,4,5,4,4,0,3,3,5,3,The Quiet Observer
1913,similarity,3,5,3,3,2,2,4,1,2,5,The Aesthetic Rover
1914,similarity,1,3,3,3,2,1,5,0,4,1,The Pure Creator
1915,similarity,3,3,4,2,5,2,0,5,1,4,The Midnight Coder
1916,similarity,1,2,2,0,3,3,0,4,3,0,The Quiet Observer
1917,similarity,5,2,3,5,0,5,1,3,1,2,The Focused Builder
1918,similarity,3,1,3,4,0,4,2,2,2,5,The Direct Idealist
1919,similarity,5,1,1,2,3,5,1,2,0,1,The Spontaneous Socialite
1920,similarity,3,0,2,1,1,1,2,1,1,1,The Calm Strategist
1921,similarity,1,4,0,0,5,2,3,4,5,4,The Focused Builder
1922,similarity,3,5,1,4,4,3,2,3,2,0,The Free Spirit
1923,similarity,1,3,1,3,2,3,3,2,4,2,The Spontaneous Socialite
1924,similarity,5,4,5,1,5,4,4,2,2,5,The Quiet Observer
1925,similarity,3,2,0,0,3,5,3,1,3,1,The Aesthetic Rover
1926,similarity,5,3,4,5,1,1,4,0,1,3,The Grounded Loyalist
1927,similarity,3,1,4,3,0,0,0,5,2,5,The Midnight Coder
1928,similarity,1,1,5,2,4,1,1,4,0,2,The Quiet Observer
1929,similarity,3,0,3,1,1,3,0,1,1,2,The Minimalist Architect
1930,similarity,1,0,4,5,5,4,1,1,5,4,The Grounded Loyalist
1931,similarity,5,5,4,4,5,3,2,0,3,1,The Spontaneous Socialite
1932,similarity,3,5,2,2,2,4,1,5,4,3,The Calm Strategist
1933,similarity,5,4,3,1,0,0,2,4,2,5,The Digital Nomad
1934,similarity,3,4,1,0,3,1,3,3,3,2,The Free Spirit
1935,similarity,1,3,2,4,3,2,2,2,1,4,The Spontaneous Socialite
1936,similarity,3,1,2,3,0,2,3,2,2,0,The Pure Creator
1937,similarity,1,2,0,1,4,3,4,5,0,3,The Digital Nomad
1938,similarity,5,0,1,0,2,4,0,4,4,3,The Grounded Loyalist
1939,similarity,1,1,5,5,5,0,5,3,5,5,The Aesthetic Rover
1940,similarity,5,5,5,5,5,5,0,2,3,2,The Direct Idealist
1941,similarity,3,5,0,4,2,0,1,2,4,4,The Minimalist Architect
1942,similarity,1,4,4,3,0,2,0,1,2,0,The Grounded Loyalist
1943,similarity,3,4,5,1,4,3,1,0,3,2,The Focused Builder
1944,similarity,1,3,5,0,3,4,2,3,1,5,The Direct Idealist
1945,similarity,5,3,3,4,1,3,1,2,3,1,The Digital Nomad
1946,similarity,1,2,4,3,4,5,2,1,0,1,The Calm Strategist
1947,similarity,5,2,2,2,2,0,3,1,4,4,The Aesthetic Rover
1948,similarity,3,1,3,0,2,1,4,0,5,0,The Pure Creator
1949,similarity,1,1,3,5,5,1,4,5,3,2,The Digital Nomad
1950,similarity,3,0,1,4,3,2,5,4,5,5,The Quiet Observer
1951,similarity,1,0,2,2,0,3,0,3,2,1,The Aesthetic Rover
1952,similarity,5,5,0,1,0,5,5,1,4,3,The Direct Idealist
1953,similarity,1,3,0,5,4,0,0,0,1,0,The Midnight Coder
1954,similarity,5,3,1,4,1,5,1,5,3,2,The Calm Strategist
1955,similarity,3,2,5,3,5,1,0,4,0,2,The Focused Builder
1956,similarity,1,2,0,1,2,2,1,3,4,5,The Direct Idealist
1957,similarity,3,1,4,0,2,3,2,2,0,1,The Spontaneous Socialite
1958,similarity,1,1,4,5,5,3,3,2,3,3,The Calm Strategist
1959,similarity,5,0,5,3,3,4,3,1,5,5,The Aesthetic Rover
1960,similarity,1,0,3,2,1,5,4,4,2,2,The Free Spirit
1961,similarity,5,5,4,0,0,0,5,3,4,4,The Midnight Coder
1962,similarity,3,5,4,5,4,0,4,2,1,0,The Quiet Observer
1963,similarity,5,4,2,4,1,1,5,1,5,3,The Minimalist Architect
1964,similarity,3,4,3,2,5,2,0,1,1,3,The Grounded Loyalist
1965,similarity,1,3,1,3,5,4,5,0,4,5,The Midnight Coder
1966,similarity,5,3,2,1,2,5,0,5,0,2,The Calm Strategist
1967,similarity,1,1,2,0,0,4,1,4,3,4,The Minimalist Architect
1968,similarity,5,2,0,5,3,0,2,1,5,0,The Free Spirit
1969,similarity,3,0,1,3,3,1,1,1,2,3,The Spontaneous Socialite
1970,similarity,5,5,5,2,1,2,3,0,4,5,The Pure Creator
1971,similarity,3,5,5,1,4,2,4,5,2,1,The Digital Nomad
1972,similarity,1,4,0,5,2,3,3,4,5,4,The Free Spirit
1973,similarity,5,4,4,4,5,4,4,3,1,4,The Midnight Coder
1974,similarity,1,3,5,2,5,5,5,2,4,0,The Pure Creator
1975,similarity,5,3,5,1,2,1,4,2,0,2,The Minimalist Architect
1976,similarity,3,2,3,0,0,0,5,5,3,5,The Grounded Loyalist
1977,similarity,5,2,4,4,4,1,0,4,5,1,The Focused Builder
1978,similarity,3,1,2,3,3,3,1,3,3,3,The Direct Idealist
1979,similarity,1,1,3,2,1,4,0,2,0,0,The Minimalist Architect
1980,similarity,5,5,3,0,4,3,1,2,2,2,The Free Spirit
1981,similarity,1,0,1,5,2,5,3,1,5,4,The Focused Builder
1982,similarity,5,4,2,3,2,0,2,0,1,5,The Pure Creator
1983,similarity,3,5,0,2,5,1,3,5,4,1,The Digital Nomad
1984,similarity,5,3,0,1,3,1,4,2,0,3,The Quiet Observer
1985,similarity,3,4,1,5,0,2,3,1,4,0,The Aesthetic Rover
1986,similarity,1,2,5,4,4,3,4,1,5,2,The Pure Creator
1987,similarity,3,1,0,3,4,5,5,0,3,4,The Midnight Coder
1988,similarity,1,1,4,1,1,0,0,5,0,1,The Quiet Observer
1989,similarity,5,0,4,0,5,5,5,4,2,3,The Focused Builder
1990,similarity,3,0,5,0,2,0,0,3,5,3,The Direct Idealist
1991,similarity,5,5,3,5,2,2,1,3,1,5,The Spontaneous Socialite
1992,similarity,3,5,4,4,0,3,1,0,5,2,The Calm Strategist
1993,similarity,1,3,4,2,3,2,2,5,0,4,The Focused Builder
1994,similarity,3,4,2,1,1,4,3,4,4,0,The Free Spirit
1995,similarity,1,2,3,5,0,5,2,3,5,3,The Spontaneous Socialite
1996,similarity,5,3,1,4,4,0,3,2,3,5,The Quiet Observer
1997,similarity,3,1,2,3,1,2,4,2,1,1,The Aesthetic Rover
1998,similarity,5,2,2,1,5,1,5,1,2,4,The Grounded Loyalist
1999,similarity,3,0,0,0,5,2,4,4,0,4,The Midnight Coder
2000,similarity,1,1,1,5,2,4,5,3,1,0,The Quiet Observer
2001,similarity,3,5,5,3,0,5,0,2,5,3,The Minimalist Architect
2002,similarity,1,4,5,2,3,4,5,1,0,5,The Grounded Loyalist
2003,similarity,5,4,0,0,1,5,1,1,4,1,The Spontaneous Socialite
2004,similarity,3,3,4,5,1,1,2,0,2,4,The Calm Strategist
2005,similarity,4,3,5,4,4,2,1,5,3,0,The Free Spirit
2006,similarity,2,1,5,2,2,1,2,4,1,2,The Spontaneous Socialite
2007,similarity,0,2,3,1,5,3,3,1,2,4,The Calm Strategist
2008,similarity,2,0,4,0,5,4,4,1,0,5,The Digital Nomad
2009,similarity,0,1,2,4,3,5,3,0,1,1,The Free Spirit
2010,similarity,4,5,3,3,0,1,4,5,5,3,The Midnight Coder
2011,similarity,0,0,3,1,4,0,5,4,1,0,The Pure Creator
2012,similarity,4,4,1,0,3,1,4,3,4,2,The Minimalist Architect
2013,similarity,2,5,2,5,1,3,0,2,2,4,The Grounded Loyalist
2014,similarity,0,3,0,3,4,4,1,2,3,1,The Midnight Coder
2015,similarity,2,4,0,2,2,3,0,5,1,3,The Direct Idealist
2016,similarity,0,2,1,3,2,5,1,4,2,5,The Minimalist Architect
2017,similarity,4,3,5,1,5,0,2,3,0,0,The Free Spirit
2018,similarity,0,1,0,0,3,1,3,2,2,2,The Focused Builder
2019,similarity,4,5,4,4,0,2,2,2,5,4,The Pure Creator
2020,similarity,2,0,4,3,4,2,3,1,3,1,The Digital Nomad
2021,similarity,0,4,5,2,4,3,4,0,4,3,The Free Spirit
2022,similarity,2,5,3,0,1,4,3,5,2,5,The Aesthetic Rover
2023,similarity,0,3,4,5,5,0,4,2,3,1,The Pure Creator
2024,similarity,4,4,4,3,2,5,0,1,1,4,The Minimalist Architect
2025,similarity,0,2,2,2,2,0,5,1,3,0,The Quiet Observer
2026,similarity,4,3,3,1,0,2,0,0,0,0,The Focused Builder
2027,similarity,2,1,1,5,3,3,1,5,2,3,The Direct Idealist
2028,similarity,0,2,1,4,1,4,2,4,5,5,The Minimalist Architect
2029,similarity,2,0,2,3,0,4,1,3,3,1,The Calm Strategist
2030,similarity,0,1,0,1,4,5,2,2,4,4,The Focused Builder
2031,similarity,4,5,1,0,2,0,3,0,2,0,The Pure Creator
2032,similarity,0,5,5,4,5,1,2,5,4,2,The Spontaneous Socialite
2033,similarity,4,4,5,3,3,1,3,4,1,5,The Quiet Observer
2034,similarity,2,4,0,2,2,2,4,3,3,5,The Aesthetic Rover
2035,similarity,4,3,4,0,0,3,4,2,0,1,The Grounded Loyalist
2036,similarity,2,1,5,5,3,5,5,2,2,4,The Midnight Coder
2037,similarity,0,2,5,4,1,4,0,1,0,0,The Quiet Observer
2038,similarity,4,0,3,2,1,5,5,0,3,2,The Focused Builder
2039,similarity,0,1,4,1,4,1,0,3,5,4,The Grounded Loyalist
2040,similarity,4,5,2,5,2,2,1,2,2,1,The Spontaneous Socialite
2041,similarity,2,0,3,0,5,3,2,1,4,3,The Calm Strategist
2042,similarity,4,4,3,5,5,3,1,1,1,5,The Digital Nomad
2043,similarity,2,5,1,3,3,4,2,0,3,0,The Free Spirit
2044,similarity,0,3,2,2,0,5,3,5,1,2,The Spontaneous Socialite
2045,similarity,4,3,0,1,4,1,2,4,4,4,The Quiet Observer
2046,similarity,0,2,0,5,3,0,4,3,0,1,The Digital Nomad
2047,similarity,4,2,1,4,1,1,5,1,3,3,The Grounded Loyalist
2048,similarity,2,1,5,2,5,2,4,0,5,5,The Midnight Coder
2049,similarity,4,1,0,1,2,4,5,5,2,2,The Direct Idealist
2050,similarity,2,0,0,0,0,5,0,4,4,4,The Minimalist Architect
2051,similarity,0,4,4,4,5,4,1,3,2,0,The Grounded Loyalist
2052,similarity,4,5,5,3,3,0,0,2,3,1,The Spontaneous Socialite
2053,similarity,0,3,3,1,0,1,1,2,1,3,The Direct Idealist
2054,similarity,4,4,4,0,4,2,2,5,4,5,The Digital Nomad
2055,similarity,2,2,4,5,4,2,1,4,0,1,The Free Spirit
2056,similarity,4,3,2,3,1,3,2,3,3,4,The Aesthetic Rover
2057,similarity,2,1,3,2,5,4,4,2,5,0,The Pure Creator
2058,similarity,0,1,1,1,2,0,3,1,3,2,The Digital Nomad
2059,similarity,2,0,1,5,2,5,4,1,4,5,The Quiet Observer
2060,similarity,0,0,2,4,0,0,5,0,2,1,The Aesthetic Rover
2061,similarity,4,5,0,2,3,1,0,5,5,1,The Direct Idealist
2062,similarity,2,5,1,1,1,3,5,2,1,4,The Minimalist Architect
2063,similarity,4,4,5,0,0,4,0,1,4,0,The Calm Strategist
2064,similarity,2,4,5,4,4,3,1,1,0,2,The Focused Builder
2065,similarity,0,3,0,3,2,5,0,0,4,5,The Direct Idealist
2066,similarity,2,3,4,2,5,0,1,5,5,1,The Spontaneous Socialite
2067,similarity,0,2,5,2,3,1,2,4,3,3,The Calm Strategist
2068,similarity,4,0,5,1,2,1,2,3,4,0,The Aesthetic Rover
2069,similarity,2,0,3,5,0,2,3,2,2,0,The Pure Creator
2070,similarity,4,5,4,4,4,3,4,0,5,2,The Midnight Coder
2071,similarity,2,5,2,3,1,5,5,5,1,4,The Quiet Observer
2072,similarity,0,4,2,1,1,0,4,4,5,1,The Aesthetic Rover
2073,similarity,2,4,3,0,4,5,5,3,0,3,The Grounded Loyalist
2074,similarity,0,3,1,5,2,1,0,2,4,5,The Midnight Coder
2075,similarity,4,3,2,3,5,2,5,2,5,2,The Calm Strategist
2076,similarity,2,2,0,2,5,3,0,1,3,4,The Focused Builder
2077,similarity,4,2,0,0,3,2,1,0,4,0,The Free Spirit
2078,similarity,2,1,1,5,0,4,1,3,2,1,The Spontaneous Socialite
2079,similarity,0,1,5,4,4,5,2,2,0,3,The Calm Strategist
2080,similarity,2,0,0,2,1,0,3,1,1,5,The Digital Nomad
2081,similarity,0,0,0,1,1,0,4,1,5,2,The Free Spirit
2082,similarity,4,4,4,5,5,1,3,0,0,4,The Midnight Coder
2083,similarity,0,5,5,4,2,2,4,5,4,0,The Pure Creator
2084,similarity,4,3,3,3,0,4,5,4,0,2,The Minimalist Architect
2085,similarity,2,2,4,1,5,5,4,3,3,5,The Grounded Loyalist
2086,similarity,0,2,4,0,3,4,5,1,1,1,The Midnight Coder
2087,similarity,2,1,2,5,1,0,0,0,2,1,The Direct Idealist
2088,similarity,0,1,3,3,4,1,5,5,0,4,The Minimalist Architect
2089,similarity,4,0,1,2,4,2,1,4,1,0,The Free Spirit
2090,similarity,0,0,1,0,1,1,2,3,5,2,The Focused Builder
2091,similarity,4,5,2,5,5,3,3,2,1,5,The Pure Creator
2092,similarity,2,5,0,0,2,4,2,2,4,1,The Digital Nomad
2093,similarity,0,4,1,4,2,5,3,1,0,3,The Free Spirit
2094,similarity,2,4,5,3,0,1,4,4,3,0,The Aesthetic Rover
2095,similarity,0,2,5,2,3,0,3,3,1,2,The Pure Creator
2096,similarity,4,3,0,0,1,1,4,2,2,2,The Minimalist Architect
2097,similarity,0,1,4,5,4,3,5,1,0,5,The Quiet Observer
2098,similarity,4,2,5,3,4,4,4,1,2,1,The Focused Builder
2099,similarity,2,0,5,2,2,3,5,0,5,3,The Direct Idealist
2100,similarity,0,1,3,1,5,5,1,5,1,5,The Minimalist Architect
2101,similarity,2,5,4,5,3,0,2,4,4,2,The Calm Strategist
2102,similarity,0,4,2,4,2,1,1,1,0,4,The Focused Builder
2103,similarity,4,4,2,3,0,3,2,1,3,0,The Pure Creator
2104,similarity,0,3,3,1,4,2,3,0,1,3,The Spontaneous Socialite
2105,similarity,4,3,1,0,1,3,2,5,3,3,The Quiet Observer
2106,similarity,2,2,2,4,1,4,3,4,0,5,The Aesthetic Rover
2107,similarity,0,2,0,3,4,0,4,3,2,2,The Pure Creator
2108,similarity,2,0,0,2,2,5,3,2,5,4,The Midnight Coder
2109,similarity,0,1,1,0,0,0,4,0,1,0,The Quiet Observer
2110,similarity,4,5,5,5,5,2,5,5,4,3,The Focused Builder
2111,similarity,0,0,0,3,3,3,1,4,2,5,The Grounded Loyalist
2112,similarity,4,4,0,2,0,2,0,3,4,1,The Spontaneous Socialite
2113,similarity,2,5,4,1,4,4,1,2,1,2,The Calm Strategist
2114,similarity,4,3,5,5,1,5,2,2,3,4,The Digital Nomad
2115,similarity,2,4,3,4,1,0,1,1,0,0,The Free Spirit
2116,similarity,0,2,4,3,5,2,2,0,2,2,The Spontaneous Socialite
2117,similarity,4,1,4,3,2,1,3,3,5,5,The Quiet Observer
2118,similarity,0,1,2,2,0,2,2,2,1,1,The Digital Nomad
2119,similarity,3,0,3,0,5,3,3,1,5,3,The Midnight Coder
2120,similarity,1,0,1,5,3,5,4,1,2,0,The Quiet Observer
2121,similarity,3,4,1,4,1,4,5,0,4,2,The Minimalist Architect
2122,similarity,1,5,2,2,4,5,5,5,1,2,The Grounded Loyalist
2123,similarity,5,3,0,1,4,1,0,4,3,5,The Spontaneous Socialite
2124,similarity,3,4,1,0,1,2,1,3,1,1,The Calm Strategist
2125,similarity,5,2,1,4,5,3,0,0,2,3,The Digital Nomad
2126,similarity,3,3,5,3,3,3,1,0,0,0,The Free Spirit
2127,similarity,1,1,0,1,0,4,2,5,3,2,The Spontaneous Socialite
2128,similarity,3,2,4,0,0,5,1,4,5,4,The Pure Creator
2129,similarity,1,0,5,5,3,1,2,3,2,1,The Digital Nomad
2130,similarity,5,1,5,3,1,0,3,2,4,3,The Grounded Loyalist
2131,similarity,3,5,3,2,4,1,4,2,2,3,The Midnight Coder
2132,similarity,5,0,4,1,4,3,4,1,3,5,The Direct Idealist
2133,similarity,3,4,2,5,2,4,5,4,1,2,The Minimalist Architect
2134,similarity,1,2,2,4,5,3,0,3,2,4,The Grounded Loyalist
2135,similarity,3,3,3,2,3,4,5,2,0,0,The Focused Builder
2136,similarity,1,1,1,1,2,0,0,1,3,3,The Direct Idealist
2137,similarity,5,2,2,0,0,1,1,1,5,5,The Digital Nomad
2138,similarity,1,0,0,4,4,2,0,0,3,1,The Calm Strategist
2139,similarity,5,1,0,3,1,2,1,5,4,4,The Aesthetic Rover
2140,similarity,3,5,1,1,1,3,2,4,2,4,The Pure Creator
2141,similarity,1,0,5,0,4,4,3,1,3,0,The Digital Nomad
2142,similarity,3,4,0,5,2,0,2,1,1,3,The Quiet Observer
2143,similarity,1,5,0,5,0,5,4,0,2,5,The Aesthetic Rover
2144,similarity,5,3,4,4,3,0,5,5,0,1,The Direct Idealist
2145,similarity,1,4,5,3,3,2,4,4,4,4,The Midnight Coder
2146,similarity,5,2,3,1,0,3,5,3,5,0,The Calm Strategist
2147,similarity,3,2,3,0,4,4,0,2,3,2,The Focused Builder
2148,similarity,1,1,4,4,1,3,5,2,4,4,The Direct Idealist
2149,similarity,3,1,2,3,1,5,0,5,2,5,The Spontaneous Socialite
2150,similarity,1,0,3,2,5,0,1,4,3,1,The Calm Strategist
2151,similarity,5,4,1,0,2,1,0,3,1,3,The Aesthetic Rover
2152,similarity,1,5,1,5,0,1,1,2,5,0,The Free Spirit
2153,similarity,5,3,2,4,5,2,2,1,0,2,The Midnight Coder
2154,similarity,3,4,0,2,3,3,4,1,4,4,The Quiet Observer
2155,similarity,1,2,1,1,1,5,3,0,5,1,The Aesthetic Rover
2156,similarity,3,3,1,5,4,4,4,5,3,3,The Grounded Loyalist
2157,similarity,1,1,5,4,4,5,5,2,4,3,The Midnight Coder
2158,similarity,5,2,0,3,1,1,4,1,2,0,The Calm Strategist
2159,similarity,1,0,4,1,5,2,5,1,4,2,The Minimalist Architect
2160,similarity,5,0,5,0,3,3,0,0,1,4,The Free Spirit
2161,similarity,3,5,5,5,0,3,5,5,5,1,The Spontaneous Socialite
2162,similarity,5,5,3,3,0,4,0,4,0,3,The Pure Creator
2163,similarity,3,4,4,2,3,5,1,3,4,5,The Digital Nomad
2164,similarity,1,4,2,0,1,0,2,0,5,1,The Free Spirit
2165,similarity,5,3,2,5,5,0,2,0,3,4,The Midnight Coder
2166,similarity,1,1,3,4,4,1,3,5,5,4,The Pure Creator
2167,similarity,5,2,1,2,2,2,4,4,2,0,The Minimalist Architect
2168,similarity,3,0,2,3,5,4,3,3,0,3,The Grounded Loyalist
2169,similarity,5,1,0,1,3,5,4,2,1,5,The Focused Builder
2170,similarity,3,5,0,0,2,4,5,2,5,1,The Direct Idealist
2171,similarity,1,0,1,5,0,0,4,1,1,4,The Minimalist Architect
2172,similarity,5,4,5,3,4,1,5,4,4,0,The Free Spirit
2173,similarity,1,4,0,2,1,2,0,3,0,2,The Focused Builder
2174,similarity,5,3,0,1,5,2,1,2,3,5,The Pure Creator
2175,similarity,3,3,4,5,4,3,0,1,5,5,The Digital Nomad
2176,similarity,5,2,5,4,2,4,2,1,2,1,The Quiet Observer
2177,similarity,3,2,3,2,0,5,3,0,0,4,The Aesthetic Rover
2178,similarity,1,1,3,1,3,5,2,5,2,0,The Pure Creator
2179,similarity,5,1,4,0,3,0,3,4,5,2,The Minimalist Architect
2180,similarity,1,0,2,4,0,1,4,1,1,4,The Quiet Observer
2181,similarity,5,0,3,3,4,3,3,1,4,1,The Focused Builder
2182,similarity,3,5,1,2,2,4,4,0,0,3,The Direct Idealist
2183,similarity,5,3,1,0,1,3,5,5,3,5,The Spontaneous Socialite
2184,similarity,3,4,2,5,5,5,0,4,5,0,The Calm Strategist
2185,similarity,1,2,0,3,2,0,5,3,3,2,The Focused Builder
2186,similarity,3,2,1,2,0,1,0,2,0,4,The Free Spirit
2187,similarity,1,1,1,1,5,1,2,2,2,1,The Spontaneous Socialite
2188,similarity,5,1,5,5,3,2,1,5,5,3,The Quiet Observer
2189,similarity,3,0,0,4,1,3,2,4,1,5,The Aesthetic Rover
2190,similarity,5,0,4,3,4,5,3,3,4,2,The Grounded Loyalist
2191,similarity,3,5,5,1,2,0,2,2,0,4,The Midnight Coder
2192,similarity,1,5,5,0,1,5,3,1,4,0,The Quiet Observer
2193,similarity,3,4,3,0,5,0,4,1,1,1,The Minimalist Architect
2194,similarity,1,4,4,5,3,2,5,0,3,3,The Grounded Loyalist
2195,similarity,5,3,2,4,0,3,4,5,0,5,The Spontaneous Socialite
2196,similarity,3,3,2,2,0,2,5,2,2,1,The Calm Strategist
2197,similarity,5,2,3,1,3,4,1,1,5,4,The Digital Nomad
2198,similarity,3,2,1,5,1,5,0,1,1,0,The Free Spirit
2199,similarity,1,0,2,4,5,0,1,0,5,2,The Spontaneous Socialite
2200,similarity,3,5,2,3,4,2,2,5,0,5,The Pure Creator
2201,similarity,1,5,0,1,2,1,1,4,4,5,The Digital Nomad
2202,similarity,5,4,1,0,5,2,2,3,1,1,The Grounded Loyalist
2203,similarity,3,4,5,5,3,4,3,2,3,4,The Midnight Coder
2204,similarity,5,3,0,3,3,5,4,0,0,0,The Direct Idealist
2205,similarity,3,3,0,2,0,4,3,5,2,2,The Minimalist Architect
2206,similarity,1,2,4,0,4,5,4,4,0,5,The Grounded Loyalist
2207,similarity,3,2,5,5,1,1,5,3,1,1,The Focused Builder
2208,similarity,1,1,3,4,5,2,5,2,5,3,The Direct Idealist
2209,similarity,5,1,3,2,4,1,0,2,2,0,The Digital Nomad
2210,similarity,1,0,4,1,2,3,1,1,4,0,The Calm Strategist
2211,similarity,5,0,2,0,0,4,0,0,2,2,The Aesthetic Rover
2212,similarity,3,4,3,4,3,5,1,3,3,4,The Pure Creator
2213,similarity,1,5,1,3,3,1,2,2,1,1,The Digital Nomad
2214,similarity,3,3,1,1,0,0,3,1,2,3,The Quiet Observer
2215,similarity,1,2,2,0,4,1,2,1,0,5,The Aesthetic Rover
2216,similarity,5,2,0,5,2,3,3,0,1,2,The Direct Idealist
2217,similarity,1,1,1,3,1,4,4,5,5,4,The Midnight Coder
2218,similarity,5,1,1,2,5,3,3,4,3,0,The Calm Strategist
2219,similarity,3,0,5,3,2,5,5,1,4,1,The Focused Builder
2220,similarity,1,0,0,1,0,0,0,0,2,3,The Direct Idealist
2221,similarity,3,5,4,0,4,1,5,0,3,5,The Spontaneous Socialite
2222,similarity,1,5,4,4,3,2,0,5,1,2,The Calm Strategist
2223,similarity,5,3,5,3,1,2,1,4,2,4,The Aesthetic Rover
2224,similarity,1,4,3,2,4,3,2,3,0,0,The Free Spirit
2225,similarity,5,2,4,0,2,4,1,2,2,3,The Midnight Coder
2226,similarity,3,3,2,5,1,0,2,2,5,5,The Quiet Observer
2227,similarity,1,1,2,3,5,5,3,5,3,1,The Aesthetic Rover
2228,similarity,3,2,3,2,3,0,2,4,4,1,The Grounded Loyalist
2229,similarity,1,0,1,1,0,2,3,3,2,4,The Midnight Coder
2230,similarity,5,1,2,5,0,3,5,2,3,0,The Calm Strategist
2231,similarity,1,5,2,4,3,2,4,1,1,2,The Minimalist Architect
2232,similarity,5,4,0,3,1,4,5,1,3,5,The Free Spirit
2233,similarity,2,4,1,1,5,5,0,0,0,1,The Calm Strategist
2234,similarity,4,3,5,0,4,0,1,5,4,3,The Digital Nomad
2235,similarity,2,3,0,4,2,1,0,2,5,0,The Free Spirit
2236,similarity,0,1,0,3,5,1,1,1,3,0,The Spontaneous Socialite
2237,similarity,4,2,4,2,3,2,2,1,4,2,The Quiet Observer
2238,similarity,0,0,5,0,1,3,1,0,2,5,The Digital Nomad
2239,similarity,4,1,3,5,0,5,2,5,4,1,The Grounded Loyalist
2240,similarity,2,5,3,4,4,4,3,4,1,3,The Midnight Coder
2241,similarity,4,0,4,2,1,5,3,3,3,0,The Direct Idealist
2242,similarity,2,4,2,1,5,1,4,2,0,2,The Minimalist Architect
2243,similarity,0,5,3,5,5,2,5,0,4,4,The Grounded Loyalist
2244,similarity,4,3,1,0,2,3,0,5,5,0,The Spontaneous Socialite
2245,similarity,0,4,1,5,0,3,5,4,3,1,The Direct Idealist
2246,similarity,4,2,2,3,3,4,0,3,5,3,The Digital Nomad
2247,similarity,2,3,0,2,3,5,1,2,2,5,The Free Spirit
2248,similarity,4,1,1,1,0,1,0,1,4,2,The Aesthetic Rover
2249,similarity,2,5,1,5,4,0,1,1,1,4,The Pure Creator
2250,similarity,0,0,5,4,2,1,2,0,3,0,The Digital Nomad
2251,similarity,4,4,0,2,1,2,2,3,1,3,The Grounded Loyalist
2252,similarity,0,5,4,1,5,4,3,2,4,5,The Aesthetic Rover
2253,similarity,4,3,4,0,2,3,4,1,0,1,The Direct Idealist
2254,similarity,2,4,5,4,0,4,5,1,3,2,The Minimalist Architect
2255,similarity,4,2,3,3,4,0,4,0,5,4,The Calm Strategist
2256,similarity,2,3,4,1,3,1,5,5,2,0,The Focused Builder
2257,similarity,0,1,2,0,1,2,0,4,4,2,The Direct Idealist
2258,similarity,2,2,2,5,4,2,5,3,2,5,The Spontaneous Socialite
2259,similarity,0,0,3,3,2,3,0,0,5,1,The Calm Strategist
2260,similarity,4,1,1,2,2,4,1,0,1,3,The Aesthetic Rover
2261,similarity,2,5,2,1,5,0,0,5,4,0,The Pure Creator
2262,similarity,4,5,2,5,3,5,2,4,0,2,The Midnight Coder
2263,similarity,2,4,0,4,0,0,3,3,3,2,The Quiet Observer
2264,similarity,0,4,1,2,0,1,2,2,5,5,The Aesthetic Rover
2265,similarity,2,3,5,1,3,3,3,2,3,1,The Grounded Loyalist
2266,similarity,0,1,0,0,1,4,4,1,4,3,The Midnight Coder
2267,similarity,4,2,0,4,5,3,5,4,2,0,The Calm Strategist
2268,similarity,2,0,4,3,4,5,4,3,5,2,The Focused Builder
2269,similarity,4,1,5,2,2,0,5,2,1,4,The Free Spirit
2270,similarity,2,5,3,2,5,1,0,1,4,1,The Spontaneous Socialite
2271,similarity,0,0,3,1,3,1,5,1,0,3,The Calm Strategist
2272,similarity,2,4,4,5,1,2,0,0,4,3,The Digital Nomad
2273,similarity,0,5,2,4,0,3,2,5,5,5,The Free Spirit
2274,similarity,4,3,3,3,4,5,1,2,3,2,The Midnight Coder
2275,similarity,2,3,1,1,1,0,2,1,0,4,The Quiet Observer
2276,similarity,4,2,1,0,5,5,3,1,2,0,The Minimalist Architect
2277,similarity,2,2,2,4,5,1,4,0,5,3,The Grounded Loyalist
2278,similarity,0,1,0,3,2,2,3,5,1,5,The Midnight Coder
2279,similarity,2,1,1,2,0,3,4,4,5,1,The Direct Idealist
2280,similarity,0,0,1,0,3,2,5,3,0,2,The Minimalist Architect
2281,similarity,4,4,5,5,3,4,4,2,4,4,The Free Spirit
2282,similarity,0,5,0,4,1,5,5,0,5,0,The Focused Builder
2283,similarity,4,3,4,2,4,0,0,5,3,3,The Pure Creator
2284,similarity,2,4,4,1,2,0,0,4,0,5,The Digital Nomad
2285,similarity,0,2,5,5,5,1,1,3,2,1,The Free Spirit
2286,similarity,2,3,3,4,5,2,2,2,0,4,The Aesthetic Rover
2287,similarity,0,1,4,3,2,4,3,1,1,0,The Pure Creator
2288,similarity,4,1,2,1,0,5,2,1,5,2,The Minimalist Architect
2289,similarity,0,0,2,0,4,4,3,0,0,2,The Quiet Observer
2290,similarity,4,0,3,5,3,0,4,3,4,5,The Focused Builder
2291,similarity,2,5,1,3,1,1,3,2,5,1,The Direct Idealist
2292,similarity,0,5,2,2,4,2,4,1,3,3,The Minimalist Architect
2293,similarity,2,4,2,0,2,1,5,1,1,0,The Calm Strategist
2294,similarity,0,4,0,5,2,3,4,0,2,2,The Focused Builder
2295,similarity,4,3,1,0,5,4,0,5,0,4,The Pure Creator
2296,similarity,0,3,5,4,3,5,1,4,1,1,The Spontaneous Socialite
2297,similarity,4,2,5,3,0,1,2,3,5,3,The Quiet Observer
2298,similarity,2,0,0,2,0,0,1,0,1,3,The Aesthetic Rover
2299,similarity,0,1,4,0,4,1,2,0,4,0,The Pure Creator
2300,similarity,2,5,5,5,1,3,3,5,2,2,The Midnight Coder
2301,similarity,0,5,3,3,5,4,2,4,3,4,The Quiet Observer
2302,similarity,4,4,3,2,2,3,3,3,1,1,The Focused Builder
2303,similarity,0,4,4,1,2,5,4,2,2,3,The Grounded Loyalist
2304,similarity,4,3,2,5,5,0,3,2,0,5,The Spontaneous Socialite
2305,similarity,2,3,3,4,3,1,5,1,2,1,The Calm Strategist
2306,similarity,4,2,3,2,1,1,0,4,5,4,The Digital Nomad
2307,similarity,2,2,1,1,0,2,1,3,1,4,The Free Spirit
2308,similarity,0,1,2,0,4,3,0,2,4,0,The Spontaneous Socialite
2309,similarity,4,1,0,4,1,4,1,1,2,3,The Quiet Observer
2310,similarity,0,0,1,3,5,0,2,1,3,5,The Digital Nomad
2311,similarity,4,0,1,2,5,5,1,0,1,1,The Grounded Loyalist
2312,similarity,2,5,5,0,2,0,2,5,3,4,The Midnight Coder
2313,similarity,4,5,0,5,0,2,3,4,0,0,The Direct Idealist
2314,similarity,2,3,4,3,3,3,2,1,2,2,The Minimalist Architect
2315,similarity,0,2,4,2,3,2,3,0,5,5,The Grounded Loyalist
2316,similarity,4,2,5,1,1,4,5,0,3,5,The Spontaneous Socialite
2317,similarity,0,1,3,5,4,5,0,5,4,1,The Direct Idealist
2318,similarity,4,1,4,4,2,0,5,4,2,4,The Digital Nomad
2319,similarity,2,0,2,3,5,2,0,3,4,0,The Free Spirit
2320,similarity,4,0,2,3,5,1,1,2,1,2,The Aesthetic Rover
2321,similarity,2,5,3,2,3,2,0,2,3,4,The Pure Creator
2322,similarity,0,5,1,0,0,3,1,5,0,1,The Digital Nomad
2323,similarity,4,4,2,5,4,5,2,4,2,3,The Grounded Loyalist
2324,similarity,0,4,2,4,3,4,1,3,5,3,The Aesthetic Rover
2325,similarity,4,3,0,2,1,5,2,2,3,0,The Direct Idealist
2326,similarity,2,3,1,1,4,1,3,1,5,2,The Minimalist Architect
2327,similarity,4,1,5,0,2,2,5,1,2,4,The Calm Strategist
2328,similarity,2,2,5,4,2,1,4,0,4,1,The Focused Builder
2329,similarity,0,0,0,3,5,3,5,5,1,3,The Direct Idealist
2330,similarity,2,5,4,1,3,4,0,2,3,5,The Spontaneous Socialite
2331,similarity,0,5,5,0,0,5,5,1,0,2,The Calm Strategist
2332,similarity,4,4,3,5,4,1,0,1,2,4,The Aesthetic Rover
2333,similarity,2,4,3,3,4,0,1,0,0,4,The Pure Creator
2334,similarity,4,3,4,2,1,1,0,5,3,1,The Midnight Coder
2335,similarity,2,3,2,0,5,3,1,4,5,3,The Quiet Observer
2336,similarity,0,2,3,5,2,4,2,3,2,5,The Aesthetic Rover
2337,similarity,2,2,3,4,2,3,3,0,4,1,The Grounded Loyalist
2338,similarity,0,1,1,2,0,4,3,0,2,4,The Midnight Coder
2339,similarity,4,1,2,1,3,0,4,5,3,0,The Calm Strategist
2340,similarity,2,5,0,0,1,1,5,4,1,2,The Focused Builder
2341,similarity,4,0,1,4,0,2,4,3,4,5,The Free Spirit
2342,similarity,2,4,1,3,4,2,5,2,0,5,The Spontaneous Socialite
2343,similarity,0,5,5,1,1,3,0,1,3,1,The Calm Strategist
2344,similarity,2,3,0,0,5,4,5,1,5,4,The Digital Nomad
2345,similarity,0,4,4,5,5,0,0,4,3,0,The Free Spirit
2346,similarity,4,2,4,5,2,5,1,3,4,2,The Midnight Coder
2347,similarity,2,1,5,4,0,0,2,2,2,5,The Quiet Observer
2348,similarity,3,1,3,3,3,2,1,1,3,1,The Grounded Loyalist
2349,similarity,1,0,4,1,1,3,3,1,1,3,The Midnight Coder
2350,similarity,5,0,2,0,1,4,4,0,4,0,The Calm Strategist
2351,similarity,1,5,2,4,4,3,3,5,0,0,The Minimalist Architect
2352,similarity,5,5,3,3,2,5,4,4,4,2,The Free Spirit
2353,similarity,3,3,1,2,5,0,5,1,5,4,The Spontaneous Socialite
2354,similarity,5,4,2,0,5,1,4,0,3,1,The Pure Creator
2355,similarity,3,2,2,5,3,1,5,0,4,3,The Digital Nomad
2356,similarity,1,3,0,4,0,2,0,5,2,5,The Free Spirit
2357,similarity,5,1,1,2,4,3,1,4,5,2,The Midnight Coder
2358,similarity,1,2,5,1,3,5,0,3,1,4,The Pure Creator
2359,similarity,5,0,5,5,1,4,1,2,5,0,The Minimalist Architect
2360,similarity,3,1,0,4,5,5,3,2,0,1,The Grounded Loyalist
2361,similarity,5,5,4,3,2,1,2,5,4,3,The Focused Builder
2362,similarity,3,0,5,1,2,2,3,4,5,5,The Direct Idealist
2363,similarity,1,4,3,0,5,3,4,3,3,2,The Minimalist Architect
2364,similarity,5,3,3,4,3,3,3,2,4,4,The Free Spirit
2365,similarity,1,3,4,3,0,4,4,1,2,0,The Focused Builder
2366,similarity,5,1,2,2,4,5,5,1,0,3,The Pure Creator
2367,similarity,3,2,3,0,4,0,0,0,1,5,The Digital Nomad
2368,similarity,5,0,3,5,1,0,5,5,5,5,The Quiet Observer
2369,similarity,3,1,1,4,5,1,0,2,0,1,The Aesthetic Rover
2370,similarity,1,5,2,2,2,2,2,1,4,4,The Pure Creator
2371,similarity,5,0,0,3,2,4,1,1,5,0,The Minimalist Architect
2372,similarity,1,4,0,1,0,5,2,0,3,2,The Quiet Observer
2373,similarity,5,5,1,0,3,4,3,5,5,5,The Focused Builder
2374,similarity,3,3,5,5,1,0,2,4,2,1,The Direct Idealist
2375,similarity,5,4,0,3,0,1,3,3,0,3,The Spontaneous Socialite
2376,similarity,3,2,4,2,4,2,4,2,1,0,The Calm Strategist
2377,similarity,1,2,4,1,2,2,5,0,5,0,The Focused Builder
2378,similarity,3,1,5,5,5,3,4,5,0,2,The Free Spirit
2379,similarity,1,1,3,4,3,4,5,4,4,5,The Spontaneous Socialite
2380,similarity,5,0,4,2,2,5,0,3,0,1,The Quiet Observer
2381,similarity,3,4,4,1,0,5,0,2,3,3,The Aesthetic Rover
2382,similarity,5,5,2,0,3,0,1,1,1,0,The Grounded Loyalist
2383,similarity,3,3,3,4,1,1,2,1,2,2,The Midnight Coder
2384,similarity,1,4,1,3,1,3,1,0,0,4,The Quiet Observer
2385,similarity,3,2,2,2,4,4,2,3,2,0,The Minimalist Architect
2386,similarity,1,3,2,0,2,3,3,2,5,1,The Grounded Loyalist
2387,similarity,5,1,0,5,5,5,2,1,1,3,The Spontaneous Socialite
2388,similarity,3,2,1,3,5,0,3,1,4,5,The Calm Strategist
2389,similarity,5,0,5,2,3,1,4,0,0,2,The Digital Nomad
2390,similarity,3,0,5,1,0,1,5,5,3,4,The Free Spirit
2391,similarity,1,5,0,5,4,2,4,4,1,0,The Spontaneous Socialite
2392,similarity,3,5,4,4,3,3,0,1,3,3,The Pure Creator
2393,similarity,1,4,5,2,1,5,1,0,0,5,The Digital Nomad
2394,similarity,5,4,3,1,5,0,0,0,2,1,The Grounded Loyalist
2395,similarity,3,3,3,0,2,5,1,5,5,2,The Midnight Coder
2396,similarity,5,1,4,0,0,0,2,4,1,4,The Direct Idealist
2397,similarity,3,2,2,5,5,2,1,3,4,0,The Minimalist Architect
2398,similarity,1,0,3,4,3,3,2,2,0,3,The Grounded Loyalist
2399,similarity,3,1,3,2,0,2,3,2,4,5,The Focused Builder
2400,similarity,1,5,1,1,4,4,4,5,1,1,The Direct Idealist
2401,similarity,5,0,2,5,4,5,3,4,3,3,The Digital Nomad
2402,similarity,1,4,0,4,1,0,4,3,0,0,The Calm Strategist
2403,similarity,5,4,0,3,5,0,0,2,2,0,The Aesthetic Rover
2404,similarity,3,3,1,1,2,1,5,1,5,2,The Pure Creator
2405,similarity,1,3,5,0,2,2,0,1,1,5,The Digital Nomad
2406,similarity,3,2,0,5,0,4,1,0,5,1,The Quiet Observer
2407,similarity,1,2,4,3,3,5,0,5,2,3,The Aesthetic Rover
2408,similarity,5,1,4,2,1,4,1,2,4,0,The Direct Idealist
2409,similarity,1,1,5,0,0,5,2,1,1,2,The Midnight Coder
2410,similarity,5,0,3,5,4,1,3,0,3,4,The Calm Strategist
2411,similarity,3,0,4,4,2,2,2,0,0,1,The Focused Builder
2412,similarity,1,5,4,2,5,1,3,5,2,1,The Direct Idealist
2413,similarity,3,3,2,1,3,3,4,4,0,3,The Spontaneous Socialite
2414,similarity,1,4,3,0,2,4,4,3,1,5,The Calm Strategist
2415,similarity,5,2,1,4,0,5,5,2,5,2,The Aesthetic Rover
2416,similarity,1,2,2,3,4,1,0,0,2,4,The Free Spirit
2417,similarity,5,1,2,1,1,0,5,5,4,0,The Midnight Coder
2418,similarity,3,1,0,0,1,1,0,4,1,3,The Quiet Observer
2419,similarity,1,0,1,5,4,3,1,3,3,5,The Aesthetic Rover
2420,similarity,3,0,5,3,2,4,2,2,1,1,The Grounded Loyalist
2421,similarity,1,5,5,2,5,3,1,1,2,2,The Midnight Coder
2422,similarity,5,5,0,2,5,5,2,1,0,4,The Calm Strategist
2423,similarity,1,4,4,1,3,0,3,0,3,0,The Minimalist Architect
2424,similarity,5,4,5,0,0,1,3,3,5,3,The Free Spirit
2425,similarity,3,3,3,4,4,0,4,2,3,5,The Spontaneous Socialite
2426,similarity,5,3,3,3,1,2,5,1,4,1,The Pure Creator
2427,similarity,3,2,4,2,1,3,4,1,2,4,The Digital Nomad
2428,similarity,1,2,2,0,5,4,5,0,3,0,The Free Spirit
2429,similarity,5,0,3,5,2,0,0,5,1,2,The Midnight Coder
2430,similarity,1,5,3,3,0,5,1,4,2,2,The Pure Creator
2431,similarity,5,5,1,2,5,0,0,3,0,5,The Minimalist Architect
2432,similarity,3,4,2,1,3,2,1,0,4,1,The Grounded Loyalist
2433,similarity,5,4,0,5,1,3,2,0,5,3,The Focused Builder
2434,similarity,3,3,0,4,4,2,1,5,3,0,The Direct Idealist
2435,similarity,1,3,1,3,4,4,3,4,4,2,The Minimalist Architect
2436,similarity,5,2,5,1,1,5,4,3,2,4,The Free Spirit
2437,similarity,1,2,0,0,5,0,3,2,3,1,The Focused Builder
2438,similarity,5,1,4,4,2,2,4,1,1,3,The Pure Creator
2439,similarity,3,1,4,3,2,1,5,1,3,3,The Digital Nomad
2440,similarity,5,0,5,2,0,2,0,4,0,0,The Quiet Observer
2441,similarity,3,0,3,0,3,3,5,3,4,2,The Aesthetic Rover
2442,similarity,1,4,4,5,1,5,0,2,5,4,The Pure Creator
2443,similarity,5,5,4,4,4,4,1,1,3,1,The Minimalist Architect
2444,similarity,1,3,2,2,4,5,0,1,4,3,The Quiet Observer
2445,similarity,5,2,3,1,2,1,1,0,2,5,The Focused Builder
2446,similarity,3,2,1,5,5,2,3,5,4,1,The Direct Idealist
2447,similarity,5,1,1,0,3,3,2,2,1,2,The Spontaneous Socialite
2448,similarity,3,1,2,5,2,3,3,1,5,4,The Calm Strategist
2449,similarity,1,0,0,3,0,4,4,0,0,0,The Focused Builder
2450,similarity,3,0,1,2,4,5,5,0,4,3,The Free Spirit
2451,similarity,1,5,5,0,1,1,4,5,5,5,The Spontaneous Socialite
2452,similarity,5,5,5,5,1,0,5,4,3,1,The Quiet Observer
2453,similarity,3,4,0,4,4,1,0,3,5,4,The Aesthetic Rover
2454,similarity,5,4,4,2,2,2,5,2,2,0,The Grounded Loyalist
2455,similarity,3,2,5,1,0,4,0,0,4,2,The Midnight Coder
2456,similarity,1,3,3,0,5,3,1,5,1,3,The Quiet Observer
2457,similarity,3,1,3,4,3,4,1,4,5,5,The Minimalist Architect
2458,similarity,1,2,4,3,0,0,2,3,0,1,The Grounded Loyalist
2459,similarity,5,0,2,1,4,1,3,2,4,4,The Spontaneous Socialite
2460,similarity,3,1,3,0,1,2,4,1,0,0,The Calm Strategist
2461,similarity,5,5,3,5,1,2,3,1,3,2,The Digital Nomad
2462,similarity,2,4,1,3,5,3,4,0,5,4,The Spontaneous Socialite
2463,similarity,0,4,2,2,2,4,5,3,2,1,The Calm Strategist
2464,similarity,2,3,0,1,0,0,4,2,0,3,The Digital Nomad
2465,similarity,0,3,0,5,5,5,5,1,1,3,The Free Spirit
2466,similarity,4,2,1,4,3,0,0,1,5,0,The Midnight Coder
2467,similarity,2,2,5,2,1,2,5,0,1,2,The Quiet Observer
2468,similarity,4,0,0,1,4,3,1,5,4,4,The Minimalist Architect
2469,similarity,2,1,4,0,4,4,2,4,0,1,The Grounded Loyalist
2470,similarity,0,5,4,4,1,3,3,3,3,3,The Midnight Coder
2471,similarity,2,0,5,3,5,5,2,0,5,5,The Direct Idealist
2472,similarity,0,4,3,2,3,0,3,0,3,2,The Minimalist Architect
2473,similarity,4,5,4,2,0,1,4,5,0,4,The Free Spirit
2474,similarity,0,3,4,1,0,1,3,4,2,4,The Focused Builder
2475,similarity,4,4,2,5,3,2,4,3,5,1,The Pure Creator
2476,similarity,2,2,3,4,1,3,5,2,1,3,The Digital Nomad
2477,similarity,0,3,1,3,4,5,4,1,4,5,The Free Spirit
2478,similarity,2,1,1,1,4,4,5,1,0,1,The Aesthetic Rover
2479,similarity,0,0,2,0,2,5,1,4,4,4,The Pure Creator
2480,similarity,4,0,0,4,5,1,2,3,5,0,The Minimalist Architect
2481,similarity,0,4,1,3,3,2,1,2,3,2,The Quiet Observer
2482,similarity,4,5,5,2,2,3,2,1,0,5,The Focused Builder
2483,similarity,2,3,5,0,0,2,3,1,2,5,The Direct Idealist
2484,similarity,0,4,0,5,4,4,2,0,5,1,The Minimalist Architect
2485,similarity,2,2,4,4,1,5,3,5,1,4,The Calm Strategist
2486,similarity,0,3,5,2,1,0,4,4,5,0,The Focused Builder
2487,similarity,4,1,5,1,4,0,3,1,0,2,The Pure Creator
2488,similarity,0,2,3,5,2,1,4,0,4,5,The Spontaneous Socialite
2489,similarity,4,0,4,4,0,2,0,0,1,1,The Quiet Observer
2490,similarity,2,1,2,3,3,4,1,5,3,3,The Aesthetic Rover
2491,similarity,0,5,3,1,3,5,0,4,0,4,The Pure Creator
2492,similarity,2,0,3,0,0,4,1,3,2,0,The Midnight Coder
2493,similarity,0,4,1,5,4,0,2,2,0,2,The Quiet Observer
2494,similarity,4,2,2,3,2,1,1,2,1,4,The Focused Builder
2495,similarity,0,3,0,2,1,2,2,5,5,1,The Grounded Loyalist
2496,similarity,4,1,0,0,5,2,3,4,0,3,The Spontaneous Socialite
2497,similarity,2,2,1,5,2,3,2,3,4,5,The Calm Strategist
2498,similarity,4,0,5,0,0,4,3,2,1,2,The Digital Nomad
2499,similarity,2,1,0,4,5,5,4,1,3,4,The Free Spirit
2500,similarity,0,5,4,3,3,5,4,1,1,4,The Spontaneous Socialite
2501,similarity,4,0,4,2,1,0,5,0,2,1,The Quiet Observer
2502,similarity,0,4,5,0,4,1,0,3,0,3,The Digital Nomad
2503,similarity,4,5,3,5,4,3,1,2,1,5,The Grounded Loyalist
2504,similarity,2,3,4,3,1,4,0,1,5,2,The Midnight Coder
2505,similarity,4,4,4,2,5,3,1,0,2,4,The Direct Idealist
2506,similarity,2,2,2,1,3,5,2,0,4,0,The Minimalist Architect
2507,similarity,0,2,3,5,0,0,1,5,2,3,The Grounded Loyalist
2508,similarity,4,1,1,4,0,1,2,4,3,5,The Spontaneous Socialite
2509,similarity,0,1,1,2,3,1,3,3,1,5,The Direct Idealist
2510,similarity,4,0,2,1,1,2,2,0,2,1,The Digital Nomad
2511,similarity,2,4,0,0,5,3,4,0,0,4,The Free Spirit
2512,similarity,4,5,1,4,4,4,5,5,2,0,The Aesthetic Rover
2513,similarity,2,3,5,3,2,0,0,4,5,2,The Pure Creator
2514,similarity,0,4,5,2,5,5,5,3,3,5,The Digital Nomad
2515,similarity,4,2,0,0,3,0,0,2,4,1,The Grounded Loyalist
2516,similarity,0,3,4,5,2,2,1,1,2,3,The Aesthetic Rover
2517,similarity,4,1,5,3,0,3,0,1,3,0,The Direct Idealist
2518,similarity,2,2,5,2,4,2,1,4,1,0,The Minimalist Architect
2519,similarity,4,0,3,1,1,4,2,3,3,2,The Calm Strategist
2520,similarity,2,0,4,5,5,5,1,2,0,5,The Focused Builder
2521,similarity,0,5,2,4,4,0,2,1,2,1,The Direct Idealist
2522,similarity,2,5,2,3,2,2,4,1,5,3,The Spontaneous Socialite
2523,similarity,0,4,3,3,0,1,5,0,3,0,The Calm Strategist
2524,similarity,4,4,1,2,3,2,4,5,4,2,The Aesthetic Rover
2525,similarity,2,3,2,0,3,4,5,4,2,4,The Pure Creator
2526,similarity,4,3,0,5,0,5,0,1,4,4,The Midnight Coder
2527,similarity,2,2,0,4,4,4,5,0,1,1,The Quiet Observer
2528,similarity,0,0,1,2,2,5,0,0,3,3,The Aesthetic Rover
2529,similarity,2,1,5,1,1,1,1,5,0,5,The Grounded Loyalist
2530,similarity,0,5,0,0,5,2,0,4,4,2,The Midnight Coder
2531,similarity,4,5,4,4,2,1,1,3,5,4,The Calm Strategist
2532,similarity,2,4,4,3,0,3,2,2,3,0,The Focused Builder
2533,similarity,4,4,5,1,0,4,4,1,5,3,The Free Spirit
2534,similarity,2,3,3,0,3,5,3,5,2,5,The Spontaneous Socialite
2535,similarity,0,3,4,5,1,1,4,4,4,5,The Calm Strategist
2536,similarity,2,2,4,3,4,0,5,3,1,2,The Digital Nomad
2537,similarity,0,2,2,2,2,1,4,2,3,4,The Free Spirit
2538,similarity,4,1,3,0,1,3,5,1,0,0,The Midnight Coder
2539,similarity,2,1,1,5,5,4,0,1,4,3,The Quiet Observer
2540,similarity,4,0,1,4,3,3,5,0,0,5,The Minimalist Architect
2541,similarity,2,0,2,2,0,4,0,5,3,1,The Grounded Loyalist
2542,similarity,0,5,0,1,0,0,1,2,5,3,The Midnight Coder
2543,similarity,2,5,1,0,3,1,3,1,2,0,The Direct Idealist
2544,similarity,0,3,5,4,1,2,2,0,4,0,The Minimalist Architect
2545,similarity,4,2,5,3,5,2,3,0,1,2,The Free Spirit
2546,similarity,0,2,0,1,4,3,4,5,3,5,The Focused Builder
2547,similarity,4,1,4,0,2,4,3,4,1,1,The Pure Creator
2548,similarity,2,1,5,5,5,0,4,3,4,3,The Digital Nomad
2549,similarity,0,0,5,5,3,5,5,2,0,0,The Free Spirit
2550,similarity,2,0,3,4,3,0,4,0,3,2,The Aesthetic Rover
2551,similarity,0,5,4,3,0,2,5,5,5,4,The Pure Creator
2552,similarity,4,5,2,1,4,3,0,4,3,1,The Minimalist Architect
2553,similarity,0,4,2,0,1,2,1,3,4,1,The Quiet Observer
2554,similarity,4,4,3,4,5,4,1,2,2,3,The Focused Builder
2555,similarity,2,3,1,3,4,5,2,1,5,0,The Direct Idealist
2556,similarity,0,3,2,2,2,0,3,1,1,2,The Minimalist Architect
2557,similarity,2,1,0,0,0,1,2,4,4,4,The Calm Strategist
2558,similarity,0,2,0,5,3,1,3,3,0,0,The Focused Builder
2559,similarity,4,0,1,4,3,2,4,2,4,3,The Pure Creator
2560,similarity,0,5,5,2,0,3,3,1,5,5,The Spontaneous Socialite
2561,similarity,4,5,0,1,4,5,4,1,3,1,The Quiet Observer
2562,similarity,2,4,0,5,2,4,5,0,4,2,The Aesthetic Rover
2563,similarity,0,4,4,4,1,5,0,5,2,4,The Pure Creator
2564,similarity,2,3,5,3,5,1,5,4,5,0,The Midnight Coder
2565,similarity,0,3,3,1,2,2,1,1,1,3,The Quiet Observer
2566,similarity,4,2,3,0,0,3,2,0,5,5,The Focused Builder
2567,similarity,0,2,4,4,4,3,1,0,0,1,The Grounded Loyalist
2568,similarity,4,1,2,3,3,4,2,5,4,4,The Spontaneous Socialite
2569,similarity,2,1,3,2,1,5,3,4,5,0,The Calm Strategist
2570,similarity,4,5,1,0,4,0,2,3,3,0,The Digital Nomad
2571,similarity,2,0,1,5,2,0,3,2,0,3,The Free Spirit
2572,similarity,0,4,2,4,2,1,4,1,2,5,The Spontaneous Socialite
2573,similarity,4,5,0,2,5,2,5,5,0,1,The Quiet Observer
2574,similarity,0,3,1,3,3,4,4,4,1,3,The Digital Nomad
2575,similarity,4,4,5,1,0,3,5,3,5,0,The Grounded Loyalist
2576,similarity,1,2,5,0,0,4,1,2,0,2,The Quiet Observer
2577,similarity,3,1,0,5,3,0,0,1,4,4,The Minimalist Architect
2578,similarity,1,1,4,3,1,1,1,1,5,1,The Grounded Loyalist
2579,similarity,5,0,5,2,5,2,2,0,3,1,The Spontaneous Socialite
2580,similarity,3,0,5,1,4,2,1,5,1,3,The Calm Strategist
2581,similarity,5,5,3,5,2,3,2,2,2,0,The Digital Nomad
2582,similarity,3,5,4,4,5,4,3,1,0,2,The Free Spirit
2583,similarity,1,3,2,2,3,0,4,0,1,4,The Spontaneous Socialite
2584,similarity,3,4,2,1,1,5,3,0,5,1,The Pure Creator
2585,similarity,1,2,3,0,0,0,4,5,0,3,The Digital Nomad
2586,similarity,5,3,1,4,4,1,5,4,4,5,The Grounded Loyalist
2587,similarity,3,1,2,3,1,3,5,3,0,1,The Midnight Coder
2588,similarity,5,2,0,2,5,4,0,2,3,2,The Direct Idealist
2589,similarity,3,0,0,0,5,3,1,0,1,4,The Minimalist Architect
2590,similarity,1,1,1,5,2,5,0,5,2,0,The Grounded Loyalist
2591,similarity,3,5,5,3,0,0,1,4,0,3,The Focused Builder
2592,similarity,1,0,0,2,3,1,2,3,1,5,The Direct Idealist
2593,similarity,5,4,0,1,3,1,3,2,5,1,The Digital Nomad
2594,similarity,1,3,4,5,0,2,2,1,1,4,The Calm Strategist
2595,similarity,5,3,5,4,4,3,3,1,4,0,The Aesthetic Rover
2596,similarity,3,1,3,2,2,5,4,0,2,2,The Pure Creator
2597,similarity,1,2,3,1,1,0,3,3,3,3,The Digital Nomad
2598,similarity,3,0,4,0,5,5,5,2,1,5,The Quiet Observer
2599,similarity,1,1,2,0,2,0,0,1,3,1,The Aesthetic Rover
2600,similarity,5,5,3,5,0,2,5,0,0,4,The Direct Idealist
2601,similarity,1,0,1,4,4,3,0,0,2,0,The Midnight Coder
2602,similarity,5,4,1,2,3,2,1,5,5,2,The Calm Strategist
2603,similarity,3,5,2,1,1,4,2,4,1,4,The Focused Builder
2604,similarity,1,3,0,5,4,5,1,3,4,1,The Direct Idealist
2605,similarity,3,4,1,4,2,0,2,0,2,3,The Spontaneous Socialite
2606,similarity,1,2,5,3,2,0,3,0,4,3,The Calm Strategist
2607,similarity,5,3,5,1,5,1,2,5,1,0,The Aesthetic Rover
2608,similarity,1,1,0,0,3,2,4,4,3,2,The Free Spirit
2609,similarity,5,5,4,5,0,4,5,3,0,4,The Midnight Coder
2610,similarity,3,0,5,3,0,5,4,2,2,1,The Quiet Observer
2611,similarity,1,4,5,2,4,4,5,1,5,3,The Aesthetic Rover
2612,similarity,3,5,3,0,1,0,0,5,3,5,The Grounded Loyalist
2613,similarity,1,3,4,5,5,1,5,4,5,2,The Midnight Coder
2614,similarity,5,4,2,4,2,2,0,3,2,2,The Calm Strategist
2615,similarity,1,2,2,2,2,1,1,2,4,4,The Minimalist Architect
2616,similarity,5,3,3,1,5,3,2,1,1,1,The Free Spirit
2617,similarity,3,1,1,0,3,4,1,1,3,3,The Spontaneous Socialite
2618,similarity,5,2,2,4,1,5,2,0,0,5,The Pure Creator
2619,similarity,3,0,0,3,0,1,4,5,2,1,The Digital Nomad
2620,similarity,1,1,0,1,4,0,3,2,0,4,The Free Spirit
2621,similarity,5,5,1,0,1,1,4,1,3,0,The Midnight Coder
2622,similarity,1,5,5,5,5,3,5,0,5,2,The Pure Creator
2623,similarity,5,4,0,3,5,4,4,0,2,3,The Minimalist Architect
2624,similarity,3,4,0,2,2,3,5,5,4,5,The Grounded Loyalist
2625,similarity,5,3,4,2,0,5,0,4,1,1,The Focused Builder
2626,similarity,3,1,5,1,3,0,1,3,3,4,The Direct Idealist
2627,similarity,1,2,3,0,3,1,0,2,1,0,The Minimalist Architect
2628,similarity,5,0,3,4,1,0,1,5,2,2,The Free Spirit
2629,similarity,1,1,4,3,4,2,2,5,0,5,The Focused Builder
2630,similarity,5,5,2,2,2,3,2,4,3,1,The Pure Creator
2631,similarity,3,0,3,0,5,4,3,3,5,3,The Digital Nomad
2632,similarity,5,4,1,5,5,0,4,2,2,4,The Quiet Observer
2633,similarity,3,5,1,3,2,5,3,1,4,0,The Aesthetic Rover
2634,similarity,1,3,2,2,0,0,4,1,2,2,The Pure Creator
2635,similarity,5,3,0,1,4,2,5,0,3,4,The Minimalist Architect
2636,similarity,1,2,1,5,3,3,0,3,1,1,The Quiet Observer
2637,similarity,5,2,5,4,1,2,5,2,4,3,The Focused Builder
2638,similarity,3,1,5,3,4,4,0,1,0,5,The Direct Idealist
2639,similarity,5,1,0,1,2,5,1,0,4,2,The Spontaneous Socialite
2640,similarity,3,0,4,0,2,0,0,0,5,4,The Calm Strategist
2641,similarity,1,0,4,4,5,2,2,5,3,4,The Focused Builder
2642,similarity,3,5,5,3,3,1,3,4,4,1,The Free Spirit
2643,similarity,1,3,3,2,0,2,2,3,2,3,The Spontaneous Socialite
2644,similarity,5,4,4,0,0,3,3,0,3,5,The Quiet Observer
2645,similarity,3,2,2,5,4,5,4,0,1,2,The Aesthetic Rover
2646,similarity,5,3,2,3,1,4,5,5,5,4,The Grounded Loyalist
2647,similarity,3,1,3,2,5,5,4,4,0,0,The Midnight Coder
2648,similarity,1,1,1,1,2,1,5,3,4,3,The Quiet Observer
2649,similarity,3,0,2,5,2,2,0,2,5,5,The Minimalist Architect
2650,similarity,1,0,0,0,5,1,5,1,3,5,The Grounded Loyalist
2651,similarity,5,5,0,5,3,3,0,1,4,1,The Spontaneous Socialite
2652,similarity,3,5,1,3,1,4,2,4,2,4,The Calm Strategist
2653,similarity,5,4,5,2,0,5,1,3,0,0,The Digital Nomad
2654,similarity,3,4,0,0,4,1,2,2,1,2,The Free Spirit
2655,similarity,1,3,0,5,1,0,3,1,5,5,The Spontaneous Socialite
2656,similarity,3,3,4,4,5,1,4,1,0,1,The Pure Creator
2657,similarity,1,2,5,2,5,2,3,0,4,3,The Digital Nomad
2658,similarity,5,0,3,1,2,4,4,5,5,4,The Grounded Loyalist
2659,similarity,3,1,3,0,0,3,5,4,3,0,The Midnight Coder
2660,similarity,5,5,4,4,3,4,4,1,5,2,The Direct Idealist
2661,similarity,3,5,2,3,1,0,5,0,2,5,The Minimalist Architect
2662,similarity,1,4,3,1,1,1,1,0,0,1,The Grounded Loyalist
2663,similarity,3,4,1,0,4,2,0,5,1,3,The Focused Builder
2664,similarity,1,3,1,5,2,2,1,4,5,0,The Direct Idealist
2665,similarity,5,3,2,3,5,3,2,3,0,2,The Digital Nomad
2666,similarity,1,2,0,2,5,4,3,2,4,4,The Calm Strategist
2667,similarity,5,2,1,1,3,0,2,5,0,4,The Aesthetic Rover
2668,similarity,3,1,1,5,0,5,3,5,3,1,The Pure Creator
2669,similarity,1,1,5,4,4,0,4,4,5,3,The Digital Nomad
2670,similarity,3,0,0,2,3,2,3,3,2,5,The Quiet Observer
2671,similarity,1,0,4,1,1,3,4,2,0,2,The Aesthetic Rover
2672,similarity,5,5,4,0,4,2,5,1,1,4,The Direct Idealist
2673,similarity,1,5,5,4,2,3,5,1,5,0,The Midnight Coder
2674,similarity,5,3,3,3,2,5,0,0,1,3,The Calm Strategist
2675,similarity,3,2,4,1,5,0,1,3,4,5,The Focused Builder
2676,similarity,1,2,2,2,3,1,2,2,0,5,The Direct Idealist
2677,similarity,3,1,2,1,0,1,1,1,3,2,The Spontaneous Socialite
2678,similarity,1,1,3,5,4,2,2,0,1,4,The Calm Strategist
2679,similarity,5,0,1,4,4,3,3,0,2,0,The Aesthetic Rover
2680,similarity,1,0,2,3,1,5,2,5,0,3,The Free Spirit
2681,similarity,5,5,0,1,5,4,3,4,2,5,The Midnight Coder
2682,similarity,3,5,0,0,2,5,4,3,5,1,The Quiet Observer
2683,similarity,1,4,1,4,2,1,3,0,1,3,The Aesthetic Rover
2684,similarity,3,4,5,3,0,2,5,0,4,0,The Grounded Loyalist
2685,similarity,1,2,0,2,3,3,0,5,0,0,The Midnight Coder
2686,similarity,5,3,0,0,1,2,1,4,4,2,The Calm Strategist
2687,similarity,1,1,4,5,0,4,0,3,1,5,The Minimalist Architect
2688,similarity,5,2,5,4,4,5,1,2,3,1,The Free Spirit
2689,similarity,3,0,3,2,1,0,2,1,0,3,The Spontaneous Socialite
2690,similarity,5,1,3,1,5,0,1,1,2,0,The Pure Creator
2691,similarity,2,5,4,5,5,1,2,4,5,2,The Free Spirit
2692,similarity,0,4,2,4,2,2,3,3,1,4,The Spontaneous Socialite
2693,similarity,4,4,3,3,0,4,2,2,5,5,The Quiet Observer
2694,similarity,0,3,1,1,3,5,3,1,0,1,The Digital Nomad
2695,similarity,4,3,1,0,1,4,5,0,4,3,The Grounded Loyalist
2696,similarity,2,2,2,5,1,0,0,0,1,0,The Midnight Coder
2697,similarity,4,2,0,3,4,1,5,5,3,2,The Direct Idealist
2698,similarity,2,0,1,2,2,2,0,4,0,4,The Minimalist Architect
2699,similarity,0,1,1,0,5,2,1,1,2,0,The Grounded Loyalist
2700,similarity,4,5,5,5,5,3,0,0,0,3,The Spontaneous Socialite
2701,similarity,0,0,0,0,3,4,1,0,1,5,The Direct Idealist
2702,similarity,4,4,4,4,0,5,2,5,5,5,The Digital Nomad
2703,similarity,2,5,4,3,4,5,1,4,2,2,The Free Spirit
2704,similarity,4,3,5,1,3,0,2,3,4,4,The Aesthetic Rover
2705,similarity,2,4,3,0,1,1,3,2,1,0,The Pure Creator
2706,similarity,0,2,4,5,5,3,5,1,3,3,The Digital Nomad
2707,similarity,4,3,2,3,2,4,4,5,1,5,The Grounded Loyalist
2708,similarity,0,1,2,2,0,3,5,4,2,1,The Aesthetic Rover
2709,similarity,4,0,3,1,5,5,0,3,0,4,The Direct Idealist
2710,similarity,2,0,1,5,3,0,5,2,1,0,The Minimalist Architect
2711,similarity,4,4,2,4,0,1,0,1,5,0,The Calm Strategist
2712,similarity,2,5,0,2,4,1,1,1,2,3,The Focused Builder
2713,similarity,0,3,0,1,4,2,0,0,4,5,The Direct Idealist
2714,similarity,2,4,1,0,1,3,1,5,2,1,The Spontaneous Socialite
2715,similarity,0,2,5,4,5,4,2,2,3,3,The Calm Strategist
2716,similarity,4,3,5,3,2,0,3,1,1,0,The Aesthetic Rover
2717,similarity,2,1,0,2,2,5,3,0,2,2,The Pure Creator
2718,similarity,4,2,4,0,0,0,4,0,0,4,The Midnight Coder
2719,similarity,2,0,5,5,3,2,5,5,3,1,The Quiet Observer
2720,similarity,0,1,3,3,1,3,4,4,5,1,The Aesthetic Rover
2721,similarity,2,5,3,2,0,2,5,3,3,3,The Grounded Loyalist
2722,similarity,0,0,4,1,4,4,0,0,4,0,The Midnight Coder
2723,similarity,4,4,2,5,2,5,5,5,2,2,The Calm Strategist
2724,similarity,2,2,3,4,5,0,0,5,3,4,The Focused Builder
2725,similarity,4,3,1,3,3,0,1,4,1,1,The Free Spirit
2726,similarity,2,1,1,3,2,1,0,3,3,3,The Spontaneous Socialite
2727,similarity,0,2,2,2,0,2,2,2,0,5,The Calm Strategist
2728,similarity,2,0,0,0,3,4,3,1,4,2,The Digital Nomad
2729,similarity,0,1,1,5,1,5,4,1,5,2,The Free Spirit
2730,similarity,4,5,1,4,1,4,3,4,3,4,The Midnight Coder
2731,similarity,2,0,5,2,4,5,4,3,4,0,The Quiet Observer
2732,similarity,4,4,0,1,2,1,5,2,2,3,The Minimalist Architect
2733,similarity,2,5,4,5,5,2,4,1,4,5,The Grounded Loyalist
2734,similarity,0,3,4,4,5,1,5,0,1,1,The Midnight Coder
2735,similarity,2,4,5,3,3,3,0,0,3,4,The Direct Idealist
2736,similarity,0,2,3,1,0,4,5,5,0,0,The Minimalist Architect
2737,similarity,4,2,4,0,4,5,0,4,4,0,The Free Spirit
2738,similarity,0,1,2,5,3,1,2,1,5,3,The Focused Builder
2739,similarity,4,1,2,3,1,0,3,0,3,5,The Pure Creator
2740,similarity,2,0,3,2,5,1,2,0,5,1,The Digital Nomad
2741,similarity,0,4,1,0,2,3,3,5,2,4,The Free Spirit
2742,similarity,2,5,2,5,0,4,4,4,4,0,The Aesthetic Rover
2743,similarity,0,3,2,4,5,3,3,3,1,2,The Pure Creator
2744,similarity,4,4,0,2,3,4,4,2,5,4,The Minimalist Architect
2745,similarity,0,2,1,1,1,0,5,1,0,1,The Quiet Observer
2746,similarity,4,3,5,0,4,1,4,5,4,1,The Focused Builder
2747,similarity,2,1,5,4,4,0,5,4,0,3,The Direct Idealist
2748,similarity,0,2,0,3,1,2,0,3,3,0,The Minimalist Architect
2749,similarity,2,0,4,1,5,3,2,2,5,2,The Calm Strategist
2750,similarity,0,0,5,0,2,4,1,1,2,4,The Focused Builder
2751,similarity,4,5,3,5,2,0,2,1,4,1,The Pure Creator
2752,similarity,0,5,3,5,0,5,3,0,1,3,The Spontaneous Socialite
2753,similarity,4,4,4,4,3,0,2,5,5,5,The Quiet Observer
2754,similarity,2,4,2,3,1,2,3,2,1,2,The Aesthetic Rover
2755,similarity,0,3,3,1,4,3,4,1,4,2,The Pure Creator
2756,similarity,2,3,1,0,4,2,3,0,0,4,The Midnight Coder
2757,similarity,0,2,1,4,2,4,4,0,3,1,The Quiet Observer
2758,similarity,4,0,2,3,5,5,5,5,5,3,The Focused Builder
2759,similarity,0,1,0,2,3,0,0,4,2,5,The Grounded Loyalist
2760,similarity,4,5,1,0,2,1,0,3,0,1,The Spontaneous Socialite
2761,similarity,2,0,1,5,0,1,1,2,2,4,The Calm Strategist
2762,similarity,4,4,5,3,4,2,2,5,5,0,The Digital Nomad
2763,similarity,2,4,0,2,1,3,1,5,1,2,The Free Spirit
2764,similarity,0,3,4,1,1,5,2,4,4,3,The Spontaneous Socialite
2765,similarity,4,3,4,5,4,4,3,3,0,5,The Quiet Observer
2766,similarity,0,2,5,4,2,5,2,2,4,1,The Digital Nomad
2767,similarity,4,2,3,3,5,1,3,1,5,4,The Grounded Loyalist
2768,similarity,2,1,4,1,5,2,4,1,3,0,The Midnight Coder
2769,similarity,4,1,2,0,3,3,5,0,0,2,The Direct Idealist
2770,similarity,2,0,2,4,0,3,4,3,2,5,The Minimalist Architect
2771,similarity,0,0,3,3,4,4,0,2,5,1,The Grounded Loyalist
2772,similarity,4,5,1,2,1,5,1,1,1,3,The Spontaneous Socialite
2773,similarity,0,3,2,0,1,0,0,0,5,4,The Direct Idealist
2774,similarity,4,4,2,5,5,0,1,0,0,0,The Digital Nomad
2775,similarity,2,2,0,4,2,1,2,5,4,2,The Free Spirit
2776,similarity,4,2,1,2,0,2,1,4,5,4,The Aesthetic Rover
2777,similarity,2,1,5,3,5,4,2,3,3,1,The Pure Creator
2778,similarity,0,1,5,1,3,3,3,0,0,3,The Digital Nomad
2779,similarity,4,0,0,0,1,4,4,0,2,5,The Grounded Loyalist
2780,similarity,0,0,4,5,4,0,3,5,0,2,The Aesthetic Rover
2781,similarity,4,5,5,3,4,1,5,4,1,2,The Direct Idealist
2782,similarity,2,5,3,2,1,2,0,3,5,4,The Minimalist Architect
2783,similarity,4,4,3,1,5,2,5,2,0,1,The Calm Strategist
2784,similarity,2,4,4,5,3,3,0,1,4,3,The Focused Builder
2785,similarity,0,3,2,4,2,4,1,5,1,5,The Direct Idealist
2786,similarity,2,3,3,2,0,0,0,4,3,2,The Spontaneous Socialite
2787,similarity,0,2,1,1,3,5,1,3,1,4,The Calm Strategist
2788,similarity,4,2,1,0,1,0,2,2,2,0,The Aesthetic Rover
2789,similarity,2,0,2,4,4,1,3,1,0,3,The Pure Creator
2790,similarity,4,5,0,3,4,3,2,0,1,3,The Midnight Coder
2791,similarity,2,5,0,1,2,4,3,0,5,5,The Quiet Observer
2792,similarity,0,4,1,0,5,3,5,5,0,1,The Aesthetic Rover
2793,similarity,2,4,5,5,3,5,4,2,4,4,The Grounded Loyalist
2794,similarity,0,3,0,3,2,0,5,1,2,0,The Midnight Coder
2795,similarity,4,3,4,2,0,1,0,0,3,2,The Calm Strategist
2796,similarity,2,2,4,1,4,1,5,0,1,5,The Focused Builder
2797,similarity,4,2,5,5,1,2,0,5,2,1,The Free Spirit
2798,similarity,2,1,3,4,1,3,1,4,0,3,The Spontaneous Socialite
2799,similarity,0,1,4,2,4,5,2,3,1,4,The Calm Strategist
2800,similarity,2,0,2,1,2,4,1,2,5,0,The Digital Nomad
2801,similarity,0,0,2,0,0,5,2,5,3,2,The Free Spirit
2802,similarity,4,4,3,0,5,0,3,5,4,5,The Midnight Coder
2803,similarity,2,5,1,5,3,2,3,4,2,1,The Quiet Observer
2804,similarity,4,3,2,4,0,3,4,3,3,3,The Minimalist Architect
2805,similarity,1,4,2,2,4,2,5,2,1,0,The Midnight Coder
2806,similarity,5,2,0,1,1,4,4,1,2,2,The Calm Strategist
2807,similarity,1,1,1,5,1,5,5,1,0,4,The Minimalist Architect
2808,similarity,5,1,5,4,5,0,0,0,2,4,The Free Spirit
2809,similarity,3,0,5,3,2,0,1,3,5,1,The Spontaneous Socialite
2810,similarity,5,0,0,1,0,1,0,2,3,3,The Pure Creator
2811,similarity,3,5,4,0,5,2,1,1,4,5,The Digital Nomad
2812,similarity,1,5,5,5,3,4,2,0,2,2,The Free Spirit
2813,similarity,5,4,3,3,1,5,1,0,4,4,The Midnight Coder
2814,similarity,1,4,3,2,4,4,3,5,1,0,The Pure Creator
2815,similarity,5,2,4,0,4,0,4,4,3,3,The Minimalist Architect
2816,similarity,3,3,2,5,1,1,3,3,0,5,The Grounded Loyalist
2817,similarity,5,1,3,4,5,2,4,0,2,5,The Focused Builder
2818,similarity,3,2,3,2,3,1,5,5,5,2,The Direct Idealist
2819,similarity,1,0,1,1,0,3,0,5,3,4,The Minimalist Architect
2820,similarity,5,1,2,5,0,4,5,4,5,0,The Free Spirit
2821,similarity,1,5,0,4,3,5,0,3,2,3,The Focused Builder
2822,similarity,5,0,0,3,1,5,1,2,4,5,The Pure Creator
2823,similarity,3,4,1,1,5,0,0,1,1,1,The Digital Nomad
2824,similarity,5,3,5,0,4,1,1,1,3,3,The Quiet Observer
2825,similarity,3,3,0,5,2,3,3,4,0,4,The Aesthetic Rover
2826,similarity,1,2,4,3,5,4,2,3,4,0,The Pure Creator
2827,similarity,5,2,4,2,3,3,3,2,0,2,The Minimalist Architect
2828,similarity,1,0,5,2,2,5,4,1,3,5,The Quiet Observer
2829,similarity,5,1,3,1,0,0,5,0,5,1,The Focused Builder
2830,similarity,3,5,4,0,4,1,4,0,2,3,The Direct Idealist
2831,similarity,5,0,2,4,1,0,5,5,4,0,The Spontaneous Socialite
2832,similarity,3,4,2,3,1,2,0,4,1,2,The Calm Strategist
2833,similarity,1,5,3,2,4,3,5,1,3,4,The Focused Builder
2834,similarity,3,3,1,0,2,4,0,0,1,5,The Free Spirit
2835,similarity,1,4,2,5,0,0,2,0,4,1,The Spontaneous Socialite
2836,similarity,5,2,2,3,3,5,1,5,0,3,The Quiet Observer
2837,similarity,3,3,0,2,3,0,2,4,3,0,The Aesthetic Rover
2838,similarity,5,1,1,1,0,2,3,3,5,2,The Grounded Loyalist
2839,similarity,3,5,5,5,4,3,2,2,2,4,The Midnight Coder
2840,similarity,1,0,5,4,2,2,3,5,4,0,The Quiet Observer
2841,similarity,3,4,0,3,1,4,4,5,2,3,The Minimalist Architect
2842,similarity,1,5,4,1,5,5,5,4,3,5,The Grounded Loyalist
2843,similarity,5,3,5,0,2,0,4,3,1,5,The Spontaneous Socialite
2844,similarity,3,4,3,4,0,0,5,2,4,2,The Calm Strategist
2845,similarity,5,2,3,3,5,1,0,1,0,4,The Digital Nomad
2846,similarity,3,3,4,2,3,2,0,0,3,0,The Free Spirit
2847,similarity,1,1,2,0,1,3,1,0,5,3,The Spontaneous Socialite
2848,similarity,3,2,3,5,4,5,2,3,3,5,The Pure Creator
2849,similarity,1,0,3,3,4,4,1,2,4,1,The Digital Nomad
2850,similarity,5,1,1,2,1,5,2,1,2,4,The Grounded Loyalist
2851,similarity,3,5,2,1,5,1,3,0,5,0,The Midnight Coder
2852,similarity,5,5,0,5,3,2,4,0,1,0,The Direct Idealist
2853,similarity,3,4,0,0,0,1,3,5,5,3,The Minimalist Architect
2854,similarity,1,4,1,5,0,3,4,4,0,5,The Grounded Loyalist
2855,similarity,3,3,5,3,3,4,5,3,4,1,The Focused Builder
2856,similarity,1,1,0,2,1,5,4,0,5,3,The Direct Idealist
2857,similarity,5,2,4,0,5,1,0,5,3,0,The Digital Nomad
2858,similarity,1,0,4,5,4,0,1,5,4,2,The Calm Strategist
2859,similarity,5,1,5,4,2,1,0,4,2,4,The Aesthetic Rover
2860,similarity,3,5,3,2,5,2,1,3,0,5,The Pure Creator
2861,similarity,1,0,4,1,3,4,2,2,1,1,The Digital Nomad
2862,similarity,3,4,2,0,3,3,3,1,5,3,The Quiet Observer
2863,similarity,1,5,2,4,0,4,2,1,0,0,The Aesthetic Rover
2864,similarity,5,3,3,3,4,0,3,4,4,2,The Direct Idealist
2865,similarity,1,3,1,1,1,1,4,3,5,4,The Midnight Coder
2866,similarity,5,2,1,0,5,2,3,2,3,1,The Calm Strategist
2867,similarity,3,2,2,5,4,2,4,1,1,3,The Focused Builder
2868,similarity,1,1,0,3,2,3,0,0,2,5,The Direct Idealist
2869,similarity,3,1,1,2,0,4,5,0,0,0,The Spontaneous Socialite
2870,similarity,1,0,5,1,3,0,0,5,1,2,The Calm Strategist
2871,similarity,5,0,5,5,3,5,1,4,5,4,The Aesthetic Rover
2872,similarity,1,5,0,4,0,0,2,1,0,0,The Free Spirit
2873,similarity,5,3,4,2,4,2,1,0,4,3,The Midnight Coder
2874,similarity,3,4,5,1,2,3,2,0,0,5,The Quiet Observer
2875,similarity,1,2,3,0,1,2,3,5,3,1,The Aesthetic Rover
2876,similarity,3,3,3,4,5,3,2,4,1,4,The Grounded Loyalist
2877,similarity,1,1,4,3,2,5,3,3,2,0,The Midnight Coder
2878,similarity,5,1,2,1,0,0,4,2,0,0,The Calm Strategist
2879,similarity,1,0,3,2,0,1,4,1,1,3,The Minimalist Architect
2880,similarity,5,0,3,1,3,1,5,5,5,5,The Free Spirit
2881,similarity,3,5,1,5,1,2,0,4,1,1,The Spontaneous Socialite
2882,similarity,5,5,2,4,4,3,1,3,4,4,The Pure Creator
2883,similarity,3,4,0,3,2,5,0,2,0,0,The Digital Nomad
2884,similarity,1,4,0,1,1,4,1,1,3,2,The Free Spirit
2885,similarity,5,3,1,0,5,5,2,0,1,5,The Midnight Coder
2886,similarity,1,3,5,4,3,1,1,0,2,1,The Pure Creator
2887,similarity,5,2,0,3,0,2,2,5,0,1,The Minimalist Architect
2888,similarity,3,0,4,2,0,3,3,2,2,3,The Grounded Loyalist
2889,similarity,5,1,4,0,3,2,2,1,5,0,The Focused Builder
2890,similarity,3,5,5,5,1,4,4,0,1,2,The Direct Idealist
2891,similarity,1,5,3,4,5,5,5,0,4,4,The Minimalist Architect
2892,similarity,5,4,4,2,4,0,0,5,2,1,The Free Spirit
2893,similarity,1,4,2,1,2,0,5,4,3,3,The Focused Builder
2894,similarity,5,3,2,5,5,1,0,3,1,5,The Pure Creator
2895,similarity,3,3,3,4,3,2,1,0,3,2,The Digital Nomad
2896,similarity,5,2,1,3,3,4,0,5,0,2,The Quiet Observer
2897,similarity,3,2,1,1,0,3,1,5,2,4,The Aesthetic Rover
2898,similarity,1,1,2,0,4,4,2,4,5,1,The Pure Creator
2899,similarity,5,1,0,5,1,0,1,3,1,3,The Minimalist Architect
2900,similarity,1,0,1,3,5,1,3,2,5,5,The Quiet Observer
2901,similarity,5,0,5,2,5,2,4,1,2,2,The Focused Builder
2902,similarity,3,5,5,0,2,2,5,1,4,4,The Direct Idealist
2903,similarity,5,5,0,5,0,3,4,4,1,0,The Spontaneous Socialite
2904,similarity,3,3,4,0,3,4,5,3,3,0,The Calm Strategist
2905,similarity,1,2,5,4,3,5,0,2,0,3,The Focused Builder
2906,similarity,3,2,3,3,0,5,5,1,2,5,The Free Spirit
2907,similarity,1,1,3,1,4,0,0,0,0,1,The Spontaneous Socialite
2908,similarity,5,1,4,0,2,1,1,0,3,4,The Quiet Observer
2909,similarity,3,0,2,5,1,3,0,5,5,0,The Aesthetic Rover
2910,similarity,5,0,3,3,5,4,1,4,2,2,The Grounded Loyalist
2911,similarity,3,5,3,2,2,3,3,1,4,5,The Midnight Coder
2912,similarity,1,5,1,1,0,5,4,0,1,1,The Quiet Observer
2913,similarity,3,4,2,5,4,0,3,5,3,1,The Minimalist Architect
2914,similarity,1,4,0,4,3,1,4,5,1,4,The Grounded Loyalist
2915,similarity,5,3,0,2,1,1,5,4,2,0,The Spontaneous Socialite
2916,similarity,3,3,1,1,4,2,4,3,0,2,The Calm Strategist
2917,similarity,5,1,5,0,2,3,5,2,3,4,The Digital Nomad
2918,similarity,3,2,0,4,2,4,0,1,5,1,The Free Spirit
2919,similarity,0,0,4,3,5,4,5,5,2,3,The Calm Strategist
2920,similarity,2,1,4,2,3,5,0,4,4,5,The Digital Nomad
2921,similarity,0,5,5,0,0,0,1,3,2,2,The Free Spirit
2922,similarity,4,4,3,5,0,2,3,2,3,2,The Midnight Coder
2923,similarity,2,4,4,3,3,3,2,1,1,4,The Quiet Observer
2924,similarity,4,3,4,2,1,2,3,0,2,1,The Minimalist Architect
2925,similarity,2,3,2,1,5,4,4,0,0,3,The Grounded Loyalist
2926,similarity,0,2,3,5,4,5,3,5,3,5,The Midnight Coder
2927,similarity,2,2,1,4,2,0,4,2,5,2,The Direct Idealist
2928,similarity,0,1,1,3,5,0,5,1,3,4,The Minimalist Architect
2929,similarity,4,1,2,3,3,1,4,0,4,0,The Free Spirit
2930,similarity,0,5,0,2,1,2,5,0,2,3,The Focused Builder
2931,similarity,4,0,1,0,0,4,0,5,3,3,The Pure Creator
2932,similarity,2,4,5,5,4,5,1,4,1,5,The Digital Nomad
2933,similarity,0,5,5,4,1,4,1,3,4,1,The Free Spirit
2934,similarity,2,3,0,2,5,5,2,2,0,4,The Aesthetic Rover
2935,similarity,0,4,4,1,5,1,3,5,4,0,The Pure Creator
2936,similarity,4,2,5,5,2,2,2,5,5,2,The Minimalist Architect
2937,similarity,0,1,3,4,0,1,3,4,3,5,The Quiet Observer
2938,similarity,4,1,3,3,3,3,4,3,4,1,The Focused Builder
2939,similarity,2,0,4,1,3,4,3,2,2,3,The Direct Idealist
2940,similarity,0,0,2,0,0,5,4,1,4,4,The Minimalist Architect
2941,similarity,2,5,2,5,4,1,5,0,1,0,The Calm Strategist
2942,similarity,0,5,3,3,2,0,0,0,5,2,The Focused Builder
2943,similarity,4,3,1,2,1,1,5,3,0,5,The Pure Creator
2944,similarity,0,4,2,0,5,3,1,2,4,1,The Spontaneous Socialite
2945,similarity,4,2,0,5,2,4,2,1,5,3,The Quiet Observer
2946,similarity,2,3,0,4,0,3,1,0,3,0,The Aesthetic Rover
2947,similarity,0,1,1,2,4,4,2,0,5,2,The Pure Creator
2948,similarity,2,2,5,1,3,0,3,5,2,2,The Midnight Coder
2949,similarity,0,0,0,0,1,1,2,4,4,4,The Quiet Observer
2950,similarity,4,1,4,4,4,0,3,1,1,1,The Focused Builder
2951,similarity,0,5,4,3,2,2,4,0,5,3,The Grounded Loyalist
2952,similarity,4,0,5,1,2,3,3,5,0,5,The Spontaneous Socialite
2953,similarity,2,4,3,0,5,4,4,5,4,2,The Calm Strategist
2954,similarity,4,3,4,5,3,0,0,4,0,4,The Digital Nomad
2955,similarity,2,3,4,5,0,5,1,3,3,0,The Free Spirit
2956,similarity,0,1,2,4,0,0,0,2,5,3,The Spontaneous Socialite
2957,similarity,4,2,3,3,4,2,1,1,2,3,The Quiet Observer
2958,similarity,0,0,1,1,1,3,2,5,0,5,The Digital Nomad
2959,similarity,4,1,1,0,5,2,1,4,1,2,The Grounded Loyalist
2960,similarity,2,5,2,4,2,4,2,3,5,4,The Midnight Coder
2961,similarity,4,0,0,3,2,5,3,2,1,0,The Direct Idealist
2962,similarity,2,4,1,2,5,0,2,1,4,3,The Minimalist Architect
2963,similarity,0,5,5,0,3,1,3,0,0,5,The Grounded Loyalist
2964,similarity,4,3,5,5,1,1,4,0,3,1,The Spontaneous Socialite
2965,similarity,0,4,0,3,0,2,0,5,5,3,The Direct Idealist
2966,similarity,4,2,4,2,4,3,5,2,2,4,The Digital Nomad
2967,similarity,2,3,5,1,1,5,0,1,0,0,The Free Spirit
2968,similarity,4,1,3,5,5,4,1,0,2,2,The Aesthetic Rover
2969,similarity,2,1,3,4,5,5,0,0,5,5,The Pure Creator
2970,similarity,0,0,4,3,2,1,1,5,1,1,The Digital Nomad
2971,similarity,4,4,2,1,0,2,2,4,4,3,The Grounded Loyalist
2972,similarity,0,5,2,0,3,1,1,3,0,0,The Aesthetic Rover
2973,similarity,4,3,3,4,3,3,2,2,3,2,The Direct Idealist
2974,similarity,2,4,1,3,1,4,3,5,1,4,The Minimalist Architect
2975,similarity,4,2,2,2,4,5,4,5,3,5,The Calm Strategist
2976,similarity,2,3,0,0,2,1,4,4,0,1,The Focused Builder
2977,similarity,0,1,0,5,5,0,5,3,2,3,The Direct Idealist
2978,similarity,2,2,1,4,5,1,0,2,5,0,The Spontaneous Socialite
2979,similarity,0,0,5,2,2,2,5,1,1,2,The Calm Strategist
2980,similarity,4,1,0,3,0,4,0,0,4,4,The Aesthetic Rover
2981,similarity,2,5,4,1,4,3,1,0,0,0,The Pure Creator
2982,similarity,4,5,4,0,3,4,0,3,4,3,The Midnight Coder
2983,similarity,2,4,5,5,1,0,1,2,1,5,The Quiet Observer
2984,similarity,0,4,3,3,4,1,2,1,3,5,The Aesthetic Rover
2985,similarity,2,3,4,2,2,2,3,0,0,2,The Grounded Loyalist
2986,similarity,0,3,4,0,2,2,2,0,2,4,The Midnight Coder
2987,similarity,4,2,2,5,5,3,4,5,0,0,The Calm Strategist
2988,similarity,2,0,3,4,3,4,5,4,1,3,The Focused Builder
2989,similarity,4,1,1,2,0,0,4,3,5,5,The Free Spirit
2990,similarity,2,5,1,1,0,5,5,0,0,1,The Spontaneous Socialite
2991,similarity,0,0,2,0,4,0,0,5,4,4,The Calm Strategist
2992,similarity,2,4,0,4,1,1,5,5,1,4,The Digital Nomad
2993,similarity,0,4,1,3,5,3,0,4,3,0,The Free Spirit
2994,similarity,4,3,5,1,2,2,1,3,1,3,The Midnight Coder
2995,similarity,2,3,5,0,2,3,2,2,2,5,The Quiet Observer
2996,similarity,4,2,0,5,0,5,1,1,0,1,The Minimalist Architect
2997,similarity,2,2,4,3,3,0,2,1,1,3,The Grounded Loyalist
2998,similarity,0,1,5,2,1,1,4,4,5,0,The Midnight Coder
2999,similarity,2,1,5,1,0,1,3,3,2,2,The Direct Idealist
3000,similarity,0,0,3,5,4,2,4,2,4,4,The Minimalist Architect
3001,similarity,4,0,4,4,1,3,5,1,2,5,The Free Spirit
3002,similarity,0,5,2,2,5,5,4,0,3,1,The Focused Builder
3003,similarity,4,3,2,1,5,4,5,0,1,3,The Pure Creator
3004,similarity,2,4,3,0,2,5,0,5,2,0,The Digital Nomad
3005,similarity,0,2,1,0,0,1,1,2,0,2,The Free Spirit
3006,similarity,2,2,2,5,3,2,0,1,1,4,The Aesthetic Rover
3007,similarity,0,1,0,4,1,3,1,0,5,1,The Pure Creator
3008,similarity,4,1,0,2,1,2,2,5,3,3,The Minimalist Architect
3009,similarity,0,0,1,1,4,4,2,5,4,5,The Quiet Observer
3010,similarity,4,0,5,5,2,5,3,4,2,0,The Focused Builder
3011,similarity,2,5,0,4,5,0,4,3,3,2,The Direct Idealist
3012,similarity,0,5,4,3,5,0,3,2,1,4,The Minimalist Architect
3013,similarity,2,4,4,1,3,1,4,5,2,0,The Calm Strategist
3014,similarity,0,4,5,0,0,2,5,5,0,3,The Focused Builder
3015,similarity,4,3,3,4,4,4,0,4,4,5,The Pure Creator
3016,similarity,0,3,3,3,3,5,5,3,5,1,The Spontaneous Socialite
3017,similarity,4,2,4,2,1,4,0,2,3,4,The Quiet Observer
3018,similarity,2,2,2,0,4,0,1,1,4,0,The Aesthetic Rover
3019,similarity,0,0,3,5,2,1,1,0,2,0,The Pure Creator
3020,similarity,2,5,1,4,2,2,2,0,3,3,The Midnight Coder
3021,similarity,0,5,1,2,5,1,3,3,1,5,The Quiet Observer
3022,similarity,4,4,2,1,3,3,2,2,3,1,The Focused Builder
3023,similarity,0,4,0,5,0,4,3,1,0,4,The Grounded Loyalist
3024,similarity,4,3,1,4,4,5,4,0,4,0,The Spontaneous Socialite
3025,similarity,2,3,5,3,4,5,5,0,5,2,The Calm Strategist
3026,similarity,4,2,5,1,1,0,4,5,3,5,The Digital Nomad
3027,similarity,2,2,0,0,5,1,5,4,5,5,The Free Spirit
3028,similarity,0,1,4,5,2,3,0,3,2,1,The Spontaneous Socialite
3029,similarity,4,1,5,3,2,4,5,0,4,3,The Quiet Observer
3030,similarity,0,0,5,2,0,3,1,5,1,0,The Digital Nomad
3031,similarity,4,0,3,2,3,5,2,5,3,2,The Grounded Loyalist
3032,similarity,2,4,4,1,1,0,1,4,0,4,The Midnight Coder
3033,similarity,4,5,2,0,0,1,2,3,4,1,The Direct Idealist
3034,similarity,1,3,2,4,4,1,3,2,0,3,The Grounded Loyalist
3035,similarity,5,4,3,3,2,2,4,1,3,5,The Spontaneous Socialite
3036,similarity,3,2,1,2,5,3,3,0,5,0,The Calm Strategist
3037,similarity,5,1,2,0,5,4,4,4,2,2,The Digital Nomad
3038,similarity,3,1,0,5,2,0,5,3,4,4,The Free Spirit
3039,similarity,1,0,0,3,0,5,4,2,1,1,The Spontaneous Socialite
3040,similarity,3,0,1,2,3,0,5,1,5,3,The Pure Creator
3041,similarity,1,5,5,1,1,2,1,0,1,5,The Digital Nomad
3042,similarity,5,5,0,5,1,3,0,0,4,2,The Grounded Loyalist
3043,similarity,3,4,4,4,4,2,1,5,0,4,The Midnight Coder
3044,similarity,5,4,4,2,2,4,2,4,3,0,The Direct Idealist
3045,similarity,3,2,5,1,5,5,3,1,5,0,The Minimalist Architect
3046,similarity,1,3,3,0,5,0,2,0,2,3,The Grounded Loyalist
3047,similarity,3,1,3,4,3,0,3,5,4,5,The Focused Builder
3048,similarity,1,2,4,3,0,1,4,5,2,1,The Direct Idealist
3049,similarity,5,0,2,2,4,2,3,4,5,4,The Digital Nomad
3050,similarity,1,1,3,0,3,3,4,3,1,0,The Calm Strategist
3051,similarity,5,5,1,5,1,5,5,2,4,2,The Aesthetic Rover
3052,similarity,3,4,1,3,5,4,5,1,0,5,The Pure Creator
3053,similarity,1,4,2,2,2,5,0,5,3,1,The Digital Nomad
3054,similarity,3,3,0,1,0,1,1,4,5,1,The Quiet Observer
3055,similarity,1,3,1,5,5,2,2,3,3,4,The Aesthetic Rover
3056,similarity,5,2,5,0,3,1,1,2,0,0,The Direct Idealist
3057,similarity,1,2,5,5,0,3,2,1,2,2,The Midnight Coder
3058,similarity,5,0,0,3,4,4,3,0,5,5,The Calm Strategist
3059,similarity,3,1,4,2,4,5,2,0,1,1,The Focused Builder
3060,similarity,1,5,5,0,1,1,3,3,4,3,The Direct Idealist
3061,similarity,3,0,5,5,5,0,4,2,0,5,The Spontaneous Socialite
3062,similarity,1,4,3,4,2,1,3,1,4,2,The Calm Strategist
3063,similarity,5,5,4,2,2,3,5,0,5,2,The Aesthetic Rover
3064,similarity,1,3,2,1,0,4,0,0,3,4,The Free Spirit
3065,similarity,5,4,2,0,3,3,5,5,0,1,The Midnight Coder
3066,similarity,3,2,3,4,1,4,0,4,2,3,The Quiet Observer
3067,similarity,1,3,1,3,0,0,1,3,0,5,The Aesthetic Rover
3068,similarity,3,1,2,1,4,1,2,0,1,2,The Grounded Loyalist
3069,similarity,1,0,0,0,2,0,1,5,5,4,The Midnight Coder
3070,similarity,5,0,0,5,5,2,2,5,0,0,The Calm Strategist
3071,similarity,1,4,1,3,3,3,3,4,4,1,The Minimalist Architect
3072,similarity,5,5,5,2,2,4,2,3,5,3,The Free Spirit
3073,similarity,3,3,0,0,0,0,4,2,3,5,The Spontaneous Socialite
3074,similarity,5,4,4,5,4,5,5,1,1,1,The Pure Creator
3075,similarity,3,2,4,4,1,0,4,0,2,4,The Digital Nomad
3076,similarity,1,3,5,2,1,2,5,4,0,0,The Free Spirit
3077,similarity,5,1,3,1,4,3,0,3,1,2,The Midnight Coder
3078,similarity,1,2,3,0,2,2,1,2,5,5,The Pure Creator
3079,similarity,5,0,4,4,5,3,0,1,0,1,The Minimalist Architect
3080,similarity,3,1,2,3,5,5,1,0,4,1,The Grounded Loyalist
3081,similarity,5,5,3,1,3,0,2,0,2,4,The Focused Builder
3082,similarity,3,0,1,2,0,1,1,5,3,0,The Direct Idealist
3083,similarity,1,4,1,1,4,1,2,4,1,2,The Minimalist Architect
3084,similarity,5,4,2,5,3,2,4,1,2,5,The Free Spirit
3085,similarity,1,3,0,4,1,3,3,0,0,1,The Focused Builder
3086,similarity,5,1,1,3,5,5,4,5,1,3,The Pure Creator
3087,similarity,3,2,5,1,2,4,5,5,5,0,The Digital Nomad
3088,similarity,5,0,5,0,0,5,0,4,1,2,The Quiet Observer
3089,similarity,3,1,0,4,5,1,5,3,4,2,The Aesthetic Rover
3090,similarity,1,5,4,3,3,2,0,2,2,4,The Pure Creator
3091,similarity,5,0,4,2,1,1,1,1,3,1,The Minimalist Architect
3092,similarity,1,4,5,0,4,3,0,5,1,3,The Quiet Observer
3093,similarity,5,5,3,5,4,4,1,4,2,5,The Focused Builder
3094,similarity,3,3,4,4,1,5,2,3,0,2,The Direct Idealist
3095,similarity,5,4,2,2,5,0,2,2,2,4,The Spontaneous Socialite
3096,similarity,3,2,2,1,2,0,3,1,5,0,The Calm Strategist
3097,similarity,1,2,3,5,2,1,4,0,1,3,The Focused Builder
3098,similarity,3,1,1,4,0,2,5,0,4,3,The Free Spirit
3099,similarity,1,1,2,3,3,4,4,5,2,5,The Spontaneous Socialite
3100,similarity,5,0,0,1,1,3,5,2,3,2,The Quiet Observer
3101,similarity,3,0,0,0,4,4,0,1,1,4,The Aesthetic Rover
3102,similarity,5,5,1,4,4,0,5,0,3,0,The Grounded Loyalist
3103,similarity,3,3,5,3,2,1,0,5,0,3,The Midnight Coder
3104,similarity,1,4,0,2,5,2,1,5,2,5,The Quiet Observer
3105,similarity,3,2,0,0,3,2,0,4,5,1,The Minimalist Architect
3106,similarity,1,3,4,5,2,3,2,3,3,3,The Grounded Loyalist
3107,similarity,5,1,5,0,0,4,3,2,4,4,The Spontaneous Socialite
3108,similarity,3,2,3,4,4,5,4,5,2,0,The Calm Strategist
3109,similarity,5,0,3,3,1,5,3,5,4,2,The Digital Nomad
3110,similarity,3,0,4,1,1,0,4,4,1,5,The Free Spirit
3111,similarity,1,5,2,0,4,1,5,3,3,1,The Spontaneous Socialite
3112,similarity,3,5,3,5,2,3,4,2,0,3,The Pure Creator
3113,similarity,1,4,1,3,0,4,5,1,2,0,The Digital Nomad
3114,similarity,5,4,1,2,5,3,0,0,0,2,The Grounded Loyalist
3115,similarity,3,3,2,1,3,5,5,4,3,2,The Midnight Coder
3116,similarity,5,3,0,5,0,0,0,3,5,5,The Direct Idealist
3117,similarity,3,2,1,4,4,1,2,2,2,1,The Minimalist Architect
3118,similarity,1,0,5,2,1,1,3,1,4,3,The Grounded Loyalist
3119,similarity,3,1,5,1,1,2,2,0,1,0,The Focused Builder
3120,similarity,1,5,0,0,5,3,3,0,3,2,The Direct Idealist
3121,similarity,5,0,4,4,2,5,4,5,1,4,The Digital Nomad
3122,similarity,1,4,4,3,0,4,3,4,4,0,The Calm Strategist
3123,similarity,5,4,5,2,5,5,4,1,0,3,The Aesthetic Rover
3124,similarity,3,3,3,0,3,0,5,0,3,3,The Pure Creator
3125,similarity,1,3,4,5,1,2,4,5,5,5,The Digital Nomad
3126,similarity,3,2,2,3,4,3,5,5,2,2,The Quiet Observer
3127,similarity,1,2,2,2,4,2,0,4,4,4,The Aesthetic Rover
3128,similarity,5,1,3,1,1,4,2,3,2,0,The Direct Idealist
3129,similarity,1,1,1,5,5,5,1,2,3,3,The Midnight Coder
3130,similarity,5,0,2,4,3,0,2,1,1,5,The Calm Strategist
3131,similarity,3,0,0,2,2,0,3,4,4,1,The Focused Builder
3132,similarity,1,5,0,3,0,1,2,4,0,4,The Direct Idealist
3133,similarity,3,5,1,2,3,2,3,3,3,4,The Spontaneous Socialite
3134,similarity,1,4,5,0,1,4,4,2,5,0,The Calm Strategist
3135,similarity,5,2,5,5,4,5,3,1,3,3,The Aesthetic Rover
3136,similarity,1,2,0,4,4,4,4,0,4,5,The Free Spirit
3137,similarity,5,1,4,2,2,5,5,0,2,1,The Midnight Coder
3138,similarity,3,1,5,1,5,1,1,5,3,3,The Quiet Observer
3139,similarity,1,0,3,5,3,2,0,2,1,0,The Aesthetic Rover
3140,similarity,3,0,3,4,2,1,1,1,4,2,The Grounded Loyalist
3141,similarity,1,5,4,3,0,3,2,0,0,4,The Midnight Coder
3142,similarity,5,5,2,1,4,4,1,5,4,5,The Calm Strategist
3143,similarity,1,4,3,0,1,5,2,5,5,1,The Minimalist Architect
3144,similarity,5,4,1,5,1,5,3,4,3,3,The Free Spirit
3145,similarity,3,3,1,3,4,0,2,3,4,0,The Spontaneous Socialite
3146,similarity,1,3,2,2,2,1,3,2,2,2,The Calm Strategist
3147,similarity,3,2,0,0,0,3,4,5,5,4,The Digital Nomad
3148,similarity,0,2,1,5,3,4,5,5,1,1,The Spontaneous Socialite
3149,similarity,4,0,5,4,3,3,5,4,5,3,The Quiet Observer
3150,similarity,0,1,5,2,0,5,0,3,0,5,The Digital Nomad
3151,similarity,4,5,0,1,4,0,1,2,4,0,The Grounded Loyalist
3152,similarity,2,4,4,0,2,1,0,1,5,2,The Midnight Coder
3153,similarity,4,4,4,4,1,0,1,0,3,4,The Direct Idealist
3154,similarity,2,3,5,3,5,2,2,0,5,0,The Minimalist Architect
3155,similarity,0,3,3,1,2,3,1,3,2,3,The Grounded Loyalist
3156,similarity,4,2,4,0,0,4,2,2,0,5,The Spontaneous Socialite
3157,similarity,0,2,2,5,5,0,3,1,1,1,The Direct Idealist
3158,similarity,4,1,2,5,3,5,4,0,5,4,The Digital Nomad
3159,similarity,2,1,3,4,1,0,3,0,0,4,The Free Spirit
3160,similarity,4,5,1,2,4,2,5,5,4,0,The Aesthetic Rover
3161,similarity,2,0,2,1,4,3,0,4,0,3,The Pure Creator
3162,similarity,0,4,0,0,1,2,5,3,3,5,The Digital Nomad
3163,similarity,4,5,0,4,5,4,0,0,1,1,The Grounded Loyalist
3164,similarity,0,3,1,3,3,5,1,5,2,4,The Aesthetic Rover
3165,similarity,4,4,5,2,0,0,0,5,0,0,The Direct Idealist
3166,similarity,2,2,5,0,0,5,1,4,1,2,The Minimalist Architect
3167,similarity,4,1,0,5,3,1,2,3,5,5,The Calm Strategist
3168,similarity,2,1,4,3,1,2,3,2,1,5,The Focused Builder
3169,similarity,0,0,5,2,5,3,2,1,4,1,The Direct Idealist
3170,similarity,4,0,3,1,4,5,3,4,0,3,The Digital Nomad
3171,similarity,0,5,3,5,2,4,5,4,3,0,The Calm Strategist
3172,similarity,4,5,4,4,5,5,4,3,1,2,The Aesthetic Rover
3173,similarity,2,3,2,3,3,1,5,2,2,4,The Pure Creator
3174,similarity,4,4,3,1,2,2,0,1,0,1,The Midnight Coder
3175,similarity,2,2,1,0,0,1,5,0,2,3,The Quiet Observer
3176,similarity,0,3,1,4,4,3,0,0,5,5,The Aesthetic Rover
3177,similarity,2,1,2,3,1,4,1,5,1,0,The Grounded Loyalist
3178,similarity,0,2,0,2,1,5,0,2,4,2,The Midnight Coder
3179,similarity,4,0,1,0,4,1,1,1,0,4,The Calm Strategist
3180,similarity,2,1,1,5,2,0,2,0,3,1,The Focused Builder
3181,similarity,4,5,5,4,0,1,3,5,1,3,The Free Spirit
3182,similarity,2,0,0,2,3,2,3,5,3,5,The Spontaneous Socialite
3183,similarity,0,4,4,3,3,4,4,4,0,2,The Calm Strategist
3184,similarity,2,3,4,1,0,3,5,3,2,4,The Digital Nomad
3185,similarity,0,3,5,0,4,4,4,2,5,0,The Free Spirit
3186,similarity,4,1,3,5,2,0,5,5,1,0,The Midnight Coder
3187,similarity,2,2,4,3,1,1,0,5,4,3,The Quiet Observer
3188,similarity,4,0,2,2,5,2,5,4,2,5,The Minimalist Architect
3189,similarity,2,1,2,0,2,2,0,3,4,1,The Grounded Loyalist
3190,similarity,0,5,3,5,0,3,1,2,1,4,The Midnight Coder
3191,similarity,2,0,1,4,5,4,2,1,3,0,The Direct Idealist
3192,similarity,0,4,2,2,3,0,2,0,0,2,The Minimalist Architect
3193,similarity,4,5,0,1,1,5,3,0,2,5,The Free Spirit
3194,similarity,2,3,0,0,4,0,4,3,5,5,The Spontaneous Socialite
3195,similarity,4,4,1,4,2,1,3,2,1,1,The Pure Creator
3196,similarity,2,2,5,3,1,3,4,1,5,4,The Digital Nomad
3197,similarity,0,3,5,1,5,2,5,0,2,0,The Free Spirit
3198,similarity,2,1,0,0,3,3,4,5,4,2,The Aesthetic Rover
3199,similarity,0,1,4,5,0,5,5,5,1,5,The Pure Creator
3200,similarity,4,0,5,3,0,0,0,4,3,1,The Minimalist Architect
3201,similarity,0,4,3,2,3,1,1,3,1,3,The Quiet Observer
3202,similarity,4,5,3,1,1,1,0,0,2,5,The Focused Builder
3203,similarity,2,3,4,5,5,2,2,5,0,0,The Direct Idealist
3204,similarity,0,4,2,4,4,3,3,5,3,2,The Minimalist Architect
3205,similarity,2,2,3,2,2,5,2,4,5,4,The Calm Strategist
3206,similarity,0,3,1,1,5,4,3,3,2,1,The Focused Builder
3207,similarity,4,1,1,0,3,5,4,2,4,3,The Pure Creator
3208,similarity,0,2,2,0,3,1,3,1,2,5,The Spontaneous Socialite
3209,similarity,4,0,0,5,0,2,4,0,3,2,The Quiet Observer
3210,similarity,2,1,0,4,4,3,5,4,1,4,The Aesthetic Rover
3211,similarity,0,5,1,2,1,2,0,3,2,0,The Pure Creator
3212,similarity,2,5,5,1,5,4,5,2,0,1,The Midnight Coder
3213,similarity,0,4,0,5,4,5,0,1,3,3,The Quiet Observer
3214,similarity,4,4,4,4,2,0,2,0,5,5,The Focused Builder
3215,similarity,0,3,4,3,0,0,1,0,3,2,The Grounded Loyalist
3216,similarity,4,1,5,1,3,1,2,5,4,4,The Spontaneous Socialite
3217,similarity,2,2,3,0,3,2,3,4,2,0,The Calm Strategist
3218,similarity,0,0,4,4,0,4,2,1,3,2,The Focused Builder
3219,similarity,2,1,2,3,4,3,3,0,1,5,The Free Spirit
3220,similarity,0,5,2,2,2,4,4,5,2,1,The Spontaneous Socialite
3221,similarity,4,0,3,0,1,0,5,5,0,1,The Quiet Observer
3222,similarity,0,4,1,5,5,1,4,4,4,4,The Digital Nomad
3223,similarity,4,5,2,4,2,2,5,3,5,0,The Grounded Loyalist
3224,similarity,2,3,0,2,0,1,0,2,3,2,The Midnight Coder
3225,similarity,4,3,0,1,0,3,0,1,4,5,The Direct Idealist
3226,similarity,2,2,1,5,3,4,1,4,2,1,The Minimalist Architect
3227,similarity,0,2,5,4,1,5,2,4,3,3,The Grounded Loyalist
3228,similarity,4,1,5,3,4,5,1,3,1,0,The Spontaneous Socialite
3229,similarity,0,1,0,1,2,0,2,2,5,2,The Direct Idealist
3230,similarity,4,0,4,0,1,1,3,1,0,2,The Digital Nomad
3231,similarity,2,0,5,5,5,3,4,0,4,4,The Free Spirit
3232,similarity,4,5,3,3,3,4,3,0,5,1,The Aesthetic Rover
3233,similarity,2,3,3,2,0,3,4,3,3,3,The Pure Creator
3234,similarity,0,4,4,2,0,5,5,2,4,5,The Digital Nomad
3235,similarity,4,2,2,1,3,0,4,1,2,2,The Grounded Loyalist
3236,similarity,0,3,3,0,1,1,0,0,4,4,The Aesthetic Rover
3237,similarity,4,1,1,4,5,1,1,5,1,0,The Direct Idealist
3238,similarity,2,1,1,3,4,2,0,5,5,1,The Minimalist Architect
3239,similarity,4,0,2,2,2,3,1,4,0,3,The Calm Strategist
3240,similarity,2,0,0,0,5,4,2,3,4,5,The Focused Builder
3241,similarity,0,5,0,5,3,4,3,0,0,2,The Direct Idealist
3242,similarity,4,5,1,3,1,5,2,5,3,4,The Digital Nomad
3243,similarity,0,4,5,2,0,0,3,5,5,0,The Calm Strategist
3244,similarity,4,4,0,1,4,2,4,4,2,3,The Aesthetic Rover
3245,similarity,2,3,4,5,1,3,3,3,4,5,The Pure Creator
3246,similarity,4,3,4,4,5,2,4,2,1,1,The Midnight Coder
3247,similarity,2,2,5,2,5,4,0,1,5,1,The Quiet Observer
3248,similarity,0,2,3,1,2,5,5,0,1,4,The Aesthetic Rover
3249,similarity,2,1,4,0,0,0,0,4,4,0,The Grounded Loyalist
3250,similarity,0,5,2,4,3,0,1,3,0,2,The Midnight Coder
3251,similarity,4,5,2,3,3,1,2,2,3,5,The Calm Strategist
3252,similarity,2,4,3,2,0,2,1,1,5,1,The Focused Builder
3253,similarity,4,4,1,0,4,3,2,0,2,3,The Free Spirit
3254,similarity,2,3,2,5,2,5,3,0,0,0,The Spontaneous Socialite
3255,similarity,0,3,2,3,1,4,2,5,2,2,The Calm Strategist
3256,similarity,2,2,0,2,5,5,3,4,5,2,The Digital Nomad
3257,similarity,0,2,1,1,2,1,5,1,1,5,The Free Spirit
3258,similarity,4,1,5,5,0,2,4,0,4,1,The Midnight Coder
3259,similarity,2,1,5,0,4,1,5,5,0,3,The Quiet Observer
3260,similarity,4,0,0,5,3,3,0,5,3,0,The Minimalist Architect
3261,similarity,2,0,4,3,1,4,1,4,5,2,The Grounded Loyalist
3262,similarity,0,5,5,2,4,5,0,3,3,4,The Midnight Coder
3263,similarity,1,5,3,0,2,1,1,2,0,0,The Minimalist Architect
3264,similarity,5,3,3,5,2,0,2,1,2,3,The Free Spirit
3265,similarity,3,4,4,4,5,1,1,4,5,3,The Spontaneous Socialite
3266,similarity,1,2,2,2,3,3,2,4,1,5,The Calm Strategist
3267,similarity,3,1,3,1,0,4,3,3,4,2,The Digital Nomad
3268,similarity,1,1,1,0,0,3,3,2,0,4,The Free Spirit
3269,similarity,5,0,1,4,3,4,4,1,4,0,The Midnight Coder
3270,similarity,1,0,2,3,1,0,5,0,1,3,The Pure Creator
3271,similarity,5,5,0,1,5,1,0,0,3,5,The Minimalist Architect
3272,similarity,3,5,0,0,4,0,5,5,0,1,The Grounded Loyalist
3273,similarity,5,4,1,5,2,2,0,2,2,4,The Focused Builder
3274,similarity,3,4,5,3,5,3,1,1,5,4,The Direct Idealist
3275,similarity,1,3,0,2,3,4,0,0,1,0,The Minimalist Architect
3276,similarity,5,3,4,0,1,0,1,5,5,3,The Free Spirit
3277,similarity,1,1,4,5,0,5,2,5,0,5,The Focused Builder
3278,similarity,5,2,5,4,4,0,1,4,4,1,The Pure Creator
3279,similarity,3,0,3,2,1,2,3,3,1,3,The Digital Nomad
3280,similarity,5,1,4,1,5,3,4,2,3,0,The Quiet Observer
3281,similarity,3,5,2,0,5,2,5,5,0,2,The Aesthetic Rover
3282,similarity,1,4,2,4,2,3,4,5,2,2,The Pure Creator
3283,similarity,5,4,3,3,0,5,5,4,0,5,The Minimalist Architect
3284,similarity,1,3,1,1,3,0,0,3,1,1,The Quiet Observer
3285,similarity,5,3,1,2,3,1,5,2,5,3,The Focused Builder
3286,similarity,3,2,2,1,1,1,0,1,0,0,The Direct Idealist
3287,similarity,5,2,0,5,4,2,1,0,4,2,The Spontaneous Socialite
3288,similarity,3,1,1,4,2,3,0,4,2,4,The Calm Strategist
3289,similarity,1,1,5,3,5,5,1,3,3,1,The Focused Builder
3290,similarity,5,5,5,1,5,4,3,2,1,3,The Pure Creator
3291,similarity,1,0,0,0,2,5,4,1,2,3,The Spontaneous Socialite
3292,similarity,5,4,4,4,0,1,3,0,0,0,The Quiet Observer
3293,similarity,3,5,5,3,4,2,4,5,1,2,The Aesthetic Rover
3294,similarity,5,3,3,2,3,1,5,5,5,4,The Grounded Loyalist
3295,similarity,3,4,3,0,1,3,4,4,3,0,The Midnight Coder
3296,similarity,1,2,4,5,4,4,5,1,4,3,The Quiet Observer
3297,similarity,3,3,2,4,2,5,0,0,2,5,The Minimalist Architect
3298,similarity,1,1,3,2,2,0,5,5,3,1,The Grounded Loyalist
3299,similarity,5,0,1,1,5,0,0,5,1,4,The Spontaneous Socialite
3300,similarity,3,0,1,5,3,1,1,4,2,4,The Calm Strategist
3301,similarity,5,5,2,4,0,2,1,3,0,0,The Digital Nomad
3302,similarity,3,5,0,3,0,4,2,2,2,3,The Free Spirit
3303,similarity,1,3,0,1,4,3,3,1,5,5,The Spontaneous Socialite
3304,similarity,3,4,1,0,1,4,4,4,3,1,The Pure Creator
3305,similarity,1,2,5,4,5,0,3,4,4,4,The Digital Nomad
3306,similarity,5,3,0,3,2,1,4,3,2,0,The Grounded Loyalist
3307,similarity,3,1,4,2,2,2,5,2,3,2,The Midnight Coder
3308,similarity,5,2,4,0,5,2,4,1,1,5,The Direct Idealist
3309,similarity,3,0,5,5,3,3,5,0,3,5,The Minimalist Architect
3310,similarity,1,1,3,0,1,4,0,0,0,1,The Grounded Loyalist
3311,similarity,3,5,4,4,0,5,0,5,4,3,The Focused Builder
3312,similarity,1,0,2,3,4,5,1,2,5,0,The Direct Idealist
3313,similarity,5,4,2,1,1,0,2,1,3,2,The Digital Nomad
3314,similarity,3,4,3,0,5,1,3,0,4,4,The Free Spirit
3315,similarity,5,3,1,5,5,3,2,5,2,1,The Aesthetic Rover
3316,similarity,3,1,1,3,2,2,3,5,4,3,The Pure Creator
3317,similarity,1,2,2,2,0,3,4,4,1,5,The Digital Nomad
3318,similarity,3,0,0,1,3,5,3,3,3,0,The Quiet Observer
3319,similarity,1,1,1,5,3,0,4,2,0,2,The Aesthetic Rover
3320,similarity,5,5,5,4,1,1,5,5,4,4,The Direct Idealist
3321,similarity,1,0,5,2,4,1,4,4,5,1,The Midnight Coder
3322,similarity,5,4,0,1,2,2,0,4,3,3,The Calm Strategist
3323,similarity,3,5,4,0,5,3,1,3,5,5,The Focused Builder
3324,similarity,1,3,5,4,5,5,2,2,2,2,The Direct Idealist
3325,similarity,3,4,3,3,3,4,1,1,4,4,The Spontaneous Socialite
3326,similarity,1,2,3,1,0,5,2,0,1,4,The Calm Strategist
3327,similarity,5,2,4,0,4,0,3,0,3,0,The Aesthetic Rover
3328,similarity,1,1,2,5,3,2,2,3,1,3,The Free Spirit
3329,similarity,5,1,3,3,1,3,3,2,4,5,The Midnight Coder
3330,similarity,3,0,1,2,4,2,4,1,0,1,The Quiet Observer
3331,similarity,1,4,1,1,2,4,3,0,3,4,The Aesthetic Rover
3332,similarity,3,5,2,5,2,5,4,5,5,0,The Grounded Loyalist
3333,similarity,1,3,0,4,5,0,0,5,2,2,The Midnight Coder
3334,similarity,5,4,0,2,3,0,1,4,4,5,The Calm Strategist
3335,similarity,1,2,1,3,0,1,0,3,2,5,The Minimalist Architect
3336,similarity,5,3,5,2,0,2,1,0,5,1,The Free Spirit
3337,similarity,3,1,0,0,4,4,2,5,1,4,The Spontaneous Socialite
3338,similarity,1,2,4,5,1,3,1,5,4,0,The Calm Strategist
3339,similarity,3,0,4,4,5,4,2,4,0,2,The Digital Nomad
3340,similarity,1,0,5,2,2,5,3,3,3,5,The Free Spirit
3341,similarity,5,5,3,1,2,1,2,2,5,1,The Midnight Coder
3342,similarity,1,5,4,5,0,2,3,1,3,3,The Pure Creator
3343,similarity,5,4,2,4,3,1,4,4,4,5,The Minimalist Architect
3344,similarity,3,4,2,3,1,3,0,4,2,0,The Grounded Loyalist
3345,similarity,5,3,3,1,0,4,5,3,5,2,The Focused Builder
3346,similarity,3,3,1,0,4,5,0,2,1,4,The Direct Idealist
3347,similarity,1,2,1,5,1,5,1,1,4,1,The Minimalist Architect
3348,similarity,5,0,2,3,5,0,0,0,0,3,The Free Spirit
3349,similarity,1,1,0,2,5,1,1,0,4,5,The Focused Builder
3350,similarity,5,5,1,0,2,3,2,5,5,2,The Pure Creator
3351,similarity,3,0,5,5,0,4,1,2,3,4,The Digital Nomad
3352,similarity,5,4,5,4,3,3,2,1,0,0,The Quiet Observer
3353,similarity,3,4,0,2,1,5,3,0,2,1,The Aesthetic Rover
3354,similarity,1,3,4,1,1,0,4,5,5,3,The Pure Creator
3355,similarity,5,3,5,5,4,1,4,5,1,5,The Minimalist Architect
3356,similarity,1,2,3,4,2,0,5,4,5,2,The Quiet Observer
3357,similarity,5,2,3,3,5,2,0,3,0,4,The Focused Builder
3358,similarity,3,1,4,1,5,3,5,2,4,0,The Direct Idealist
3359,similarity,5,1,2,0,3,4,0,5,5,2,The Spontaneous Socialite
3360,similarity,3,0,2,5,0,0,1,4,3,5,The Calm Strategist
3361,similarity,1,0,3,5,4,5,0,4,0,5,The Focused Builder
3362,similarity,5,5,1,4,3,0,1,3,2,1,The Pure Creator
3363,similarity,1,5,2,2,1,2,2,2,0,4,The Spontaneous Socialite
3364,similarity,5,4,0,1,5,3,3,1,1,0,The Quiet Observer
3365,similarity,3,2,0,0,2,2,3,0,5,2,The Aesthetic Rover
3366,similarity,5,2,1,4,2,4,4,0,0,5,The Grounded Loyalist
3367,similarity,3,1,5,3,5,5,5,3,4,1,The Midnight Coder
3368,similarity,1,1,0,2,3,0,4,2,0,3,The Quiet Observer
3369,similarity,3,0,4,0,0,5,5,1,3,0,The Minimalist Architect
3370,similarity,1,0,4,5,4,1,0,0,1,0,The Grounded Loyalist
3371,similarity,5,5,5,3,4,2,5,5,2,2,The Spontaneous Socialite
3372,similarity,3,5,3,2,1,3,0,5,0,5,The Calm Strategist
3373,similarity,5,4,4,1,5,5,1,4,1,1,The Digital Nomad
3374,similarity,3,4,2,5,2,4,2,3,5,3,The Free Spirit
3375,similarity,1,3,2,4,2,5,1,0,1,5,The Spontaneous Socialite
3376,similarity,3,3,3,3,0,1,3,5,4,2,The Pure Creator
3377,similarity,0,2,1,1,3,2,4,5,2,4,The Free Spirit
3378,similarity,4,2,1,0,1,1,3,4,3,0,The Midnight Coder
3379,similarity,2,0,2,4,0,3,4,3,1,1,The Quiet Observer
3380,similarity,4,5,0,3,4,4,5,2,2,3,The Minimalist Architect
3381,similarity,2,5,1,2,2,5,4,1,0,5,The Grounded Loyalist
3382,similarity,0,4,5,0,5,1,5,0,2,2,The Midnight Coder
3383,similarity,2,4,5,5,5,0,0,4,5,4,The Direct Idealist
3384,similarity,0,3,0,3,2,1,1,3,1,0,The Minimalist Architect
3385,similarity,4,3,4,2,0,2,0,2,4,3,The Free Spirit
3386,similarity,2,2,5,3,3,4,1,1,2,5,The Spontaneous Socialite
3387,similarity,4,2,3,1,1,3,3,0,3,1,The Pure Creator
3388,similarity,2,1,3,0,1,4,2,5,1,2,The Digital Nomad
3389,similarity,0,1,4,5,4,0,3,5,3,4,The Free Spirit
3390,similarity,2,0,2,3,2,1,4,4,0,0,The Aesthetic Rover
3391,similarity,0,0,2,2,5,0,3,1,2,2,The Pure Creator
3392,similarity,4,4,3,0,5,2,4,0,5,5,The Minimalist Architect
3393,similarity,0,5,1,5,3,3,5,5,1,1,The Quiet Observer
3394,similarity,4,3,2,4,0,4,0,5,4,3,The Focused Builder
3395,similarity,2,4,0,2,4,0,5,4,2,0,The Direct Idealist
3396,similarity,0,2,0,1,3,5,0,3,4,2,The Minimalist Architect
3397,similarity,2,1,1,0,1,0,1,2,1,2,The Calm Strategist
3398,similarity,0,1,5,4,5,1,1,5,3,5,The Focused Builder
3399,similarity,4,0,0,3,2,3,2,4,0,1,The Pure Creator
3400,similarity,0,0,4,1,0,2,3,4,2,3,The Spontaneous Socialite
3401,similarity,4,5,4,0,5,3,2,3,5,0,The Quiet Observer
3402,similarity,2,5,5,5,3,5,3,2,3,2,The Aesthetic Rover
3403,similarity,0,4,3,3,1,0,4,1,5,4,The Pure Creator
3404,similarity,2,4,4,2,4,1,5,0,2,0,The Midnight Coder
3405,similarity,0,2,2,1,4,1,4,0,4,1,The Quiet Observer
3406,similarity,4,3,2,5,1,2,5,3,1,3,The Focused Builder
3407,similarity,0,1,3,4,5,3,0,2,3,5,The Grounded Loyalist
3408,similarity,4,2,1,2,2,5,5,1,0,2,The Spontaneous Socialite
3409,similarity,2,0,1,1,2,4,1,0,2,4,The Calm Strategist
3410,similarity,0,1,2,0,0,5,2,5,0,0,The Focused Builder
3411,similarity,2,5,0,0,3,1,1,5,3,3,The Free Spirit
3412,similarity,0,0,1,5,1,2,2,4,5,5,The Spontaneous Socialite
3413,similarity,4,4,5,3,0,1,3,3,2,1,The Quiet Observer
3414,similarity,0,3,5,2,4,2,2,0,4,2,The Digital Nomad
3415,similarity,4,3,0,1,2,4,3,5,2,4,The Grounded Loyalist
3416,similarity,2,2,4,5,5,5,4,4,3,0,The Midnight Coder
3417,similarity,4,2,5,4,3,0,5,4,1,3,The Direct Idealist
3418,similarity,2,0,3,3,2,0,4,3,4,5,The Minimalist Architect
3419,similarity,0,1,3,1,0,1,5,2,0,1,The Grounded Loyalist
3420,similarity,4,5,4,0,4,2,1,1,3,3,The Spontaneous Socialite
3421,similarity,0,0,2,4,1,4,0,0,5,0,The Direct Idealist
3422,similarity,4,4,2,3,1,3,1,4,3,2,The Digital Nomad
3423,similarity,2,5,3,2,4,4,2,3,4,2,The Free Spirit
3424,similarity,4,3,1,0,2,0,1,2,2,5,The Aesthetic Rover
3425,similarity,2,4,2,5,5,1,2,1,3,1,The Pure Creator
3426,similarity,0,2,0,4,5,2,3,0,1,3,The Digital Nomad
3427,similarity,4,3,0,2,3,1,4,5,4,0,The Grounded Loyalist
3428,similarity,0,1,1,1,0,3,3,5,0,2,The Aesthetic Rover
3429,similarity,4,2,5,5,4,4,4,4,4,4,The Direct Idealist
3430,similarity,2,0,0,4,3,5,0,1,5,1,The Minimalist Architect
3431,similarity,4,4,4,3,1,5,5,0,3,3,The Calm Strategist
3432,similarity,2,5,4,1,5,0,0,5,4,3,The Focused Builder
3433,similarity,0,3,5,0,2,1,1,5,2,0,The Direct Idealist
3434,similarity,4,4,3,5,0,3,0,4,3,2,The Digital Nomad
3435,similarity,0,2,3,3,5,4,1,3,1,4,The Calm Strategist
3436,similarity,4,3,4,2,3,3,2,2,5,0,The Aesthetic Rover
3437,similarity,2,1,2,2,1,5,3,1,0,3,The Pure Creator
3438,similarity,4,2,3,1,4,0,2,4,4,5,The Midnight Coder
3439,similarity,2,0,1,0,4,1,3,4,5,1,The Quiet Observer
3440,similarity,0,1,1,4,1,1,4,3,3,4,The Aesthetic Rover
3441,similarity,2,5,2,3,5,2,4,2,4,4,The Grounded Loyalist
3442,similarity,0,0,0,1,2,3,5,1,2,0,The Midnight Coder
3443,similarity,4,4,1,0,2,4,0,0,0,3,The Calm Strategist
3444,similarity,2,4,5,5,0,4,5,0,1,5,The Focused Builder
3445,similarity,4,3,5,3,3,5,0,5,5,1,The Free Spirit
3446,similarity,2,1,0,2,1,0,1,2,0,4,The Spontaneous Socialite
3447,similarity,0,2,4,1,4,2,2,1,4,0,The Calm Strategist
3448,similarity,2,0,5,5,4,3,1,0,5,2,The Digital Nomad
3449,similarity,0,1,3,4,2,2,2,5,3,3,The Free Spirit
3450,similarity,4,5,3,2,5,4,3,5,5,5,The Midnight Coder
3451,similarity,2,0,4,1,3,5,2,4,2,1,The Quiet Observer
3452,similarity,4,4,2,0,2,0,4,3,0,3,The Minimalist Architect
3453,similarity,2,5,2,4,0,0,5,0,1,0,The Grounded Loyalist
3454,similarity,0,3,3,3,4,1,4,5,5,2,The Midnight Coder
3455,similarity,2,4,1,2,1,2,5,4,1,4,The Direct Idealist
3456,similarity,0,2,2,0,1,3,0,4,4,1,The Minimalist Architect
3457,similarity,4,2,0,5,4,5,1,3,0,3,The Free Spirit
3458,similarity,2,1,0,3,2,4,0,2,3,3,The Spontaneous Socialite
3459,similarity,4,1,1,2,0,5,1,1,1,0,The Pure Creator
3460,similarity,2,0,5,1,5,1,2,0,2,2,The Digital Nomad
3461,similarity,0,0,0,5,3,2,1,4,0,4,The Free Spirit
3462,similarity,2,5,4,0,0,1,2,3,2,1,The Aesthetic Rover
3463,similarity,0,3,4,5,4,3,4,2,5,3,The Pure Creator
3464,similarity,4,4,5,3,1,4,3,1,1,5,The Minimalist Architect
3465,similarity,0,2,3,2,1,5,4,0,4,2,The Quiet Observer
3466,similarity,4,3,3,0,5,5,5,5,0,4,The Focused Builder
3467,similarity,2,1,4,5,2,0,0,5,3,4,The Direct Idealist
3468,similarity,0,1,2,4,0,1,5,4,1,0,The Minimalist Architect
3469,similarity,2,0,3,2,5,3,0,1,3,3,The Calm Strategist
3470,similarity,0,0,1,1,3,4,1,0,0,5,The Focused Builder
3471,similarity,4,5,1,5,1,3,0,5,2,1,The Pure Creator
3472,similarity,0,5,2,4,4,4,1,5,5,4,The Spontaneous Socialite
3473,similarity,4,4,0,3,4,0,2,4,1,0,The Quiet Observer
3474,similarity,2,4,1,1,1,1,2,3,4,2,The Aesthetic Rover
3475,similarity,0,3,5,0,5,0,3,2,0,5,The Pure Creator
3476,similarity,2,3,5,5,3,2,4,1,4,5,The Midnight Coder
3477,similarity,0,2,0,3,2,3,5,4,1,1,The Quiet Observer
3478,similarity,4,2,4,2,0,4,4,4,3,4,The Focused Builder
3479,similarity,0,1,5,0,3,0,5,3,0,0,The Grounded Loyalist
3480,similarity,4,5,3,5,1,5,0,2,2,2,The Spontaneous Socialite
3481,similarity,2,5,3,4,4,0,5,1,5,5,The Calm Strategist
3482,similarity,0,4,4,2,4,2,0,0,1,1,The Focused Builder
3483,similarity,2,4,2,1,2,3,1,5,5,3,The Free Spirit
3484,similarity,0,3,2,0,5,2,1,5,2,3,The Spontaneous Socialite
3485,similarity,4,3,3,4,3,3,2,2,4,0,The Quiet Observer
3486,similarity,0,2,1,3,2,5,3,1,1,2,The Digital Nomad
3487,similarity,4,2,2,1,0,0,4,0,3,4,The Grounded Loyalist
3488,similarity,2,1,0,2,4,5,3,5,0,1,The Midnight Coder
3489,similarity,4,1,0,1,1,1,4,5,2,3,The Direct Idealist
3490,similarity,2,0,1,5,1,2,5,4,0,5,The Minimalist Architect
3491,similarity,5,0,5,4,4,3,4,3,1,2,The Spontaneous Socialite
3492,similarity,3,5,0,3,2,5,5,2,5,4,The Calm Strategist
3493,similarity,5,5,4,1,0,4,0,5,2,4,The Digital Nomad
3494,similarity,3,3,4,0,3,5,5,4,4,1,The Free Spirit
3495,similarity,1,2,5,4,3,1,1,4,1,3,The Spontaneous Socialite
3496,similarity,3,2,3,3,0,2,2,3,3,5,The Pure Creator
3497,similarity,1,1,3,2,4,1,3,2,1,2,The Digital Nomad
3498,similarity,5,1,4,0,2,3,2,1,2,4,The Grounded Loyalist
3499,similarity,3,0,2,5,1,4,3,0,0,0,The Midnight Coder
3500,similarity,5,0,3,3,5,5,4,0,3,2,The Direct Idealist
3501,similarity,3,5,1,2,2,0,3,3,5,5,The Minimalist Architect
3502,similarity,1,5,1,1,0,0,4,2,3,5,The Grounded Loyalist
3503,similarity,3,4,2,5,5,1,5,1,4,1,The Focused Builder
3504,similarity,1,4,0,4,3,2,4,0,2,4,The Direct Idealist
3505,similarity,5,3,1,3,1,4,5,5,3,0,The Digital Nomad
3506,similarity,3,3,5,1,4,3,1,5,1,2,The Free Spirit
3507,similarity,5,1,5,0,4,4,2,4,2,5,The Aesthetic Rover
3508,similarity,3,2,0,4,1,0,1,1,0,1,The Pure Creator
3509,similarity,1,0,4,3,5,1,2,0,4,3,The Digital Nomad
3510,similarity,3,1,4,2,3,2,3,5,5,0,The Quiet Observer
3511,similarity,1,5,3,0,0,2,2,4,3,0,The Aesthetic Rover
3512,similarity,5,4,3,5,0,3,3,4,4,2,The Direct Idealist
3513,similarity,1,4,4,0,3,4,4,3,2,5,The Midnight Coder
3514,similarity,5,3,2,4,1,0,3,2,3,1,The Calm Strategist
3515,similarity,3,3,2,3,5,5,4,1,1,3,The Focused Builder
3516,similarity,1,2,3,1,4,0,5,4,3,5,The Direct Idealist
3517,similarity,3,2,1,0,2,1,1,4,0,2,The Spontaneous Socialite
3518,similarity,1,1,2,5,5,3,0,3,4,4,The Calm Strategist
3519,similarity,5,1,0,3,3,2,1,2,5,0,The Aesthetic Rover
3520,similarity,1,5,0,2,2,3,2,1,3,1,The Free Spirit
3521,similarity,5,0,1,1,0,5,1,0,4,3,The Midnight Coder
3522,similarity,3,4,5,5,4,0,2,5,2,5,The Quiet Observer
3523,similarity,1,5,0,4,1,1,3,5,4,2,The Aesthetic Rover
3524,similarity,3,3,4,2,1,1,2,2,1,4,The Grounded Loyalist
3525,similarity,1,4,4,1,4,2,3,1,5,0,The Midnight Coder
3526,similarity,5,2,5,0,2,3,4,0,0,3,The Calm Strategist
3527,similarity,1,3,3,4,0,5,3,5,4,5,The Minimalist Architect
3528,similarity,5,1,3,3,3,4,5,5,5,5,The Free Spirit
3529,similarity,3,0,4,1,3,5,0,4,3,2,The Spontaneous Socialite
3530,similarity,1,0,2,0,0,0,1,3,5,4,The Calm Strategist
3531,similarity,3,5,3,5,4,2,0,2,2,0,The Digital Nomad
3532,similarity,1,5,1,3,2,3,1,5,4,2,The Free Spirit
3533,similarity,5,3,1,2,1,2,2,4,1,5,The Midnight Coder
3534,similarity,1,4,2,1,5,4,1,4,5,1,The Pure Creator
3535,similarity,5,2,0,5,2,5,2,3,0,3,The Minimalist Architect
3536,similarity,3,3,1,4,0,0,3,2,4,0,The Grounded Loyalist
3537,similarity,5,1,5,2,0,0,2,1,0,0,The Focused Builder
3538,similarity,3,2,5,3,3,1,3,0,3,2,The Direct Idealist
3539,similarity,1,0,0,2,1,2,5,0,5,5,The Minimalist Architect
3540,similarity,5,1,4,0,4,4,0,3,2,1,The Free Spirit
3541,similarity,1,5,4,5,2,3,5,2,4,3,The Focused Builder
3542,similarity,5,0,5,4,1,4,0,1,2,0,The Pure Creator
3543,similarity,3,4,3,2,5,0,1,0,5,2,The Digital Nomad
3544,similarity,5,5,4,1,3,1,0,5,1,4,The Quiet Observer
3545,similarity,3,3,2,5,0,2,1,5,4,1,The Aesthetic Rover
3546,similarity,1,1,2,4,0,1,2,4,0,1,The Pure Creator
3547,similarity,5,2,3,3,3,3,1,3,3,3,The Minimalist Architect
3548,similarity,1,0,1,1,1,4,2,0,5,5,The Quiet Observer
3549,similarity,5,1,2,0,5,5,4,5,3,2,The Focused Builder
3550,similarity,3,5,0,5,4,5,5,4,0,4,The Direct Idealist
3551,similarity,5,0,0,3,2,0,4,4,2,0,The Spontaneous Socialite
3552,similarity,3,4,1,2,5,1,5,3,5,3,The Calm Strategist
3553,similarity,1,5,5,0,3,3,0,2,1,5,The Focused Builder
3554,similarity,5,3,0,5,3,4,5,1,4,1,The Pure Creator
3555,similarity,1,4,4,4,0,3,0,0,0,2,The Spontaneous Socialite
3556,similarity,5,2,4,2,4,5,1,4,4,4,The Quiet Observer
3557,similarity,3,3,5,1,1,0,0,3,5,0,The Aesthetic Rover
3558,similarity,5,1,3,5,5,1,1,2,3,3,The Grounded Loyalist
3559,similarity,3,1,3,4,4,0,2,1,0,5,The Midnight Coder
3560,similarity,1,0,4,3,2,2,4,0,2,1,The Quiet Observer
3561,similarity,3,4,2,1,0,3,3,5,5,3,The Minimalist Architect
3562,similarity,1,5,3,0,3,4,4,5,1,0,The Grounded Loyalist
3563,similarity,5,3,1,5,3,4,5,2,5,2,The Spontaneous Socialite
3564,similarity,3,4,1,5,0,5,4,1,0,2,The Calm Strategist
3565,similarity,5,2,2,4,4,0,5,0,4,5,The Digital Nomad
3566,similarity,3,3,0,2,2,2,0,5,1,1,The Free Spirit
3567,similarity,1,1,1,1,1,3,5,5,3,3,The Spontaneous Socialite
3568,similarity,3,2,5,0,5,2,0,4,0,0,The Pure Creator
3569,similarity,1,0,5,4,2,4,1,3,2,2,The Digital Nomad
3570,similarity,5,1,0,3,0,5,2,2,0,4,The Grounded Loyalist
3571,similarity,3,5,4,2,0,0,2,5,1,1,The Midnight Coder
3572,similarity,5,5,4,0,3,0,3,4,5,1,The Direct Idealist
3573,similarity,3,4,5,5,1,1,4,4,0,3,The Minimalist Architect
3574,similarity,1,4,3,3,4,2,3,3,4,0,The Grounded Loyalist
3575,similarity,3,3,4,2,2,3,4,2,1,2,The Focused Builder
3576,similarity,1,3,2,1,2,5,5,1,3,4,The Direct Idealist
3577,similarity,5,2,2,5,5,4,4,0,1,0,The Digital Nomad
3578,similarity,3,0,3,4,3,5,5,5,2,3,The Free Spirit
3579,similarity,5,1,1,3,0,1,0,3,0,5,The Aesthetic Rover
3580,similarity,3,5,2,1,0,2,1,2,1,1,The Pure Creator
3581,similarity,1,0,0,0,3,1,0,1,5,2,The Digital Nomad
3582,similarity,3,4,0,4,1,3,2,0,0,4,The Quiet Observer
3583,similarity,1,5,1,3,5,4,3,5,4,0,The Aesthetic Rover
3584,similarity,5,3,5,2,4,5,2,5,2,3,The Direct Idealist
3585,similarity,1,3,5,0,2,5,3,4,3,5,The Midnight Coder
3586,similarity,5,2,4,5,5,0,4,3,1,1,The Calm Strategist
3587,similarity,3,2,4,3,3,1,3,0,2,4,The Focused Builder
3588,similarity,1,1,5,2,1,2,4,5,0,0,The Direct Idealist
3589,similarity,3,1,3,3,0,4,5,4,2,2,The Spontaneous Socialite
3590,similarity,1,0,3,1,4,3,0,4,5,3,The Calm Strategist
3591,similarity,5,0,4,0,1,4,5,3,3,5,The Aesthetic Rover
3592,similarity,1,5,2,5,5,0,0,2,4,1,The Free Spirit
3593,similarity,5,5,3,3,5,1,2,1,2,3,The Midnight Coder
3594,similarity,3,4,1,2,2,0,1,0,3,0,The Quiet Observer
3595,similarity,1,2,1,0,0,2,2,4,1,2,The Aesthetic Rover
3596,similarity,3,3,2,5,3,3,3,3,3,4,The Grounded Loyalist
3597,similarity,1,1,0,4,3,4,2,2,0,1,The Midnight Coder
3598,similarity,5,1,1,2,0,0,3,1,2,3,The Calm Strategist
3599,similarity,1,0,5,1,4,5,4,0,5,3,The Minimalist Architect
3600,similarity,5,0,5,0,2,0,5,5,3,0,The Free Spirit
3601,similarity,3,5,0,4,1,2,4,5,4,2,The Spontaneous Socialite
3602,similarity,1,5,4,3,5,3,5,4,2,4,The Calm Strategist
3603,similarity,3,4,4,1,2,2,1,1,4,1,The Digital Nomad
3604,similarity,1,4,5,0,0,3,0,0,1,3,The Free Spirit
3605,similarity,5,3,3,5,4,5,1,5,3,5,The Midnight Coder
3606,similarity,0,3,4,3,3,0,2,4,0,2,The Digital Nomad
3607,similarity,4,2,2,2,1,1,1,4,4,4,The Grounded Loyalist
3608,similarity,2,2,2,1,4,1,2,3,5,4,The Midnight Coder
3609,similarity,4,1,3,5,2,2,3,2,3,0,The Direct Idealist
3610,similarity,2,5,1,4,2,3,4,1,5,3,The Minimalist Architect
3611,similarity,0,5,2,2,5,5,3,4,2,5,The Grounded Loyalist
3612,similarity,4,4,0,1,3,4,4,4,4,1,The Spontaneous Socialite
3613,similarity,0,4,0,0,0,5,5,3,1,4,The Direct Idealist
3614,similarity,4,3,1,0,0,1,5,2,3,0,The Digital Nomad
3615,similarity,2,3,5,5,4,2,0,1,0,2,The Free Spirit
3616,similarity,4,2,5,3,1,1,1,0,4,3,The Aesthetic Rover
3617,similarity,2,2,0,2,5,2,0,5,0,5,The Pure Creator
3618,similarity,0,1,4,1,4,4,1,3,3,1,The Digital Nomad
3619,similarity,4,1,5,5,2,5,2,2,5,4,The Grounded Loyalist
3620,similarity,0,0,3,4,5,0,3,1,2,0,The Aesthetic Rover
3621,similarity,4,0,3,3,3,0,2,0,4,2,The Direct Idealist
3622,similarity,2,4,4,1,1,1,3,5,1,5,The Minimalist Architect
3623,similarity,4,5,2,0,0,2,4,5,3,1,The Calm Strategist
3624,similarity,2,3,3,4,4,4,3,4,1,3,The Focused Builder
3625,similarity,0,4,1,3,1,3,5,3,4,3,The Direct Idealist
3626,similarity,4,2,1,2,5,4,0,0,0,0,The Digital Nomad
3627,similarity,0,1,2,0,5,0,5,5,3,2,The Calm Strategist
3628,similarity,4,1,0,5,2,1,0,4,5,4,The Aesthetic Rover
3629,similarity,2,0,1,4,0,2,1,4,3,1,The Pure Creator
3630,similarity,4,0,5,2,3,2,2,3,4,3,The Midnight Coder
3631,similarity,2,5,5,1,3,3,1,2,2,5,The Quiet Observer
3632,similarity,0,5,0,5,1,4,2,1,5,2,The Aesthetic Rover
3633,similarity,2,4,4,4,4,5,3,0,1,4,The Grounded Loyalist
3634,similarity,0,4,4,3,2,5,2,4,4,4,The Midnight Coder
3635,similarity,4,2,5,1,5,0,3,3,0,1,The Calm Strategist
3636,similarity,2,3,3,0,5,1,5,2,4,3,The Focused Builder
3637,similarity,4,1,4,5,2,3,4,1,5,5,The Free Spirit
3638,similarity,2,2,2,3,0,2,5,0,3,2,The Spontaneous Socialite
3639,similarity,0,0,2,2,4,3,0,5,4,4,The Calm Strategist
3640,similarity,2,1,3,2,3,5,5,5,2,0,The Digital Nomad
3641,similarity,0,5,1,1,1,0,0,4,5,2,The Free Spirit
3642,similarity,4,0,2,0,4,1,1,1,1,5,The Midnight Coder
3643,similarity,2,4,0,4,2,1,2,0,5,5,The Quiet Observer
3644,similarity,4,3,0,3,2,2,1,5,0,1,The Minimalist Architect
3645,similarity,2,3,1,1,5,3,2,4,4,4,The Grounded Loyalist
3646,similarity,0,2,5,0,3,4,3,4,5,0,The Midnight Coder
3647,similarity,2,2,5,5,0,4,3,3,3,2,The Direct Idealist
3648,similarity,0,0,0,3,0,5,4,2,0,5,The Minimalist Architect
3649,similarity,4,1,4,2,4,0,5,1,2,1,The Free Spirit
3650,similarity,2,5,5,1,1,2,4,4,0,3,The Spontaneous Socialite
3651,similarity,4,0,3,5,5,3,5,4,1,4,The Pure Creator
3652,similarity,2,4,3,4,2,2,0,3,5,0,The Digital Nomad
3653,similarity,0,5,4,2,2,4,1,2,0,2,The Free Spirit
3654,similarity,2,3,2,1,0,5,0,1,4,5,The Aesthetic Rover
3655,similarity,0,4,3,0,3,0,1,0,5,1,The Pure Creator
3656,similarity,4,2,1,4,1,0,2,5,3,3,The Minimalist Architect
3657,similarity,0,3,1,3,0,1,1,5,1,5,The Quiet Observer
3658,similarity,4,1,2,2,4,2,3,2,2,2,The Focused Builder
3659,similarity,2,0,0,0,1,4,4,1,0,4,The Direct Idealist
3660,similarity,0,0,0,5,5,3,3,0,1,4,The Minimalist Architect
3661,similarity,2,4,5,3,5,4,4,5,5,1,The Calm Strategist
3662,similarity,0,5,5,2,2,5,5,5,0,3,The Focused Builder
3663,similarity,4,3,0,1,0,1,0,4,4,5,The Pure Creator
3664,similarity,0,4,4,5,3,2,5,3,0,2,The Spontaneous Socialite
3665,similarity,4,2,4,0,3,1,0,2,3,4,The Quiet Observer
3666,similarity,2,3,5,4,1,3,1,5,1,0,The Aesthetic Rover
3667,similarity,0,1,3,3,4,4,0,4,2,3,The Pure Creator
3668,similarity,2,2,4,2,2,5,2,4,0,5,The Midnight Coder
3669,similarity,0,0,2,0,5,5,3,3,2,5,The Quiet Observer
3670,similarity,4,1,2,5,5,0,2,2,5,2,The Focused Builder
3671,similarity,0,5,3,4,3,1,3,1,1,4,The Grounded Loyalist
3672,similarity,4,0,1,2,0,3,4,0,4,0,The Spontaneous Socialite
3673,similarity,2,4,2,1,4,4,5,3,2,2,The Calm Strategist
3674,similarity,0,4,0,5,3,3,4,3,3,5,The Focused Builder
3675,similarity,2,3,0,4,1,4,5,2,1,1,The Free Spirit
3676,similarity,0,1,1,3,4,0,0,1,3,3,The Spontaneous Socialite
3677,similarity,4,2,5,1,2,1,5,0,0,0,The Quiet Observer
3678,similarity,0,0,5,0,2,0,0,5,2,0,The Digital Nomad
3679,similarity,4,1,0,5,5,2,2,5,5,2,The Grounded Loyalist
3680,similarity,2,5,4,3,3,3,1,4,1,5,The Midnight Coder
3681,similarity,4,0,5,2,0,4,2,1,4,1,The Direct Idealist
3682,similarity,2,4,3,0,4,0,3,0,2,3,The Minimalist Architect
3683,similarity,0,5,3,5,4,5,4,5,4,0,The Grounded Loyalist
3684,similarity,4,3,4,4,1,0,3,4,1,2,The Spontaneous Socialite
3685,similarity,0,4,2,2,5,2,4,4,3,4,The Direct Idealist
3686,similarity,4,2,3,1,2,3,5,3,0,1,The Digital Nomad
3687,similarity,2,2,1,0,2,2,4,2,2,1,The Free Spirit
3688,similarity,4,1,1,4,0,4,5,1,5,3,The Aesthetic Rover
3689,similarity,2,1,2,3,3,5,0,4,1,5,The Pure Creator
3690,similarity,0,0,0,1,1,0,0,4,5,2,The Digital Nomad
3691,similarity,4,0,0,2,0,5,1,3,2,4,The Grounded Loyalist
3692,similarity,0,5,5,1,4,1,2,2,4,0,The Aesthetic Rover
3693,similarity,4,3,5,5,1,2,3,1,1,3,The Direct Idealist
3694,similarity,2,4,0,4,5,3,2,0,3,5,The Minimalist Architect
3695,similarity,4,2,4,2,5,5,3,5,0,5,The Calm Strategist
3696,similarity,2,3,4,1,2,4,4,5,2,2,The Focused Builder
3697,similarity,0,1,5,0,0,5,3,2,0,4,The Direct Idealist
3698,similarity,4,2,3,4,3,1,4,1,3,0,The Digital Nomad
3699,similarity,0,0,4,3,1,2,5,0,5,3,The Calm Strategist
3700,similarity,4,0,2,2,1,1,4,5,2,5,The Aesthetic Rover
3701,similarity,2,5,2,0,4,3,0,4,4,1,The Pure Creator
3702,similarity,4,5,3,5,2,4,1,4,1,4,The Midnight Coder
3703,similarity,2,4,1,3,5,5,2,3,3,0,The Quiet Observer
3704,similarity,0,4,1,2,5,0,1,2,1,0,The Aesthetic Rover
3705,similarity,2,3,0,1,3,0,2,5,2,2,The Grounded Loyalist
3706,similarity,0,3,0,5,0,1,3,4,0,5,The Midnight Coder
3707,similarity,4,2,1,4,4,2,2,4,3,1,The Calm Strategist
3708,similarity,2,2,5,3,3,4,3,3,5,3,The Focused Builder
3709,similarity,4,1,5,1,1,3,4,2,2,0,The Free Spirit
3710,similarity,2,5,0,0,5,4,3,1,4,2,The Spontaneous Socialite
3711,similarity,0,0,4,4,2,0,4,0,2,4,The Calm Strategist
3712,similarity,2,4,5,3,2,1,0,5,3,1,The Digital Nomad
3713,similarity,0,4,3,2,5,0,1,3,1,1,The Free Spirit
3714,similarity,4,3,3,0,3,2,0,2,4,3,The Midnight Coder
3715,similarity,2,3,4,5,0,3,1,1,0,0,The Quiet Observer
3716,similarity,4,2,2,0,4,4,2,0,4,2,The Minimalist Architect
3717,similarity,2,2,3,4,4,0,1,5,5,4,The Grounded Loyalist
3718,similarity,0,1,1,3,1,5,2,5,3,1,The Midnight Coder
3719,similarity,2,1,1,1,5,0,3,4,4,3,The Direct Idealist
3720,similarity,5,0,2,0,2,1,2,3,2,5,The Free Spirit
3721,similarity,3,0,0,5,2,3,3,0,3,1,The Spontaneous Socialite
3722,similarity,1,5,0,3,0,2,5,5,1,2,The Calm Strategist
3723,similarity,3,5,1,2,3,3,0,4,5,4,The Digital Nomad
3724,similarity,1,4,5,0,1,5,5,4,0,0,The Free Spirit
3725,similarity,5,2,0,5,0,0,0,3,4,3,The Midnight Coder
3726,similarity,1,2,4,4,4,1,1,2,5,5,The Pure Creator
3727,similarity,5,1,4,2,2,1,0,1,3,1,The Minimalist Architect
3728,similarity,3,1,5,1,5,2,1,0,4,4,The Grounded Loyalist
3729,similarity,5,0,3,0,3,3,2,4,2,0,The Focused Builder
3730,similarity,3,0,4,4,2,5,1,3,4,2,The Direct Idealist
3731,similarity,1,5,2,3,0,4,2,2,1,3,The Minimalist Architect
3732,similarity,5,5,2,1,3,5,3,1,5,5,The Free Spirit
3733,similarity,1,4,3,0,1,0,5,0,0,1,The Focused Builder
3734,similarity,5,4,1,5,1,2,4,5,4,3,The Pure Creator
3735,similarity,3,3,1,3,4,1,5,5,5,0,The Digital Nomad
3736,similarity,5,3,0,2,2,2,0,2,3,2,The Quiet Observer
3737,similarity,3,2,0,1,5,4,5,1,5,4,The Aesthetic Rover
3738,similarity,1,2,1,5,5,5,0,0,2,1,The Pure Creator
3739,similarity,5,0,5,4,3,0,1,5,0,1,The Minimalist Architect
3740,similarity,1,1,5,2,0,0,0,4,1,3,The Quiet Observer
3741,similarity,5,5,0,3,4,1,1,4,5,0,The Focused Builder
3742,similarity,3,4,4,2,3,2,2,3,0,2,The Direct Idealist
3743,similarity,5,4,5,0,1,4,3,2,4,4,The Spontaneous Socialite
3744,similarity,3,3,3,5,5,3,3,5,0,1,The Calm Strategist
3745,similarity,1,3,3,4,2,4,4,4,3,3,The Focused Builder
3746,similarity,5,2,4,2,0,0,5,4,5,5,The Pure Creator
3747,similarity,1,2,2,1,5,1,4,3,2,2,The Spontaneous Socialite
3748,similarity,5,1,3,5,3,2,5,2,0,2,The Quiet Observer
3749,similarity,3,1,1,4,1,1,0,1,1,4,The Aesthetic Rover
3750,similarity,5,0,1,3,4,3,5,0,5,0,The Grounded Loyalist
3751,similarity,3,0,2,1,4,4,0,5,1,3,The Midnight Coder
3752,similarity,1,4,0,0,1,5,1,3,4,5,The Quiet Observer
3753,similarity,3,5,0,4,5,5,0,2,0,1,The Minimalist Architect
3754,similarity,1,3,1,3,2,0,1,1,3,4,The Grounded Loyalist
3755,similarity,5,4,5,2,2,1,3,0,1,0,The Spontaneous Socialite
3756,similarity,3,2,0,0,0,3,4,5,3,2,The Calm Strategist
3757,similarity,5,3,4,5,3,4,3,5,0,3,The Digital Nomad
3758,similarity,3,1,4,4,1,3,4,4,2,5,The Free Spirit
3759,similarity,1,0,5,2,0,5,5,3,5,1,The Spontaneous Socialite
3760,similarity,3,0,3,1,4,0,4,0,1,4,The Pure Creator
3761,similarity,1,5,4,5,2,1,5,5,4,0,The Digital Nomad
3762,similarity,5,5,2,4,5,0,0,4,0,2,The Grounded Loyalist
3763,similarity,3,4,2,3,3,2,5,4,4,5,The Midnight Coder
3764,similarity,5,4,3,1,2,3,0,3,1,1,The Direct Idealist
3765,similarity,3,2,1,0,0,4,1,2,3,3,The Minimalist Architect
3766,similarity,1,3,1,5,4,4,3,1,0,3,The Grounded Loyalist
3767,similarity,3,1,0,5,1,5,2,0,2,0,The Focused Builder
3768,similarity,1,2,0,4,1,0,3,3,5,2,The Direct Idealist
3769,similarity,5,0,1,2,4,2,4,3,1,4,The Digital Nomad
3770,similarity,3,1,5,1,2,3,3,2,5,1,The Free Spirit
3771,similarity,5,5,5,0,5,2,4,1,0,3,The Aesthetic Rover
3772,similarity,3,0,0,4,5,4,5,0,4,5,The Pure Creator
3773,similarity,1,4,4,3,3,5,4,5,1,2,The Digital Nomad
3774,similarity,3,3,5,2,0,0,5,5,3,4,The Quiet Observer
3775,similarity,1,3,3,0,4,0,0,4,0,4,The Aesthetic Rover
3776,similarity,5,1,3,5,1,1,2,1,2,1,The Direct Idealist
3777,similarity,1,2,4,3,1,2,1,0,0,3,The Midnight Coder
3778,similarity,5,0,2,2,5,3,2,5,1,5,The Calm Strategist
3779,similarity,3,1,2,1,2,5,3,4,5,2,The Focused Builder
3780,similarity,1,5,1,5,0,4,2,4,2,4,The Direct Idealist
3781,similarity,3,0,1,4,5,5,3,3,4,0,The Spontaneous Socialite
3782,similarity,1,4,2,2,3,1,4,2,1,2,The Calm Strategist
3783,similarity,5,5,0,1,1,2,3,1,3,3,The Aesthetic Rover
3784,similarity,1,3,0,0,4,1,4,4,1,5,The Free Spirit
3785,similarity,5,4,1,4,4,3,5,4,2,1,The Midnight Coder
3786,similarity,3,2,5,3,1,4,0,3,0,4,The Quiet Observer
3787,similarity,1,3,0,2,5,5,0,2,1,0,The Aesthetic Rover
3788,similarity,3,1,4,0,3,5,1,1,5,2,The Grounded Loyalist
3789,similarity,1,1,4,5,2,0,2,0,2,5,The Midnight Coder
3790,similarity,5,0,5,3,0,1,1,5,4,1,The Calm Strategist
3791,similarity,1,4,3,2,3,2,2,3,2,3,The Minimalist Architect
3792,similarity,5,5,4,3,1,4,3,2,3,4,The Free Spirit
3793,similarity,3,3,2,1,4,3,2,1,1,0,The Spontaneous Socialite
3794,similarity,1,4,2,0,4,4,3,0,2,2,The Calm Strategist
3795,similarity,3,2,3,5,2,0,4,5,0,5,The Digital Nomad
3796,similarity,1,3,1,3,5,1,5,4,3,1,The Free Spirit
3797,similarity,5,1,1,2,3,0,4,4,5,3,The Midnight Coder
3798,similarity,1,2,2,0,2,2,0,3,3,5,The Pure Creator
3799,similarity,5,0,0,5,0,3,1,0,4,2,The Minimalist Architect
3800,similarity,3,1,1,4,4,4,0,5,2,4,The Grounded Loyalist
3801,similarity,5,5,5,2,1,0,1,4,3,4,The Focused Builder
3802,similarity,3,5,5,1,1,5,2,4,1,1,The Direct Idealist
3803,similarity,1,4,0,0,4,0,1,3,3,3,The Minimalist Architect
3804,similarity,5,4,4,4,2,2,2,2,0,5,The Free Spirit
3805,similarity,1,3,5,3,0,3,3,1,4,2,The Focused Builder
3806,similarity,5,3,3,1,5,2,4,0,5,4,The Pure Creator
3807,similarity,3,2,3,0,3,3,3,3,3,0,The Digital Nomad
3808,similarity,5,0,4,5,0,5,4,3,4,3,The Quiet Observer
3809,similarity,3,1,2,3,4,0,0,2,2,5,The Aesthetic Rover
3810,similarity,1,5,2,2,1,5,5,1,4,5,The Pure Creator
3811,similarity,5,0,1,0,1,1,0,0,1,2,The Minimalist Architect
3812,similarity,1,4,1,5,5,2,1,5,3,4,The Quiet Observer
3813,similarity,5,5,2,4,2,3,0,5,0,0,The Focused Builder
3814,similarity,3,3,0,2,0,5,1,4,4,2,The Direct Idealist
3815,similarity,5,3,0,1,5,4,2,1,5,5,The Spontaneous Socialite
3816,similarity,3,2,1,0,3,5,3,0,3,1,The Calm Strategist
3817,similarity,1,2,5,0,1,1,2,5,5,3,The Focused Builder
3818,similarity,5,1,0,5,4,2,3,4,2,4,The Pure Creator
3819,similarity,1,1,4,3,4,1,4,4,4,0,The Spontaneous Socialite
3820,similarity,5,0,4,2,1,2,4,3,1,2,The Quiet Observer
3821,similarity,3,0,5,1,5,4,5,2,5,5,The Aesthetic Rover
3822,similarity,5,5,3,5,3,5,0,1,0,1,The Grounded Loyalist
3823,similarity,3,5,4,4,0,0,5,4,4,3,The Midnight Coder
3824,similarity,1,4,2,3,0,0,0,4,0,0,The Quiet Observer
3825,similarity,3,2,2,1,3,1,1,3,3,2,The Minimalist Architect
3826,similarity,1,3,3,0,1,2,2,2,5,4,The Grounded Loyalist
3827,similarity,5,1,1,4,5,4,1,1,2,5,The Spontaneous Socialite
3828,similarity,3,1,1,3,4,3,2,0,4,1,The Calm Strategist
3829,similarity,5,0,2,2,2,4,3,5,1,3,The Digital Nomad
3830,similarity,3,0,0,0,5,0,2,5,5,5,The Free Spirit
3831,similarity,1,5,1,5,3,1,4,2,1,2,The Spontaneous Socialite
3832,similarity,3,5,5,4,2,0,5,1,4,4,The Pure Creator
3833,similarity,1,4,5,2,0,2,4,0,0,0,The Digital Nomad
3834,similarity,4,4,0,1,4,3,5,5,3,3,The Midnight Coder
3835,similarity,2,3,4,5,1,4,0,4,5,5,The Quiet Observer
3836,similarity,4,3,5,4,1,5,1,4,2,5,The Minimalist Architect
3837,similarity,2,2,3,3,4,5,0,3,4,2,The Grounded Loyalist
3838,similarity,0,2,3,1,2,0,1,2,2,4,The Midnight Coder
3839,similarity,2,1,4,0,0,1,2,5,5,0,The Direct Idealist
3840,similarity,0,5,2,4,3,3,1,4,1,3,The Minimalist Architect
3841,similarity,4,5,2,3,3,2,3,4,4,5,The Free Spirit
3842,similarity,2,4,1,2,0,3,4,3,0,1,The Spontaneous Socialite
3843,similarity,4,4,1,2,4,5,3,2,4,4,The Pure Creator
3844,similarity,2,3,2,1,2,0,4,1,5,0,The Digital Nomad
3845,similarity,0,3,0,0,1,1,5,0,3,0,The Free Spirit
3846,similarity,2,2,0,4,5,1,0,3,0,2,The Aesthetic Rover
3847,similarity,0,2,1,3,2,2,5,3,2,5,The Pure Creator
3848,similarity,4,1,5,1,0,3,0,2,5,1,The Minimalist Architect
3849,similarity,0,1,0,0,5,4,1,1,1,3,The Quiet Observer
3850,similarity,4,0,4,5,3,4,0,0,5,0,The Focused Builder
3851,similarity,2,0,4,3,1,5,1,5,0,2,The Direct Idealist
3852,similarity,0,5,5,2,4,0,3,5,4,4,The Minimalist Architect
3853,similarity,2,5,3,1,4,2,2,4,5,1,The Calm Strategist
3854,similarity,0,3,3,5,1,3,3,1,3,1,The Focused Builder
3855,similarity,4,4,2,4,5,2,4,0,0,3,The Pure Creator
3856,similarity,0,2,2,2,3,4,5,5,2,0,The Spontaneous Socialite
3857,similarity,4,1,3,1,0,5,4,4,0,2,The Quiet Observer
3858,similarity,2,1,1,0,0,0,5,4,1,4,The Aesthetic Rover
3859,similarity,0,0,1,4,3,0,0,3,5,1,The Pure Creator
3860,similarity,2,0,2,3,1,1,5,2,0,3,The Midnight Coder
3861,similarity,0,5,0,2,5,2,0,1,4,5,The Quiet Observer
3862,similarity,4,5,1,0,4,4,1,4,1,5,The Focused Builder
3863,similarity,0,4,5,5,2,3,1,3,3,2,The Grounded Loyalist
3864,similarity,4,4,5,3,5,4,2,3,1,4,The Spontaneous Socialite
3865,similarity,2,3,0,2,3,5,3,2,2,0,The Calm Strategist
3866,similarity,0,3,4,1,3,1,2,1,0,3,The Focused Builder
3867,similarity,2,1,5,5,0,2,3,0,1,5,The Free Spirit
3868,similarity,0,2,3,0,4,1,4,5,5,1,The Spontaneous Socialite
3869,similarity,4,0,3,4,1,3,5,5,0,4,The Quiet Observer
3870,similarity,0,1,4,3,1,4,4,2,4,0,The Digital Nomad
3871,similarity,4,5,2,2,4,5,5,1,2,0,The Grounded Loyalist
3872,similarity,2,0,2,0,2,5,0,0,3,3,The Midnight Coder
3873,similarity,4,4,3,5,0,0,5,5,1,5,The Direct Idealist
3874,similarity,2,3,1,4,3,1,1,4,2,1,The Minimalist Architect
3875,similarity,0,3,2,2,3,3,2,4,0,4,The Grounded Loyalist
3876,similarity,4,2,0,1,0,4,1,3,1,0,The Spontaneous Socialite
3877,similarity,0,2,0,5,4,3,2,2,5,2,The Direct Idealist
3878,similarity,4,1,1,4,2,4,3,5,1,4,The Digital Nomad
3879,similarity,2,1,5,3,1,0,4,4,4,1,The Free Spirit
3880,similarity,4,5,0,1,5,1,3,4,2,1,The Aesthetic Rover
3881,similarity,2,0,4,0,2,0,4,3,3,3,The Pure Creator
3882,similarity,0,4,4,5,0,2,5,2,1,0,The Digital Nomad
3883,similarity,4,5,5,3,0,3,4,1,2,2,The Grounded Loyalist
3884,similarity,0,3,3,2,3,4,5,0,0,4,The Aesthetic Rover
3885,similarity,4,4,3,0,1,4,1,5,2,1,The Direct Idealist
3886,similarity,2,2,2,5,4,5,0,3,5,3,The Minimalist Architect
3887,similarity,4,3,2,4,2,0,1,2,3,5,The Calm Strategist
3888,similarity,2,1,3,2,1,2,2,1,4,2,The Focused Builder
3889,similarity,0,0,1,1,5,3,3,0,2,2,The Direct Idealist
3890,similarity,4,0,1,0,3,2,2,5,4,4,The Digital Nomad
3891,similarity,0,5,2,4,0,4,3,4,1,0,The Calm Strategist
3892,similarity,4,5,0,3,0,5,4,4,3,3,The Aesthetic Rover
3893,similarity,2,3,1,1,3,0,3,3,0,5,The Pure Creator
3894,similarity,4,4,5,2,1,5,4,0,2,1,The Midnight Coder
3895,similarity,2,2,5,1,5,1,0,5,5,4,The Quiet Observer
3896,similarity,0,3,0,5,4,2,5,4,3,0,The Aesthetic Rover
3897,similarity,2,1,4,4,2,3,0,4,5,2,The Grounded Loyalist
3898,similarity,0,2,5,2,5,5,1,3,2,3,The Midnight Coder
3899,similarity,4,0,3,1,3,4,2,2,4,5,The Calm Strategist
3900,similarity,2,1,3,0,3,5,1,1,1,1,The Focused Builder
3901,similarity,4,5,4,4,0,1,2,4,3,4,The Free Spirit
3902,similarity,2,0,2,3,4,2,3,3,0,0,The Spontaneous Socialite
3903,similarity,0,4,2,2,1,1,2,3,4,2,The Calm Strategist
3904,similarity,2,5,3,0,5,3,3,2,0,5,The Digital Nomad
3905,similarity,0,3,1,5,5,4,4,1,3,1,The Free Spirit
3906,similarity,4,1,2,3,2,5,4,0,5,1,The Midnight Coder
3907,similarity,2,2,0,2,0,4,5,5,2,3,The Quiet Observer
3908,similarity,4,0,0,1,3,0,0,5,4,0,The Minimalist Architect
3909,similarity,2,1,1,5,3,1,1,2,1,2,The Grounded Loyalist
3910,similarity,0,5,5,4,0,2,0,1,3,4,The Midnight Coder
3911,similarity,2,0,0,3,4,4,1,0,1,1,The Direct Idealist
3912,similarity,0,4,4,1,2,3,2,5,4,3,The Minimalist Architect
3913,similarity,4,5,4,0,1,4,1,4,0,5,The Free Spirit
3914,similarity,2,3,5,4,5,0,2,4,3,2,The Spontaneous Socialite
3915,similarity,4,4,3,3,2,1,3,3,5,2,The Pure Creator
3916,similarity,2,2,3,2,0,0,2,2,2,4,The Digital Nomad
3917,similarity,0,3,2,0,0,2,4,5,4,1,The Free Spirit
3918,similarity,2,1,2,5,3,3,5,4,2,3,The Aesthetic Rover
3919,similarity,0,1,3,0,1,4,0,4,3,5,The Pure Creator
3920,similarity,4,0,1,4,4,0,5,3,1,2,The Minimalist Architect
3921,similarity,0,0,1,3,2,5,0,2,4,4,The Quiet Observer
3922,similarity,4,5,2,1,2,0,1,1,0,0,The Focused Builder
3923,similarity,2,3,0,0,5,1,0,0,3,2,The Direct Idealist
3924,similarity,0,4,1,5,3,3,1,5,5,3,The Minimalist Architect
3925,similarity,2,2,5,3,0,2,2,3,3,5,The Calm Strategist
3926,similarity,0,3,5,2,0,3,1,2,4,1,The Focused Builder
3927,similarity,4,1,0,0,3,5,2,1,2,4,The Pure Creator
3928,similarity,0,2,4,5,1,0,4,0,5,0,The Spontaneous Socialite
3929,similarity,4,0,4,4,5,1,5,5,1,2,The Quiet Observer
3930,similarity,2,0,3,2,4,1,4,4,5,5,The Aesthetic Rover
3931,similarity,0,5,3,1,2,2,5,4,0,1,The Pure Creator
3932,similarity,2,5,4,0,5,3,0,3,4,3,The Midnight Coder
3933,similarity,0,4,2,4,3,5,5,0,5,4,The Quiet Observer
3934,similarity,4,4,2,3,1,4,0,5,3,0,The Focused Builder
3935,similarity,0,3,3,1,0,5,1,4,4,2,The Grounded Loyalist
3936,similarity,4,3,1,0,4,0,0,4,2,5,The Spontaneous Socialite
3937,similarity,2,2,2,5,1,2,1,3,0,1,The Calm Strategist
3938,similarity,0,0,0,3,5,1,2,2,1,3,The Focused Builder
3939,similarity,2,1,0,2,5,2,4,1,5,5,The Free Spirit
3940,similarity,0,5,1,1,2,4,3,0,0,2,The Spontaneous Socialite
3941,similarity,4,0,5,5,0,5,4,3,4,4,The Quiet Observer
3942,similarity,0,4,0,4,3,0,5,3,5,4,The Digital Nomad
3943,similarity,4,4,4,2,3,0,4,2,3,1,The Grounded Loyalist
3944,similarity,2,3,4,3,1,1,5,1,5,3,The Midnight Coder
3945,similarity,4,3,5,2,4,2,0,0,2,5,The Direct Idealist
3946,similarity,2,2,3,0,2,4,5,5,0,2,The Minimalist Architect
3947,similarity,0,2,3,5,1,3,0,5,1,4,The Grounded Loyalist
3948,similarity,4,1,2,4,5,4,1,4,5,0,The Spontaneous Socialite
3949,similarity,5,1,2,2,2,0,2,1,0,3,The Digital Nomad
3950,similarity,3,0,3,1,0,1,2,0,4,3,The Free Spirit
3951,similarity,1,0,1,5,4,2,3,5,0,5,The Spontaneous Socialite
3952,similarity,3,5,1,4,3,1,4,4,3,2,The Pure Creator
3953,similarity,1,5,2,3,1,3,3,4,1,4,The Digital Nomad
3954,similarity,5,4,0,1,4,4,4,3,2,0,The Grounded Loyalist
3955,similarity,3,2,1,0,2,5,5,2,0,2,The Midnight Coder
3956,similarity,5,2,5,4,2,5,4,5,1,5,The Direct Idealist
3957,similarity,3,1,5,3,5,0,5,4,5,1,The Minimalist Architect
3958,similarity,1,1,0,2,3,1,0,3,1,3,The Grounded Loyalist
3959,similarity,3,0,4,0,0,3,1,3,4,4,The Focused Builder
3960,similarity,1,0,4,5,0,2,1,2,0,0,The Direct Idealist
3961,similarity,5,5,3,4,4,3,2,1,3,2,The Digital Nomad
3962,similarity,3,5,3,2,1,5,3,0,1,5,The Free Spirit
3963,similarity,5,4,4,1,5,0,2,5,2,1,The Aesthetic Rover
3964,similarity,3,4,2,5,4,1,3,3,0,3,The Pure Creator
3965,similarity,1,3,2,4,2,0,4,2,2,0,The Digital Nomad
3966,similarity,3,3,3,3,5,2,3,1,5,2,The Quiet Observer
3967,similarity,1,2,1,1,3,3,4,0,1,4,The Aesthetic Rover
3968,similarity,5,2,2,0,1,4,5,5,4,5,The Direct Idealist
3969,similarity,1,0,0,5,0,4,0,4,2,1,The Midnight Coder
3970,similarity,5,1,0,5,4,5,5,4,4,3,The Calm Strategist
3971,similarity,3,5,1,4,1,0,1,3,1,5,The Focused Builder
3972,similarity,1,4,5,2,5,2,2,0,3,2,The Direct Idealist
3973,similarity,3,4,0,1,5,3,1,5,0,4,The Spontaneous Socialite
3974,similarity,1,3,4,0,2,2,2,4,2,0,The Calm Strategist
3975,similarity,5,3,4,4,0,4,3,4,5,3,The Aesthetic Rover
3976,similarity,1,2,5,3,3,5,2,3,1,5,The Free Spirit
3977,similarity,5,2,3,2,3,0,3,2,5,5,The Midnight Coder
3978,similarity,3,1,3,0,1,0,4,1,2,2,The Quiet Observer
3979,similarity,1,1,4,5,4,1,3,0,4,4,The Aesthetic Rover
3980,similarity,3,0,2,3,2,2,4,3,1,0,The Grounded Loyalist
3981,similarity,1,0,3,2,5,3,5,3,3,3,The Midnight Coder
3982,similarity,5,4,1,1,5,3,1,2,0,5,The Calm Strategist
3983,similarity,1,5,1,5,2,4,0,1,2,1,The Minimalist Architect
3984,similarity,5,3,2,4,0,5,1,0,0,4,The Free Spirit
3985,similarity,3,4,0,2,4,1,2,5,1,4,The Spontaneous Socialite
3986,similarity,1,2,1,1,3,2,1,4,5,0,The Calm Strategist
3987,similarity,3,3,5,0,1,1,2,4,2,2,The Digital Nomad
3988,similarity,1,1,5,4,4,3,3,1,4,5,The Free Spirit
3989,similarity,5,0,0,3,2,4,2,0,1,1,The Midnight Coder
3990,similarity,1,0,4,2,2,5,3,5,3,3,The Pure Creator
3991,similarity,5,5,4,0,5,5,4,4,1,0,The Minimalist Architect
3992,similarity,3,5,3,5,3,0,5,4,2,2,The Grounded Loyalist
3993,similarity,5,4,3,3,0,1,5,3,0,4,The Focused Builder
3994,similarity,3,4,4,2,0,2,0,2,3,5,The Direct Idealist
3995,similarity,1,2,2,3,4,4,1,1,5,1,The Minimalist Architect
3996,similarity,5,3,2,1,1,3,0,4,2,3,The Free Spirit
3997,similarity,1,1,3,0,5,4,1,3,4,0,The Focused Builder
3998,similarity,5,2,1,5,2,0,2,3,2,2,The Pure Creator
3999,similarity,3,0,2,3,2,1,1,2,3,4,The Digital Nomad
4000,similarity,5,1,0,2,0,0,2,1,1,1,The Quiet Observer
4001,similarity,3,5,0,0,3,2,3,0,2,3,The Aesthetic Rover
4002,similarity,1,0,1,5,1,3,4,5,0,5,The Pure Creator
4003,similarity,5,4,5,4,0,4,3,5,3,5,The Minimalist Architect
4004,similarity,1,3,5,2,4,4,5,2,5,2,The Quiet Observer
4005,similarity,5,3,4,1,1,5,0,1,3,4,The Focused Builder
4006,similarity,3,2,4,0,5,0,5,0,4,0,The Direct Idealist
4007,similarity,5,2,5,4,5,2,0,5,2,3,The Spontaneous Socialite
4008,similarity,3,0,3,3,2,3,1,4,3,5,The Calm Strategist
4009,similarity,1,1,3,1,0,2,0,4,1,1,The Focused Builder
4010,similarity,5,5,4,0,3,3,1,3,4,4,The Pure Creator
4011,similarity,1,0,2,5,3,5,2,0,0,0,The Spontaneous Socialite
4012,similarity,5,4,3,3,1,0,3,5,4,0,The Quiet Observer
4013,similarity,3,5,1,2,4,5,2,4,5,3,The Aesthetic Rover
4014,similarity,5,3,1,0,2,1,4,4,3,5,The Grounded Loyalist
4015,similarity,3,4,2,5,5,2,5,3,4,1,The Midnight Coder
4016,similarity,1,2,0,4,5,3,4,2,2,4,The Quiet Observer
4017,similarity,3,3,1,2,3,5,5,1,4,0,The Minimalist Architect
4018,similarity,1,1,5,1,0,4,0,0,1,2,The Grounded Loyalist
4019,similarity,5,2,5,0,4,5,5,3,5,4,The Spontaneous Socialite
4020,similarity,3,0,0,0,3,1,0,3,0,1,The Calm Strategist
4021,similarity,5,4,4,5,1,2,1,2,4,1,The Digital Nomad
4022,similarity,3,5,4,3,4,1,2,1,5,3,The Free Spirit
4023,similarity,1,3,3,2,2,2,1,0,3,0,The Spontaneous Socialite
4024,similarity,3,4,3,1,2,4,2,5,5,2,The Pure Creator
4025,similarity,1,2,4,5,5,5,4,4,2,4,The Digital Nomad
4026,similarity,5,3,2,4,3,0,3,4,4,1,The Grounded Loyalist
4027,similarity,3,1,2,3,0,0,4,1,1,3,The Midnight Coder
4028,similarity,5,2,3,1,4,1,5,0,5,5,The Direct Idealist
4029,similarity,3,0,1,0,4,2,4,5,0,0,The Minimalist Architect
4030,similarity,1,1,2,4,1,4,5,4,4,2,The Grounded Loyalist
4031,similarity,3,5,0,3,5,3,0,4,0,4,The Focused Builder
4032,similarity,1,0,0,2,2,4,1,3,3,1,The Direct Idealist
4033,similarity,5,4,1,0,2,0,0,2,5,3,The Digital Nomad
4034,similarity,3,4,5,5,0,1,1,1,2,5,The Free Spirit
4035,similarity,5,3,5,3,3,0,2,4,0,1,The Aesthetic Rover
4036,similarity,3,3,4,2,1,2,2,3,1,4,The Pure Creator
4037,similarity,1,2,4,1,0,3,3,3,5,0,The Digital Nomad
4038,similarity,3,0,5,5,4,4,4,2,1,0,The Quiet Observer
4039,similarity,1,1,3,4,2,5,3,1,4,3,The Aesthetic Rover
4040,similarity,5,5,3,3,5,5,4,0,0,5,The Direct Idealist
4041,similarity,1,0,4,1,5,0,5,5,3,1,The Midnight Coder
4042,similarity,5,4,2,0,2,1,0,5,5,4,The Calm Strategist
4043,similarity,3,5,3,4,0,3,5,2,2,0,The Focused Builder
4044,similarity,1,3,1,3,3,2,0,1,0,2,The Direct Idealist
4045,similarity,3,4,1,2,1,3,1,0,2,5,The Spontaneous Socialite
4046,similarity,1,2,2,2,1,5,0,5,5,1,The Calm Strategist
4047,similarity,5,2,0,1,4,0,2,4,1,1,The Aesthetic Rover
4048,similarity,1,1,1,0,2,1,3,4,4,4,The Free Spirit
4049,similarity,5,1,5,4,5,1,2,3,0,0,The Midnight Coder
4050,similarity,3,0,5,3,5,2,3,2,3,2,The Quiet Observer
4051,similarity,1,0,0,1,3,3,4,5,1,4,The Aesthetic Rover
4052,similarity,3,5,4,0,0,5,5,4,3,1,The Grounded Loyalist
4053,similarity,1,3,4,5,4,4,4,3,0,3,The Midnight Coder
4054,similarity,5,4,5,3,3,5,5,3,2,5,The Calm Strategist
4055,similarity,1,2,3,2,1,0,0,2,5,2,The Minimalist Architect
4056,similarity,5,3,4,1,5,2,5,1,1,2,The Free Spirit
4057,similarity,3,1,2,5,2,1,0,0,5,4,The Spontaneous Socialite
4058,similarity,1,2,2,4,2,2,2,5,0,1,The Calm Strategist
4059,similarity,3,0,3,2,5,4,1,3,4,3,The Digital Nomad
4060,similarity,1,0,1,1,3,5,2,2,1,5,The Free Spirit
4061,similarity,5,5,2,0,0,0,3,1,3,2,The Midnight Coder
4062,similarity,1,5,0,4,4,0,4,0,0,4,The Pure Creator
4063,similarity,4,4,0,3,4,1,3,5,2,0,The Grounded Loyalist
4064,similarity,2,4,1,1,1,2,4,4,0,2,The Midnight Coder
4065,similarity,4,3,5,0,5,4,5,4,1,3,The Direct Idealist
4066,similarity,2,3,5,5,2,3,4,1,5,5,The Minimalist Architect
4067,similarity,0,2,4,3,2,4,5,0,0,1,The Grounded Loyalist
4068,similarity,4,2,4,2,0,5,0,5,4,4,The Spontaneous Socialite
4069,similarity,0,1,5,1,3,1,0,4,1,0,The Direct Idealist
4070,similarity,4,5,3,5,1,2,1,4,3,2,The Digital Nomad
4071,similarity,2,0,3,0,0,1,2,3,1,5,The Free Spirit
4072,similarity,4,4,4,4,4,3,3,2,2,1,The Aesthetic Rover
4073,similarity,2,4,2,3,2,4,2,1,0,1,The Pure Creator
4074,similarity,0,3,3,2,5,5,3,4,1,4,The Digital Nomad
4075,similarity,4,3,1,0,3,5,4,3,5,0,The Grounded Loyalist
4076,similarity,0,2,1,5,2,0,3,3,2,2,The Aesthetic Rover
4077,similarity,4,2,2,4,0,1,4,2,4,5,The Direct Idealist
4078,similarity,2,1,0,2,4,3,5,1,2,1,The Minimalist Architect
4079,similarity,4,1,0,1,1,2,5,0,3,3,The Calm Strategist
4080,similarity,2,0,5,5,1,3,0,5,1,5,The Focused Builder
4081,similarity,0,0,5,4,4,5,1,4,2,2,The Direct Idealist
4082,similarity,4,5,0,3,2,0,2,2,0,2,The Digital Nomad
4083,similarity,0,5,4,1,5,1,1,1,1,4,The Calm Strategist
4084,similarity,4,3,4,0,5,0,2,0,5,1,The Aesthetic Rover
4085,similarity,2,4,5,5,3,2,3,5,3,3,The Pure Creator
4086,similarity,4,2,3,3,0,3,2,4,4,5,The Midnight Coder
4087,similarity,2,1,4,2,4,4,3,4,2,2,The Quiet Observer
4088,similarity,0,1,2,0,3,4,4,3,3,4,The Aesthetic Rover
4089,similarity,2,0,2,5,1,5,3,2,1,0,The Grounded Loyalist
4090,similarity,0,0,3,4,5,0,5,5,2,3,The Midnight Coder
4091,similarity,4,5,1,2,2,2,0,4,0,3,The Calm Strategist
4092,similarity,2,5,2,1,0,3,5,3,2,5,The Focused Builder
4093,similarity,4,4,0,5,5,2,0,3,5,2,The Free Spirit
4094,similarity,2,4,0,4,3,4,1,2,3,4,The Spontaneous Socialite
4095,similarity,0,3,1,3,1,5,2,1,4,0,The Calm Strategist
4096,similarity,2,3,5,1,4,0,1,0,2,2,The Digital Nomad
4097,similarity,0,1,5,2,4,5,2,5,3,5,The Free Spirit
4098,similarity,4,2,4,1,1,1,3,3,1,1,The Midnight Coder
4099,similarity,2,0,4,5,5,2,2,2,3,3,The Quiet Observer
4100,similarity,4,1,5,4,2,3,3,1,0,4,The Minimalist Architect
4101,similarity,2,5,3,2,2,5,5,0,4,0,The Grounded Loyalist
4102,similarity,0,4,3,1,0,4,4,5,5,2,The Midnight Coder
4103,similarity,2,4,4,0,3,5,5,4,3,5,The Direct Idealist
4104,similarity,0,3,2,4,1,1,0,4,5,1,The Minimalist Architect
4105,similarity,4,3,3,3,0,2,1,3,2,3,The Free Spirit
4106,similarity,2,2,1,2,4,1,0,0,4,0,The Spontaneous Socialite
4107,similarity,4,2,1,0,2,3,1,5,1,2,The Pure Creator
4108,similarity,2,1,2,5,5,4,2,4,3,4,The Digital Nomad
4109,similarity,0,1,0,3,3,5,1,4,0,5,The Free Spirit
4110,similarity,2,5,0,2,2,5,2,3,4,1,The Aesthetic Rover
4111,similarity,0,0,5,1,0,0,3,2,0,3,The Pure Creator
4112,similarity,4,4,5,5,4,1,3,1,3,5,The Minimalist Architect
4113,similarity,0,5,0,4,1,2,4,0,5,2,The Quiet Observer
4114,similarity,4,3,4,3,1,4,5,3,2,4,The Focused Builder
4115,similarity,2,4,4,1,4,3,0,3,4,0,The Direct Idealist
4116,similarity,0,2,5,0,2,4,5,2,1,3,The Minimalist Architect
4117,similarity,2,3,3,4,0,0,0,1,5,3,The Calm Strategist
4118,similarity,0,1,4,3,5,1,1,0,1,5,The Focused Builder
4119,similarity,4,0,2,2,3,0,0,5,4,2,The Pure Creator
4120,similarity,0,0,2,0,0,2,1,4,0,4,The Spontaneous Socialite
4121,similarity,4,5,3,5,4,3,2,2,3,0,The Quiet Observer
4122,similarity,2,5,1,5,1,4,1,1,5,3,The Aesthetic Rover
4123,similarity,0,3,2,4,1,0,3,0,2,5,The Pure Creator
4124,similarity,2,4,0,3,5,5,4,5,4,1,The Midnight Coder
4125,similarity,0,2,0,1,2,0,5,4,2,4,The Quiet Observer
4126,similarity,4,3,1,0,0,1,4,4,5,4,The Focused Builder
4127,similarity,0,1,5,5,5,3,5,3,1,0,The Grounded Loyalist
4128,similarity,4,2,5,3,3,2,0,2,4,2,The Spontaneous Socialite
4129,similarity,2,0,4,2,1,3,5,5,0,5,The Calm Strategist
4130,similarity,0,1,4,0,4,5,0,4,3,1,The Focused Builder
4131,similarity,2,5,5,5,4,0,1,3,5,3,The Free Spirit
4132,similarity,0,0,3,4,1,5,0,3,3,0,The Spontaneous Socialite
4133,similarity,4,4,3,2,5,1,2,2,4,2,The Quiet Observer
4134,similarity,0,5,4,1,3,2,3,1,2,4,The Digital Nomad
4135,similarity,4,3,2,0,2,3,4,0,5,5,The Grounded Loyalist
4136,similarity,2,1,3,4,0,5,3,5,1,1,The Midnight Coder
4137,similarity,4,2,1,3,3,4,4,3,4,3,The Direct Idealist
4138,similarity,2,0,1,1,1,5,5,2,0,0,The Minimalist Architect
4139,similarity,0,1,2,0,4,1,4,1,4,2,The Grounded Loyalist
4140,similarity,4,5,0,5,4,2,5,0,5,4,The Spontaneous Socialite
4141,similarity,0,0,0,3,2,1,0,5,3,1,The Direct Idealist
4142,similarity,4,4,5,2,5,2,5,4,0,3,The Digital Nomad
4143,similarity,2,5,5,1,3,4,0,4,2,5,The Free Spirit
4144,similarity,4,3,0,5,2,5,2,3,0,5,The Aesthetic Rover
4145,similarity,2,4,4,4,0,0,3,0,1,2,The Pure Creator
4146,similarity,0,2,4,2,4,0,2,5,5,4,The Digital Nomad
4147,similarity,4,3,5,3,1,1,3,4,0,0,The Grounded Loyalist
4148,similarity,0,1,3,2,1,2,4,3,4,3,The Aesthetic Rover
4149,similarity,4,1,4,0,4,4,3,3,5,5,The Direct Idealist
4150,similarity,2,0,2,5,2,3,4,2,3,1,The Minimalist Architect
4151,similarity,4,0,2,3,0,4,5,1,1,4,The Calm Strategist
4152,similarity,2,5,3,2,5,0,4,0,2,4,The Focused Builder
4153,similarity,0,3,1,1,3,1,5,3,0,0,The Direct Idealist
4154,similarity,4,4,1,5,0,0,0,3,1,3,The Digital Nomad
4155,similarity,0,2,0,4,4,1,2,2,5,5,The Calm Strategist
4156,similarity,4,3,0,3,2,3,1,1,0,1,The Aesthetic Rover
4157,similarity,2,1,1,1,1,4,2,0,4,4,The Pure Creator
4158,similarity,4,2,5,0,5,5,3,5,2,0,The Midnight Coder
4159,similarity,2,0,5,4,2,5,2,4,3,2,The Quiet Observer
4160,similarity,0,1,0,3,0,0,3,4,1,4,The Aesthetic Rover
4161,similarity,4,5,4,2,5,1,4,1,2,5,The Direct Idealist
4162,similarity,0,5,5,0,3,3,3,0,0,1,The Midnight Coder
4163,similarity,4,4,3,5,1,2,4,5,1,3,The Calm Strategist
4164,similarity,2,4,3,4,4,3,5,4,5,0,The Focused Builder
4165,similarity,4,3,4,2,4,5,0,4,1,2,The Free Spirit
4166,similarity,2,3,2,1,1,0,0,3,4,4,The Spontaneous Socialite
4167,similarity,0,2,3,5,5,1,1,2,2,1,The Calm Strategist
4168,similarity,2,0,1,4,3,1,2,1,3,3,The Digital Nomad
4169,similarity,0,1,1,3,0,2,1,4,1,5,The Free Spirit
4170,similarity,4,5,2,1,0,3,2,3,2,0,The Midnight Coder
4171,similarity,2,0,0,0,3,4,3,3,0,2,The Quiet Observer
4172,similarity,4,4,0,5,1,4,2,2,2,4,The Minimalist Architect
4173,similarity,2,5,5,5,5,5,3,1,5,1,The Grounded Loyalist
4174,similarity,0,3,5,4,4,0,4,0,1,3,The Midnight Coder
4175,similarity,2,3,0,2,2,2,5,5,4,5,The Direct Idealist
4176,similarity,0,2,4,1,5,3,4,4,2,1,The Minimalist Architect
4177,similarity,4,2,4,0,3,2,0,2,3,4,The Free Spirit
4178,similarity,1,1,5,4,2,4,1,1,1,0,The Calm Strategist
4179,similarity,3,1,3,3,0,5,0,0,3,0,The Digital Nomad
4180,similarity,1,0,4,1,4,0,1,5,0,3,The Free Spirit
4181,similarity,5,0,2,0,1,0,2,4,2,5,The Midnight Coder
4182,similarity,1,5,2,5,1,1,1,4,5,1,The Pure Creator
4183,similarity,5,5,3,3,4,2,2,3,3,4,The Minimalist Architect
4184,similarity,3,4,1,2,2,3,3,0,4,0,The Grounded Loyalist
4185,similarity,1,2,1,1,0,3,4,5,2,2,The Midnight Coder
4186,similarity,3,3,0,5,3,4,3,4,4,5,The Direct Idealist
4187,similarity,1,1,0,4,3,5,4,3,1,1,The Minimalist Architect
4188,similarity,5,1,1,2,0,1,0,3,3,1,The Free Spirit
4189,similarity,1,0,5,1,4,2,5,2,0,4,The Focused Builder
4190,similarity,5,0,5,0,2,1,0,1,2,0,The Pure Creator
4191,similarity,3,5,0,4,1,3,1,0,0,2,The Digital Nomad
4192,similarity,5,5,4,3,5,4,0,3,3,4,The Quiet Observer
4193,similarity,3,4,5,2,2,5,1,3,5,1,The Aesthetic Rover
4194,similarity,1,4,3,0,0,5,2,2,2,3,The Pure Creator
4195,similarity,5,3,3,5,0,0,3,1,4,5,The Minimalist Architect
4196,similarity,1,3,4,3,3,1,2,0,1,0,The Quiet Observer
4197,similarity,5,2,2,2,1,3,3,5,3,2,The Focused Builder
4198,similarity,3,2,3,3,4,4,5,4,1,4,The Direct Idealist
4199,similarity,5,1,1,1,4,3,4,4,4,1,The Spontaneous Socialite
4200,similarity,3,1,1,0,1,4,5,1,0,3,The Calm Strategist
4201,similarity,1,5,2,5,5,0,0,0,3,5,The Focused Builder
4202,similarity,5,4,0,3,3,1,5,5,5,2,The Pure Creator
4203,similarity,1,4,0,2,0,0,0,4,2,4,The Spontaneous Socialite
4204,similarity,5,3,5,0,0,2,1,4,4,0,The Quiet Observer
4205,similarity,3,3,5,5,3,3,2,3,2,1,The Aesthetic Rover
4206,similarity,5,2,0,4,1,4,1,2,3,3,The Grounded Loyalist
4207,similarity,3,2,4,2,5,4,2,1,1,5,The Midnight Coder
4208,similarity,1,1,4,1,4,5,3,4,4,1,The Quiet Observer
4209,similarity,5,1,5,5,2,0,3,3,0,4,The Focused Builder
4210,similarity,1,0,3,4,5,2,4,3,3,0,The Grounded Loyalist
4211,similarity,5,0,4,3,3,3,5,2,5,2,The Spontaneous Socialite
4212,similarity,3,5,2,1,3,2,4,1,3,5,The Calm Strategist
4213,similarity,5,5,2,0,0,3,5,0,4,1,The Digital Nomad
4214,similarity,3,3,3,5,4,5,0,5,2,1,The Free Spirit
4215,similarity,1,4,1,3,1,0,5,4,3,4,The Spontaneous Socialite
4216,similarity,3,2,1,2,5,5,0,2,1,0,The Pure Creator
4217,similarity,1,1,0,0,4,1,1,1,4,2,The Digital Nomad
4218,similarity,5,1,0,5,2,2,2,0,0,5,The Grounded Loyalist
4219,similarity,3,0,1,4,0,3,1,5,4,1,The Midnight Coder
4220,similarity,5,0,5,2,3,5,3,4,5,3,The Direct Idealist
4221,similarity,3,5,5,1,3,4,4,4,3,5,The Minimalist Architect
4222,similarity,1,5,0,0,0,5,3,3,4,2,The Grounded Loyalist
4223,similarity,3,4,4,0,4,1,4,2,2,2,The Focused Builder
4224,similarity,1,4,5,5,2,2,5,5,5,4,The Direct Idealist
4225,similarity,5,3,3,3,1,1,4,4,1,1,The Digital Nomad
4226,similarity,3,3,3,2,5,3,5,3,5,3,The Free Spirit
4227,similarity,5,1,4,1,2,4,0,3,0,5,The Aesthetic Rover
4228,similarity,3,2,2,5,0,5,1,2,4,2,The Pure Creator
4229,similarity,1,0,2,4,0,4,0,1,5,4,The Digital Nomad
4230,similarity,3,1,1,3,3,0,1,0,3,0,The Quiet Observer
4231,similarity,1,5,1,1,1,1,3,5,5,3,The Aesthetic Rover
4232,similarity,5,0,2,0,4,2,2,3,2,3,The Direct Idealist
4233,similarity,3,4,0,4,2,4,3,2,0,5,The Minimalist Architect
4234,similarity,5,3,0,3,1,3,4,1,1,2,The Calm Strategist
4235,similarity,3,3,1,2,5,4,3,0,5,4,The Focused Builder
4236,similarity,1,2,5,0,3,0,4,5,0,0,The Direct Idealist
4237,similarity,3,2,0,5,0,1,5,4,4,2,The Spontaneous Socialite
4238,similarity,1,0,4,3,0,0,0,4,0,5,The Calm Strategist
4239,similarity,5,1,4,2,3,2,5,1,3,1,The Aesthetic Rover
4240,similarity,1,5,5,1,1,3,0,0,5,1,The Free Spirit
4241,similarity,5,0,3,5,5,4,1,5,2,4,The Midnight Coder
4242,similarity,3,4,4,4,4,5,1,4,0,0,The Quiet Observer
4243,similarity,1,5,2,3,2,5,2,3,1,2,The Aesthetic Rover
4244,similarity,3,3,2,1,5,0,3,3,5,5,The Grounded Loyalist
4245,similarity,1,4,3,0,3,1,2,2,1,1,The Midnight Coder
4246,similarity,5,2,1,4,3,3,3,1,4,3,The Calm Strategist
4247,similarity,1,3,1,3,0,2,4,4,0,0,The Minimalist Architect
4248,similarity,5,1,0,2,4,3,5,3,3,2,The Free Spirit
4249,similarity,3,2,0,2,1,5,4,3,1,2,The Spontaneous Socialite
4250,similarity,1,0,1,1,5,0,5,2,2,5,The Calm Strategist
4251,similarity,3,4,5,0,5,5,0,1,0,1,The Digital Nomad
4252,similarity,1,5,5,4,2,1,0,0,2,3,The Free Spirit
4253,similarity,5,3,0,3,0,2,1,5,5,5,The Midnight Coder
4254,similarity,1,4,4,1,3,3,2,4,1,2,The Pure Creator
4255,similarity,5,2,5,0,3,5,1,2,4,4,The Minimalist Architect
4256,similarity,3,3,3,5,0,4,2,1,0,0,The Grounded Loyalist
4257,similarity,1,1,3,3,4,5,3,0,3,3,The Midnight Coder
4258,similarity,3,2,4,2,2,0,4,5,1,3,The Direct Idealist
4259,similarity,1,0,2,1,1,2,3,4,3,5,The Minimalist Architect
4260,similarity,5,1,2,5,5,1,4,4,0,2,The Free Spirit
4261,similarity,1,5,1,4,2,2,5,3,2,4,The Focused Builder
4262,similarity,5,0,1,2,0,4,4,2,5,0,The Pure Creator
4263,similarity,3,4,2,1,4,5,0,5,1,3,The Digital Nomad
4264,similarity,5,4,0,0,3,0,1,4,4,5,The Quiet Observer
4265,similarity,3,3,0,4,1,0,0,3,2,1,The Aesthetic Rover
4266,similarity,1,3,1,3,4,1,1,3,4,4,The Pure Creator
4267,similarity,5,2,5,1,2,2,2,2,1,4,The Minimalist Architect
4268,similarity,1,0,0,0,2,4,3,1,3,0,The Quiet Observer
4269,similarity,5,1,4,5,5,3,2,0,0,2,The Focused Builder
4270,similarity,3,5,4,3,3,4,3,5,2,5,The Direct Idealist
4271,similarity,5,0,5,2,0,5,4,2,0,1,The Spontaneous Socialite
4272,similarity,3,4,3,1,0,1,3,2,1,3,The Calm Strategist
4273,similarity,1,5,3,5,3,2,4,1,5,0,The Focused Builder
4274,similarity,5,3,2,0,1,1,0,0,2,2,The Pure Creator
4275,similarity,1,4,2,4,5,3,5,5,4,2,The Spontaneous Socialite
4276,similarity,5,2,3,3,4,4,0,4,1,5,The Quiet Observer
4277,similarity,3,2,1,2,2,5,1,4,3,1,The Aesthetic Rover
4278,similarity,5,1,1,0,5,5,2,3,1,3,The Grounded Loyalist
4279,similarity,3,1,0,5,3,0,1,0,2,0,The Midnight Coder
4280,similarity,1,0,0,4,1,1,2,5,0,2,The Quiet Observer
4281,similarity,5,0,1,2,0,3,3,4,1,4,The Focused Builder
4282,similarity,1,5,5,1,4,2,2,3,5,1,The Grounded Loyalist
4283,similarity,5,3,5,5,1,3,3,3,2,3,The Spontaneous Socialite
4284,similarity,3,4,0,4,5,5,4,2,4,3,The Calm Strategist
4285,similarity,5,2,4,3,5,0,4,1,2,5,The Digital Nomad
4286,similarity,3,3,5,1,2,1,5,0,3,2,The Free Spirit
4287,similarity,1,1,3,0,0,0,0,3,1,4,The Spontaneous Socialite
4288,similarity,3,2,3,5,3,2,1,3,2,0,The Pure Creator
4289,similarity,1,0,4,3,3,3,0,2,0,3,The Digital Nomad
4290,similarity,5,0,2,2,1,4,1,1,3,5,The Grounded Loyalist
4291,similarity,3,5,2,0,4,4,2,0,5,1,The Midnight Coder
4292,similarity,4,5,1,5,2,5,1,5,3,4,The Minimalist Architect
4293,similarity,2,4,1,4,1,0,2,4,4,4,The Grounded Loyalist
4294,similarity,0,4,2,2,5,2,3,2,2,0,The Midnight Coder
4295,similarity,2,3,0,1,2,3,2,1,3,3,The Direct Idealist
4296,similarity,0,3,0,5,0,2,4,0,1,5,The Minimalist Architect
4297,similarity,4,2,1,4,4,4,5,5,2,1,The Free Spirit
4298,similarity,2,2,5,3,3,5,0,4,0,4,The Spontaneous Socialite
4299,similarity,4,1,0,1,1,0,5,3,4,0,The Pure Creator
4300,similarity,2,5,4,2,4,5,0,3,5,2,The Digital Nomad
4301,similarity,0,0,4,1,2,1,1,2,3,4,The Free Spirit
4302,similarity,2,4,5,5,2,2,0,5,4,5,The Aesthetic Rover
4303,similarity,0,4,3,4,5,3,1,4,2,1,The Pure Creator
4304,similarity,4,3,3,2,3,3,2,3,3,3,The Minimalist Architect
4305,similarity,2,3,2,1,0,4,1,3,1,0,The Grounded Loyalist
4306,similarity,4,2,2,0,0,5,3,2,5,2,The Focused Builder
4307,similarity,2,2,3,4,4,1,4,1,0,4,The Direct Idealist
4308,similarity,0,1,1,3,1,2,5,0,4,1,The Minimalist Architect
4309,similarity,2,1,1,2,5,1,4,5,5,3,The Calm Strategist
4310,similarity,0,0,0,0,2,3,5,2,3,5,The Focused Builder
4311,similarity,4,0,0,5,2,4,0,2,4,0,The Pure Creator
4312,similarity,0,5,1,3,5,5,5,1,2,2,The Spontaneous Socialite
4313,similarity,4,5,5,2,3,5,0,0,4,4,The Quiet Observer
4314,similarity,2,4,5,1,1,0,1,5,1,1,The Aesthetic Rover
4315,similarity,0,4,0,5,0,1,0,4,5,3,The Pure Creator
4316,similarity,2,2,4,4,4,2,1,4,0,5,The Midnight Coder
4317,similarity,0,1,5,3,1,4,3,3,4,1,The Quiet Observer
4318,similarity,4,1,3,1,5,3,4,0,0,4,The Focused Builder
4319,similarity,0,0,3,0,5,4,3,5,3,4,The Grounded Loyalist
4320,similarity,4,0,4,4,2,0,4,4,5,0,The Spontaneous Socialite
4321,similarity,2,5,2,3,0,1,5,3,2,3,The Calm Strategist
4322,similarity,0,5,2,2,3,0,4,3,4,5,The Focused Builder
4323,similarity,2,4,1,0,3,2,5,2,1,1,The Free Spirit
4324,similarity,0,4,1,5,1,3,0,1,5,4,The Spontaneous Socialite
4325,similarity,4,3,2,5,4,4,5,0,1,0,The Quiet Observer
4326,similarity,0,3,0,4,2,4,0,3,4,2,The Digital Nomad
4327,similarity,4,2,0,3,5,5,1,3,0,5,The Grounded Loyalist
4328,similarity,2,2,1,1,5,0,1,2,3,5,The Midnight Coder
4329,similarity,0,0,5,0,3,1,2,1,5,1,The Quiet Observer
4330,similarity,2,1,0,5,0,3,3,0,2,4,The Minimalist Architect
4331,similarity,0,5,4,3,4,2,4,5,0,0,The Grounded Loyalist
4332,similarity,4,4,4,2,3,3,3,4,2,2,The Spontaneous Socialite
4333,similarity,0,4,5,0,1,5,4,4,5,4,The Direct Idealist
4334,similarity,4,3,3,5,4,0,5,1,1,1,The Digital Nomad
4335,similarity,2,3,3,4,2,5,4,0,4,3,The Free Spirit
4336,similarity,4,2,2,2,2,1,5,5,0,5,The Aesthetic Rover
4337,similarity,2,2,2,1,5,2,0,4,3,0,The Pure Creator
4338,similarity,0,1,3,0,3,3,5,3,5,2,The Digital Nomad
4339,similarity,4,1,1,4,0,5,1,3,3,4,The Grounded Loyalist
4340,similarity,0,0,1,3,0,4,2,2,0,1,The Aesthetic Rover
4341,similarity,4,0,2,1,4,5,3,1,2,3,The Direct Idealist
4342,similarity,2,4,0,0,1,1,2,4,5,5,The Minimalist Architect
4343,similarity,4,5,1,5,5,2,3,3,1,2,The Calm Strategist
4344,similarity,2,3,5,3,2,1,4,3,4,4,The Focused Builder
4345,similarity,0,4,5,2,2,2,3,2,0,0,The Direct Idealist
4346,similarity,4,2,0,1,0,4,4,1,4,1,The Digital Nomad
4347,similarity,0,3,4,5,3,5,5,0,1,3,The Calm Strategist
4348,similarity,4,1,4,4,1,0,4,5,3,5,The Aesthetic Rover
4349,similarity,2,0,3,2,0,0,5,2,0,1,The Pure Creator
4350,similarity,4,0,3,3,4,1,1,2,2,4,The Midnight Coder
4351,similarity,2,5,4,2,1,2,2,1,5,0,The Quiet Observer
4352,similarity,0,5,2,0,5,4,1,0,1,2,The Aesthetic Rover
4353,similarity,4,4,2,5,5,3,2,5,5,5,The Direct Idealist
4354,similarity,0,4,1,3,2,4,3,4,0,1,The Midnight Coder
4355,similarity,4,2,1,2,0,0,2,4,4,1,The Calm Strategist
4356,similarity,2,3,2,1,3,1,3,3,1,4,The Focused Builder
4357,similarity,4,1,0,5,1,0,4,0,3,0,The Free Spirit
4358,similarity,2,2,0,4,1,1,3,5,1,2,The Spontaneous Socialite
4359,similarity,0,0,1,3,4,3,4,4,2,5,The Calm Strategist
4360,similarity,2,1,5,1,2,4,5,3,0,1,The Digital Nomad
4361,similarity,0,5,0,0,5,5,1,3,1,3,The Free Spirit
4362,similarity,4,0,4,4,5,5,0,2,5,0,The Midnight Coder
4363,similarity,2,4,4,3,3,0,1,1,0,0,The Quiet Observer
4364,similarity,4,5,5,2,0,1,2,0,4,2,The Minimalist Architect
4365,similarity,2,3,3,0,4,3,1,3,2,4,The Grounded Loyalist
4366,similarity,0,2,3,5,3,2,2,2,3,1,The Midnight Coder
4367,similarity,2,2,2,4,1,3,3,2,1,3,The Direct Idealist
4368,similarity,0,0,2,2,5,5,2,1,2,5,The Minimalist Architect
4369,similarity,4,1,3,1,2,0,3,0,0,2,The Free Spirit
4370,similarity,2,5,1,5,2,1,4,5,1,4,The Spontaneous Socialite
4371,similarity,4,0,1,4,5,1,0,4,5,0,The Pure Creator
4372,similarity,2,4,2,3,3,2,5,4,3,1,The Digital Nomad
4373,similarity,0,5,0,1,0,3,0,1,4,3,The Free Spirit
4374,similarity,2,3,1,0,4,4,1,0,2,5,The Aesthetic Rover
4375,similarity,0,4,5,4,4,4,0,5,3,2,The Pure Creator
4376,similarity,4,2,5,5,1,5,1,4,1,4,The Minimalist Architect
4377,similarity,2,3,0,4,5,0,2,3,2,0,The Grounded Loyalist
4378,similarity,4,1,4,2,2,2,1,3,0,2,The Focused Builder
4379,similarity,2,2,4,1,2,1,2,2,2,5,The Direct Idealist
4380,similarity,0,0,3,0,0,2,3,1,5,1,The Minimalist Architect
4381,similarity,2,4,3,4,3,4,4,4,3,1,The Calm Strategist
4382,similarity,0,5,4,3,1,5,4,3,4,4,The Focused Builder
4383,similarity,4,3,2,1,0,0,5,3,2,0,The Pure Creator
4384,similarity,0,4,2,0,4,0,0,2,3,2,The Spontaneous Socialite
4385,similarity,4,2,1,5,2,1,5,1,1,5,The Quiet Observer
4386,similarity,2,3,1,3,5,2,0,0,3,1,The Aesthetic Rover
4387,similarity,0,1,2,2,5,3,1,5,0,3,The Pure Creator
4388,similarity,2,2,0,1,2,3,0,4,2,0,The Midnight Coder
4389,similarity,0,0,0,5,0,4,1,2,5,2,The Quiet Observer
4390,similarity,4,1,1,4,3,5,2,1,3,2,The Focused Builder
4391,similarity,0,5,5,2,1,1,3,0,4,5,The Grounded Loyalist
4392,similarity,4,0,0,1,1,2,2,5,2,1,The Spontaneous Socialite
4393,similarity,2,4,4,0,4,1,4,4,4,3,The Calm Strategist
4394,similarity,0,4,4,4,2,3,5,3,1,5,The Focused Builder
4395,similarity,2,3,5,3,5,4,4,3,3,2,The Free Spirit
4396,similarity,0,3,3,2,5,5,5,2,0,4,The Spontaneous Socialite
4397,similarity,4,2,3,0,3,5,0,5,4,0,The Quiet Observer
4398,similarity,0,0,2,5,0,0,5,4,5,3,The Digital Nomad
4399,similarity,4,1,2,3,4,1,0,3,3,3,The Grounded Loyalist
4400,similarity,2,5,3,2,3,3,1,3,5,5,The Midnight Coder
4401,similarity,0,0,1,3,1,2,2,2,2,2,The Quiet Observer
4402,similarity,2,4,1,1,5,3,1,1,4,4,The Minimalist Architect
4403,similarity,0,5,2,0,2,4,2,0,1,0,The Grounded Loyalist
4404,similarity,4,3,0,4,2,0,4,3,3,3,The Spontaneous Socialite
4405,similarity,0,3,1,3,5,1,3,2,1,5,The Direct Idealist
4406,similarity,3,2,5,2,3,0,4,2,4,1,The Free Spirit
4407,similarity,1,2,5,0,1,2,5,1,0,2,The Spontaneous Socialite
4408,similarity,3,1,0,5,4,3,4,0,3,4,The Pure Creator
4409,similarity,1,1,4,4,4,4,5,5,5,0,The Digital Nomad
4410,similarity,5,0,4,2,1,4,0,4,2,2,The Grounded Loyalist
4411,similarity,3,0,3,1,5,5,1,4,4,5,The Midnight Coder
4412,similarity,5,5,3,5,2,0,0,1,2,1,The Direct Idealist
4413,similarity,3,5,4,4,2,2,1,0,5,3,The Minimalist Architect
4414,similarity,1,4,2,3,0,3,2,5,1,0,The Grounded Loyalist
4415,similarity,3,2,2,1,3,2,2,4,4,2,The Focused Builder
4416,similarity,1,3,3,0,1,3,3,3,0,2,The Direct Idealist
4417,similarity,5,1,1,5,0,5,4,3,3,5,The Digital Nomad
4418,similarity,3,1,2,3,4,0,3,2,5,1,The Free Spirit
4419,similarity,5,0,0,2,2,5,4,1,3,3,The Aesthetic Rover
4420,similarity,3,0,0,0,5,1,5,4,4,0,The Pure Creator
4421,similarity,1,5,1,5,3,2,0,3,2,2,The Digital Nomad
4422,similarity,3,5,5,4,2,3,5,3,5,4,The Quiet Observer
4423,similarity,1,4,5,2,0,5,0,2,1,1,The Aesthetic Rover
4424,similarity,5,4,4,1,4,4,1,1,4,3,The Direct Idealist
4425,similarity,3,3,4,0,1,5,1,0,0,3,The Minimalist Architect
4426,similarity,5,3,5,0,1,1,2,5,4,5,The Calm Strategist
4427,similarity,3,2,3,5,4,2,3,4,5,2,The Focused Builder
4428,similarity,1,2,3,3,2,1,2,2,3,4,The Direct Idealist
4429,similarity,3,1,2,2,5,3,3,1,4,0,The Spontaneous Socialite
4430,similarity,1,1,2,1,5,4,4,0,2,3,The Calm Strategist
4431,similarity,5,5,3,5,3,5,5,5,5,5,The Aesthetic Rover
4432,similarity,1,4,1,4,0,4,4,4,1,1,The Free Spirit
4433,similarity,5,4,1,2,4,0,5,3,5,4,The Midnight Coder
4434,similarity,3,3,2,1,3,1,0,3,0,4,The Quiet Observer
4435,similarity,1,3,0,0,1,2,5,2,4,0,The Aesthetic Rover
4436,similarity,3,2,1,4,5,4,1,5,5,3,The Grounded Loyalist
4437,similarity,1,2,5,3,2,3,2,4,3,5,The Midnight Coder
4438,similarity,5,1,5,2,0,4,1,3,0,1,The Calm Strategist
4439,similarity,1,1,0,0,5,0,2,3,2,4,The Minimalist Architect
4440,similarity,5,0,4,5,3,1,3,2,0,0,The Free Spirit
4441,similarity,3,0,4,3,1,0,2,1,1,2,The Spontaneous Socialite
4442,similarity,1,5,3,2,4,2,3,0,5,2,The Calm Strategist
4443,similarity,3,5,3,1,4,3,4,5,0,5,The Digital Nomad
4444,similarity,1,3,4,5,1,4,5,2,4,1,The Free Spirit
4445,similarity,5,4,2,4,5,5,4,2,0,3,The Midnight Coder
4446,similarity,1,2,2,3,3,5,5,1,3,0,The Pure Creator
4447,similarity,5,1,3,1,2,0,1,0,1,2,The Minimalist Architect
4448,similarity,3,1,1,0,0,1,0,5,2,4,The Grounded Loyalist
4449,similarity,1,0,2,4,3,3,1,4,0,1,The Midnight Coder
4450,similarity,3,0,0,3,1,2,2,4,1,3,The Direct Idealist
4451,similarity,1,5,0,2,0,3,1,3,5,3,The Minimalist Architect
4452,similarity,5,5,1,2,4,5,2,0,1,0,The Free Spirit
4453,similarity,1,4,5,1,2,0,3,5,4,2,The Focused Builder
4454,similarity,5,4,5,0,5,5,4,4,2,4,The Pure Creator
4455,similarity,3,3,4,4,3,1,3,3,3,1,The Digital Nomad
4456,similarity,5,3,4,3,2,2,4,3,1,3,The Quiet Observer
4457,similarity,3,1,5,1,0,3,5,2,2,5,The Aesthetic Rover
4458,similarity,1,2,3,0,4,5,5,1,0,1,The Pure Creator
4459,similarity,5,0,3,5,1,4,0,4,2,4,The Minimalist Architect
4460,similarity,1,1,2,3,1,5,1,3,5,4,The Quiet Observer
4461,similarity,5,5,2,2,4,0,0,2,1,0,The Focused Builder
4462,similarity,3,0,3,0,2,2,1,2,4,3,The Direct Idealist
4463,similarity,5,4,1,5,0,1,2,1,2,5,The Spontaneous Socialite
4464,similarity,3,3,1,4,5,2,3,0,3,1,The Calm Strategist
4465,similarity,1,3,2,2,3,4,2,5,1,4,The Focused Builder
4466,similarity,5,2,0,1,0,5,3,4,3,0,The Pure Creator
4467,similarity,1,2,1,0,4,0,4,2,0,2,The Spontaneous Socialite
4468,similarity,5,1,5,4,1,0,3,1,2,5,The Quiet Observer
4469,similarity,3,1,5,3,1,1,5,0,5,5,The Aesthetic Rover
4470,similarity,5,5,0,1,5,2,0,5,1,1,The Grounded Loyalist
4471,similarity,3,0,4,0,2,4,5,4,4,4,The Midnight Coder
4472,similarity,1,4,4,5,0,3,0,3,2,0,The Quiet Observer
4473,similarity,5,5,3,3,5,4,1,3,4,2,The Focused Builder
4474,similarity,1,3,3,2,3,5,2,2,1,4,The Grounded Loyalist
4475,similarity,5,4,4,1,1,1,1,5,3,1,The Spontaneous Socialite
4476,similarity,3,2,2,5,4,0,2,4,0,3,The Calm Strategist
4477,similarity,5,3,2,0,4,1,3,3,2,5,The Digital Nomad
4478,similarity,3,1,3,4,1,3,2,3,5,0,The Free Spirit
4479,similarity,1,2,1,3,5,4,3,2,3,2,The Spontaneous Socialite
4480,similarity,3,0,2,2,3,5,5,1,5,4,The Pure Creator
4481,similarity,1,5,0,0,2,5,4,0,2,1,The Digital Nomad
4482,similarity,5,5,0,5,0,0,5,5,4,3,The Grounded Loyalist
4483,similarity,3,3,1,4,3,1,0,2,1,5,The Midnight Coder
4484,similarity,5,4,5,2,1,3,1,2,3,2,The Direct Idealist
4485,similarity,3,2,5,1,4,2,0,1,1,4,The Minimalist Architect
4486,similarity,1,3,4,5,4,3,1,0,2,4,The Grounded Loyalist
4487,similarity,3,1,4,4,2,5,2,5,0,1,The Focused Builder
4488,similarity,1,2,5,3,5,0,1,4,3,3,The Direct Idealist
4489,similarity,5,0,3,1,3,1,2,3,5,5,The Digital Nomad
4490,similarity,3,1,3,0,2,0,4,3,2,1,The Free Spirit
4491,similarity,5,5,4,4,0,2,3,0,4,4,The Aesthetic Rover
4492,similarity,3,0,2,3,4,3,4,5,2,0,The Pure Creator
4493,similarity,1,4,3,2,1,4,5,4,3,2,The Digital Nomad
4494,similarity,3,5,1,0,1,4,0,3,1,5,The Quiet Observer
4495,similarity,1,3,1,5,4,5,5,3,4,5,The Aesthetic Rover
4496,similarity,5,1,2,4,2,0,0,2,0,1,The Direct Idealist
4497,similarity,3,2,0,2,0,2,1,1,3,4,The Minimalist Architect
4498,similarity,5,0,0,1,5,1,0,0,5,0,The Calm Strategist
4499,similarity,3,1,5,5,3,2,1,3,3,2,The Focused Builder
4500,similarity,1,5,5,4,0,4,2,2,4,5,The Direct Idealist
4501,similarity,3,0,0,3,4,5,2,2,2,1,The Spontaneous Socialite
4502,similarity,1,4,4,3,2,0,3,1,3,3,The Calm Strategist
4503,similarity,5,5,4,2,1,5,4,0,1,0,The Aesthetic Rover
4504,similarity,1,3,3,1,5,1,5,5,4,0,The Free Spirit
4505,similarity,5,4,3,5,2,2,4,4,0,2,The Midnight Coder
4506,similarity,3,2,4,4,0,3,5,4,4,4,The Quiet Observer
4507,similarity,1,3,2,2,5,3,0,1,5,1,The Aesthetic Rover
4508,similarity,3,1,2,1,3,4,5,0,3,3,The Grounded Loyalist
4509,similarity,1,1,3,0,1,5,0,5,4,5,The Midnight Coder
4510,similarity,5,0,1,4,4,1,1,4,2,2,The Calm Strategist
4511,similarity,1,0,2,3,4,2,0,3,3,4,The Minimalist Architect
4512,similarity,5,5,0,2,1,1,2,3,1,0,The Free Spirit
4513,similarity,3,3,0,0,5,3,3,2,5,1,The Spontaneous Socialite
4514,similarity,1,4,1,5,3,4,4,5,0,3,The Calm Strategist
4515,similarity,3,2,5,3,0,5,3,4,4,5,The Digital Nomad
4516,similarity,1,3,5,2,0,5,4,3,5,2,The Free Spirit
4517,similarity,5,1,4,1,3,0,5,3,3,4,The Midnight Coder
4518,similarity,1,2,4,5,1,1,4,2,4,0,The Pure Creator
4519,similarity,5,0,5,4,5,2,5,1,2,3,The Minimalist Architect
4520,similarity,3,1,3,2,4,4,0,0,0,5,The Grounded Loyalist
4521,similarity,0,5,3,1,2,3,5,5,1,1,The Quiet Observer
4522,similarity,2,5,4,0,5,4,0,2,5,1,The Minimalist Architect
4523,similarity,0,4,2,4,3,0,2,2,0,4,The Grounded Loyalist
4524,similarity,4,4,3,3,2,1,3,1,4,0,The Spontaneous Socialite
4525,similarity,0,3,1,2,0,0,2,0,5,2,The Direct Idealist
4526,similarity,4,3,1,0,4,2,3,5,3,5,The Digital Nomad
4527,similarity,2,2,2,5,1,3,4,4,5,1,The Free Spirit
4528,similarity,4,2,0,5,1,4,3,3,2,3,The Aesthetic Rover
4529,similarity,2,1,0,4,4,4,4,3,0,0,The Pure Creator
4530,similarity,0,5,5,3,2,5,5,0,1,0,The Digital Nomad
4531,similarity,4,0,5,1,0,0,4,5,5,2,The Grounded Loyalist
4532,similarity,0,4,0,0,3,1,5,4,1,5,The Aesthetic Rover
4533,similarity,4,5,4,5,3,3,0,3,4,1,The Direct Idealist
4534,similarity,2,3,4,3,0,2,2,3,0,3,The Minimalist Architect
4535,similarity,4,3,3,2,4,3,1,2,3,0,The Calm Strategist
4536,similarity,2,2,3,0,2,5,2,1,5,2,The Focused Builder
4537,similarity,0,2,4,5,1,0,3,0,2,4,The Direct Idealist
4538,similarity,4,1,2,4,5,5,2,3,0,0,The Digital Nomad
4539,similarity,0,1,2,2,2,1,3,2,2,1,The Calm Strategist
4540,similarity,4,0,3,1,0,2,4,2,5,3,The Aesthetic Rover
4541,similarity,2,0,1,0,0,3,3,1,1,5,The Pure Creator
4542,similarity,4,5,2,4,3,5,4,0,4,2,The Midnight Coder
4543,similarity,2,5,0,3,1,4,5,5,0,4,The Quiet Observer
4544,similarity,0,4,0,1,4,5,1,4,3,0,The Aesthetic Rover
4545,similarity,4,4,1,0,4,1,0,4,1,3,The Direct Idealist
4546,similarity,0,3,5,5,1,2,1,1,3,5,The Midnight Coder
4547,similarity,4,1,5,3,5,1,2,0,0,1,The Calm Strategist
4548,similarity,2,1,4,2,3,2,1,5,2,2,The Focused Builder
4549,similarity,4,0,4,0,0,4,2,4,5,4,The Free Spirit
4550,similarity,2,0,5,5,0,5,3,3,1,0,The Spontaneous Socialite
4551,similarity,0,5,3,4,3,4,2,3,4,2,The Calm Strategist
4552,similarity,2,5,3,2,1,0,3,2,0,5,The Digital Nomad
4553,similarity,0,4,4,3,5,1,4,1,4,1,The Free Spirit
4554,similarity,4,4,2,2,4,2,3,4,1,3,The Midnight Coder
4555,similarity,2,3,3,0,2,4,5,3,3,0,The Quiet Observer
4556,similarity,4,3,1,5,5,3,0,2,0,2,The Minimalist Architect
4557,similarity,2,2,1,3,3,4,1,2,2,2,The Grounded Loyalist
4558,similarity,0,2,2,2,3,0,0,1,5,5,The Midnight Coder
4559,similarity,2,0,0,1,0,1,1,0,1,1,The Direct Idealist
4560,similarity,0,1,0,5,4,0,2,5,5,3,The Minimalist Architect
4561,similarity,4,5,5,4,1,1,1,4,2,0,The Free Spirit
4562,similarity,2,4,5,3,5,3,2,2,4,2,The Spontaneous Socialite
4563,similarity,4,4,0,1,4,4,3,1,1,4,The Pure Creator
4564,similarity,2,3,4,0,2,5,2,0,3,1,The Digital Nomad
4565,similarity,0,3,4,4,0,5,3,5,0,3,The Free Spirit
4566,similarity,2,2,3,3,3,0,5,4,2,3,The Aesthetic Rover
4567,similarity,0,2,3,2,3,1,0,3,0,5,The Pure Creator
4568,similarity,4,1,4,0,0,3,5,3,1,2,The Minimalist Architect
4569,similarity,2,1,2,5,4,2,0,0,5,4,The Grounded Loyalist
4570,similarity,4,0,2,4,2,3,1,5,2,0,The Focused Builder
4571,similarity,2,0,3,2,1,5,0,4,4,3,The Direct Idealist
4572,similarity,0,4,1,1,5,0,1,3,2,5,The Minimalist Architect
4573,similarity,2,5,1,5,2,5,2,3,3,1,The Calm Strategist
4574,similarity,0,3,0,4,0,1,1,2,1,2,The Focused Builder
4575,similarity,4,4,0,3,0,2,2,1,2,4,The Pure Creator
4576,similarity,0,2,1,1,3,3,3,0,0,0,The Spontaneous Socialite
4577,similarity,4,3,5,0,1,4,5,3,1,3,The Quiet Observer
4578,similarity,2,1,5,4,4,4,4,2,5,5,The Aesthetic Rover
4579,similarity,0,0,4,5,2,5,5,2,3,1,The Pure Creator
4580,similarity,2,0,4,4,2,0,0,1,4,4,The Midnight Coder
4581,similarity,0,5,5,2,5,2,5,0,2,0,The Quiet Observer
4582,similarity,4,5,3,1,3,1,0,5,3,2,The Focused Builder
4583,similarity,0,4,3,0,0,2,1,4,1,2,The Grounded Loyalist
4584,similarity,4,4,4,4,0,4,0,3,2,5,The Spontaneous Socialite
4585,similarity,2,2,2,3,3,5,1,1,0,1,The Calm Strategist
4586,similarity,0,3,3,1,1,0,2,0,4,3,The Focused Builder
4587,similarity,2,1,1,0,5,0,3,5,5,0,The Free Spirit
4588,similarity,0,2,1,5,4,1,3,4,3,2,The Spontaneous Socialite
4589,similarity,4,0,2,3,2,2,4,3,4,4,The Quiet Observer
4590,similarity,0,1,0,2,5,4,5,3,2,1,The Digital Nomad
4591,similarity,4,5,0,1,3,3,4,2,3,3,The Grounded Loyalist
4592,similarity,2,0,5,5,3,4,5,1,1,3,The Midnight Coder
4593,similarity,0,4,5,4,0,5,0,4,3,0,The Quiet Observer
4594,similarity,2,5,0,2,4,1,5,3,0,2,The Minimalist Architect
4595,similarity,0,3,4,1,1,2,0,2,4,4,The Grounded Loyalist
4596,similarity,4,2,4,0,5,1,1,2,5,1,The Spontaneous Socialite
4597,similarity,0,2,5,4,5,3,2,1,3,3,The Direct Idealist
4598,similarity,4,0,3,3,2,4,1,0,4,5,The Digital Nomad
4599,similarity,2,1,4,2,0,5,3,5,2,1,The Free Spirit
4600,similarity,4,5,2,0,3,5,4,4,4,4,The Aesthetic Rover
4601,similarity,2,0,2,5,3,0,3,2,1,4,The Pure Creator
4602,similarity,0,4,3,3,0,1,4,1,5,0,The Digital Nomad
4603,similarity,4,5,1,2,4,3,5,0,0,3,The Grounded Loyalist
4604,similarity,0,3,1,3,2,2,4,5,4,5,The Aesthetic Rover
4605,similarity,4,4,0,1,1,3,5,4,5,1,The Direct Idealist
4606,similarity,2,2,0,0,5,4,0,3,3,4,The Minimalist Architect
4607,similarity,4,3,1,4,2,0,1,3,5,0,The Calm Strategist
4608,similarity,2,1,5,3,0,1,0,2,2,2,The Focused Builder
4609,similarity,0,2,5,2,4,0,2,5,4,3,The Direct Idealist
4610,similarity,4,0,4,0,3,2,3,4,1,5,The Digital Nomad
4611,similarity,0,4,4,5,1,3,2,3,5,1,The Calm Strategist
4612,similarity,4,5,5,4,4,4,3,3,0,4,The Aesthetic Rover
4613,similarity,2,3,3,2,2,4,4,2,4,0,The Pure Creator
4614,similarity,4,4,3,1,2,5,3,1,0,2,The Midnight Coder
4615,similarity,2,2,4,5,5,0,4,0,3,4,The Quiet Observer
4616,similarity,0,3,2,4,3,2,5,5,5,1,The Aesthetic Rover
4617,similarity,4,1,3,3,0,3,0,2,2,3,The Direct Idealist
4618,similarity,0,2,1,1,0,2,5,2,4,3,The Midnight Coder
4619,similarity,4,0,1,0,4,4,0,1,2,0,The Calm Strategist
4620,similarity,2,1,2,5,1,5,2,0,5,2,The Focused Builder
4621,similarity,4,5,0,3,5,0,1,5,1,4,The Free Spirit
4622,similarity,2,0,0,2,4,5,2,4,4,1,The Spontaneous Socialite
4623,similarity,0,4,5,0,2,1,3,3,0,3,The Calm Strategist
4624,similarity,2,4,5,5,5,2,2,3,3,5,The Digital Nomad
4625,similarity,0,3,0,4,3,3,3,0,5,2,The Free Spirit
4626,similarity,4,3,4,2,1,3,4,5,3,4,The Midnight Coder
4627,similarity,2,2,4,1,0,4,5,4,0,4,The Quiet Observer
4628,similarity,4,0,5,0,4,5,4,3,2,1,The Minimalist Architect
4629,similarity,2,1,3,0,1,1,5,3,5,3,The Grounded Loyalist
4630,similarity,0,5,4,5,5,2,0,2,1,5,The Midnight Coder
4631,similarity,2,0,2,3,5,1,0,1,4,1,The Direct Idealist
4632,similarity,0,4,2,2,2,3,1,4,0,4,The Minimalist Architect
4633,similarity,4,5,3,1,0,4,2,3,4,0,The Free Spirit
4634,similarity,2,3,1,5,3,5,1,2,5,2,The Spontaneous Socialite
4635,similarity,3,4,1,4,3,4,2,2,3,5,The Digital Nomad
4636,similarity,1,2,0,2,1,0,3,1,0,5,The Free Spirit
4637,similarity,5,2,0,1,4,1,4,0,2,1,The Midnight Coder
4638,similarity,1,1,1,0,2,2,3,5,5,4,The Pure Creator
4639,similarity,5,1,5,4,1,4,4,4,1,0,The Minimalist Architect
4640,similarity,3,0,5,3,5,3,5,2,5,2,The Grounded Loyalist
4641,similarity,1,0,4,2,2,4,4,1,0,5,The Midnight Coder
4642,similarity,3,5,4,0,0,0,0,0,4,1,The Direct Idealist
4643,similarity,1,5,5,5,4,1,1,5,1,3,The Minimalist Architect
4644,similarity,5,4,3,3,3,0,0,4,3,0,The Free Spirit
4645,similarity,1,2,3,2,1,2,1,3,0,0,The Focused Builder
4646,similarity,5,3,4,1,4,3,2,3,2,2,The Pure Creator
4647,similarity,3,1,2,5,2,4,3,2,0,4,The Digital Nomad
4648,similarity,5,2,2,4,2,4,2,5,1,1,The Quiet Observer
4649,similarity,3,0,1,3,5,5,3,4,5,3,The Aesthetic Rover
4650,similarity,1,0,1,1,3,0,4,3,0,5,The Pure Creator
4651,similarity,5,5,2,0,0,1,3,2,4,2,The Minimalist Architect
4652,similarity,1,5,0,4,0,3,4,2,1,4,The Quiet Observer
4653,similarity,5,4,0,3,4,2,0,1,3,4,The Focused Builder
4654,similarity,3,4,5,2,1,3,5,0,1,1,The Direct Idealist
4655,similarity,5,3,5,2,5,5,0,5,2,3,The Spontaneous Socialite
4656,similarity,3,3,0,1,2,0,1,2,0,5,The Calm Strategist
4657,similarity,1,2,4,0,2,5,2,2,1,2,The Focused Builder
4658,similarity,5,2,4,4,0,1,1,1,5,4,The Pure Creator
4659,similarity,1,1,5,3,3,2,2,0,1,0,The Spontaneous Socialite
4660,similarity,5,5,3,1,1,3,3,5,4,3,The Quiet Observer
4661,similarity,3,0,4,0,0,5,2,4,2,5,The Aesthetic Rover
4662,similarity,5,4,2,5,4,4,3,3,3,5,The Grounded Loyalist
4663,similarity,3,4,2,3,1,5,5,3,1,1,The Midnight Coder
4664,similarity,1,3,3,2,5,0,4,0,2,4,The Quiet Observer
4665,similarity,5,3,1,0,5,2,5,5,0,0,The Focused Builder
4666,similarity,1,2,1,5,2,1,0,4,2,2,The Grounded Loyalist
4667,similarity,5,2,0,4,0,2,5,3,5,5,The Spontaneous Socialite
4668,similarity,3,1,0,2,3,4,0,3,3,1,The Calm Strategist
4669,similarity,5,1,1,1,3,5,1,2,4,3,The Digital Nomad
4670,similarity,3,0,5,0,1,0,2,1,2,0,The Free Spirit
4671,similarity,1,0,5,4,4,0,1,0,3,0,The Spontaneous Socialite
4672,similarity,3,5,0,3,2,1,2,3,1,2,The Pure Creator
4673,similarity,1,5,4,1,5,2,3,2,3,5,The Digital Nomad
4674,similarity,5,4,5,0,5,4,3,2,0,1,The Grounded Loyalist
4675,similarity,3,4,3,5,3,3,4,1,2,3,The Midnight Coder
4676,similarity,5,2,3,3,0,4,5,0,5,0,The Direct Idealist
4677,similarity,3,1,4,2,4,0,4,5,3,2,The Minimalist Architect
4678,similarity,1,1,2,1,3,1,5,4,4,4,The Grounded Loyalist
4679,similarity,3,0,2,5,1,0,0,3,2,0,The Focused Builder
4680,similarity,1,0,1,0,4,1,1,1,4,1,The Direct Idealist
4681,similarity,5,5,1,4,2,3,0,0,1,3,The Digital Nomad
4682,similarity,3,5,2,3,2,4,1,5,3,5,The Free Spirit
4683,similarity,5,4,0,2,5,5,2,4,0,2,The Aesthetic Rover
4684,similarity,3,4,0,0,3,5,1,3,2,4,The Pure Creator
4685,similarity,1,3,5,5,0,0,3,3,5,0,The Digital Nomad
4686,similarity,3,3,5,4,0,1,4,2,3,3,The Quiet Observer
4687,similarity,1,2,0,2,4,3,3,5,5,5,The Aesthetic Rover
4688,similarity,5,2,4,1,1,2,4,4,2,1,The Direct Idealist
4689,similarity,3,0,4,5,5,3,5,3,4,2,The Minimalist Architect
4690,similarity,5,1,5,4,2,5,0,2,1,4,The Calm Strategist
4691,similarity,3,5,3,3,2,0,5,2,3,0,The Focused Builder
4692,similarity,1,0,4,1,0,1,0,1,0,3,The Direct Idealist
4693,similarity,3,4,2,0,3,0,1,0,4,5,The Spontaneous Socialite
4694,similarity,1,3,2,4,1,2,0,5,0,1,The Calm Strategist
4695,similarity,5,3,3,3,0,3,1,2,3,3,The Aesthetic Rover
4696,similarity,1,2,1,2,4,4,3,2,5,0,The Free Spirit
4697,similarity,5,2,1,0,2,4,2,1,2,0,The Midnight Coder
4698,similarity,3,1,0,5,5,5,3,0,4,2,The Quiet Observer
4699,similarity,1,1,0,4,5,0,4,5,1,5,The Aesthetic Rover
4700,similarity,3,0,1,2,2,2,5,4,3,1,The Grounded Loyalist
4701,similarity,1,0,5,1,0,1,4,3,1,3,The Midnight Coder
4702,similarity,5,4,5,5,3,2,5,3,4,0,The Calm Strategist
4703,similarity,1,5,0,4,1,4,0,0,0,2,The Minimalist Architect
4704,similarity,5,3,4,3,1,5,5,5,3,4,The Free Spirit
4705,similarity,3,4,5,3,4,0,0,4,5,1,The Spontaneous Socialite
4706,similarity,1,2,3,2,2,0,1,3,3,1,The Calm Strategist
4707,similarity,3,3,3,1,5,1,1,3,4,3,The Digital Nomad
4708,similarity,1,1,4,5,5,2,2,2,2,5,The Free Spirit
4709,similarity,5,2,2,4,3,3,3,1,5,2,The Midnight Coder
4710,similarity,1,0,2,2,0,3,4,0,1,4,The Pure Creator
4711,similarity,5,5,1,1,4,4,3,3,4,0,The Minimalist Architect
4712,similarity,3,5,1,0,3,5,4,2,0,3,The Grounded Loyalist
4713,similarity,1,3,2,4,1,1,5,2,4,5,The Midnight Coder
4714,similarity,3,4,0,3,5,2,4,1,5,1,The Direct Idealist
4715,similarity,1,2,0,1,2,1,5,0,3,2,The Minimalist Architect
4716,similarity,5,3,5,0,2,3,0,5,4,4,The Free Spirit
4717,similarity,1,1,5,5,5,4,5,4,2,0,The Focused Builder
4718,similarity,5,2,0,3,3,5,1,3,5,3,The Pure Creator
4719,similarity,3,0,4,2,0,5,2,1,1,5,The Digital Nomad
4720,similarity,5,1,4,1,4,0,3,0,5,1,The Quiet Observer
4721,similarity,3,5,5,5,4,1,2,5,0,4,The Aesthetic Rover
4722,similarity,1,0,3,4,1,2,3,4,4,0,The Pure Creator
4723,similarity,5,4,3,2,5,2,4,3,5,2,The Minimalist Architect
4724,similarity,1,5,2,1,2,3,3,3,3,2,The Quiet Observer
4725,similarity,5,3,2,0,2,4,4,2,4,5,The Focused Builder
4726,similarity,3,1,3,4,0,0,5,1,2,1,The Direct Idealist
4727,similarity,5,2,1,3,3,1,4,4,0,3,The Spontaneous Socialite
4728,similarity,3,0,1,2,1,0,0,3,1,0,The Calm Strategist
4729,similarity,1,1,0,0,0,2,1,2,5,2,The Focused Builder
4730,similarity,5,5,0,5,4,3,2,2,0,4,The Pure Creator
4731,similarity,1,0,1,5,2,4,1,1,4,1,The Spontaneous Socialite
4732,similarity,5,4,5,4,5,4,2,0,5,3,The Quiet Observer
4733,similarity,3,5,5,3,5,5,3,5,3,3,The Aesthetic Rover
4734,similarity,5,3,0,1,2,0,2,4,1,0,The Grounded Loyalist
4735,similarity,3,4,4,0,0,2,3,2,2,2,The Midnight Coder
4736,similarity,1,2,5,5,3,3,4,1,0,4,The Quiet Observer
4737,similarity,5,3,3,3,1,2,3,0,1,1,The Focused Builder
4738,similarity,1,1,3,2,1,3,4,5,5,3,The Grounded Loyalist
4739,similarity,5,1,4,0,4,5,0,4,0,5,The Spontaneous Socialite
4740,similarity,3,0,2,5,2,0,1,3,4,1,The Calm Strategist
4741,similarity,5,0,2,4,5,5,0,3,0,2,The Digital Nomad
4742,similarity,3,5,1,2,5,1,1,0,3,4,The Free Spirit
4743,similarity,1,3,1,1,3,2,2,5,1,0,The Spontaneous Socialite
4744,similarity,3,4,2,5,0,3,1,4,2,3,The Pure Creator
4745,similarity,1,2,0,4,4,3,2,3,0,5,The Digital Nomad
4746,similarity,5,3,0,3,3,4,3,2,2,1,The Grounded Loyalist
4747,similarity,3,1,5,1,1,5,2,2,5,4,The Midnight Coder
4748,similarity,5,2,5,0,5,1,3,1,1,0,The Direct Idealist
4749,similarity,2,0,0,5,2,2,4,0,4,2,The Grounded Loyalist
4750,similarity,0,1,4,3,0,1,0,3,2,3,The Midnight Coder
4751,similarity,2,5,4,2,5,2,5,2,3,5,The Direct Idealist
4752,similarity,0,5,5,0,3,4,0,2,1,1,The Minimalist Architect
4753,similarity,4,4,3,5,1,5,1,1,3,4,The Free Spirit
4754,similarity,2,4,3,4,4,4,0,0,0,0,The Spontaneous Socialite
4755,similarity,4,3,2,2,4,0,1,5,2,2,The Pure Creator
4756,similarity,2,3,2,3,1,1,2,4,5,4,The Digital Nomad
4757,similarity,0,2,3,2,5,2,1,3,1,1,The Free Spirit
4758,similarity,2,2,1,0,2,4,2,1,4,3,The Aesthetic Rover
4759,similarity,0,1,1,5,2,3,3,0,2,3,The Pure Creator
4760,similarity,4,5,0,3,0,4,4,5,4,0,The Minimalist Architect
4761,similarity,2,0,0,2,3,0,4,4,1,2,The Grounded Loyalist
4762,similarity,4,4,1,1,1,1,5,3,3,4,The Focused Builder
4763,similarity,2,5,5,5,0,0,0,3,0,1,The Direct Idealist
4764,similarity,0,3,5,4,4,2,5,2,2,3,The Minimalist Architect
4765,similarity,2,3,0,3,2,3,0,1,5,5,The Calm Strategist
4766,similarity,0,2,4,1,5,4,1,4,1,2,The Focused Builder
4767,similarity,4,2,4,0,3,5,0,3,5,4,The Pure Creator
4768,similarity,0,1,3,4,2,5,1,2,2,4,The Spontaneous Socialite
4769,similarity,4,1,3,3,0,0,2,2,4,1,The Quiet Observer
4770,similarity,2,0,4,2,4,1,3,1,1,3,The Aesthetic Rover
4771,similarity,0,0,2,0,1,3,2,0,3,5,The Pure Creator
4772,similarity,2,5,2,5,1,2,4,5,0,1,The Midnight Coder
4773,similarity,0,5,1,3,4,3,5,4,2,4,The Quiet Observer
4774,similarity,4,4,1,2,2,5,4,1,0,0,The Focused Builder
4775,similarity,0,2,2,1,5,0,5,1,3,2,The Grounded Loyalist
4776,similarity,4,3,0,5,5,5,0,0,5,3,The Spontaneous Socialite
4777,similarity,2,1,0,4,3,1,5,5,2,5,The Calm Strategist
4778,similarity,0,1,1,3,0,2,0,4,4,1,The Focused Builder
4779,similarity,2,0,5,1,4,3,1,3,1,4,The Free Spirit
4780,similarity,0,0,0,0,3,4,0,3,3,0,The Spontaneous Socialite
4781,similarity,4,5,4,4,1,4,1,2,1,2,The Quiet Observer
4782,similarity,0,5,4,5,5,5,3,5,2,5,The Digital Nomad
4783,similarity,4,4,5,4,2,0,4,4,0,1,The Grounded Loyalist
4784,similarity,2,4,3,2,0,2,3,3,3,3,The Midnight Coder
4785,similarity,0,3,3,1,5,1,4,2,5,4,The Quiet Observer
4786,similarity,2,3,2,0,3,2,5,2,3,0,The Minimalist Architect
4787,similarity,0,2,2,4,1,4,4,1,4,2,The Grounded Loyalist
4788,similarity,4,2,3,3,4,5,5,0,2,4,The Spontaneous Socialite
4789,similarity,0,1,1,1,4,0,0,5,3,1,The Direct Idealist
4790,similarity,4,1,1,0,1,0,5,2,1,3,The Digital Nomad
4791,similarity,2,5,0,5,5,1,0,2,4,5,The Free Spirit
4792,similarity,4,4,0,3,3,2,1,1,0,2,The Aesthetic Rover
4793,similarity,2,4,1,2,2,4,3,0,4,4,The Pure Creator
4794,similarity,0,3,5,1,0,3,2,5,5,4,The Digital Nomad
4795,similarity,4,3,5,5,3,4,3,4,3,1,The Grounded Loyalist
4796,similarity,0,2,0,4,1,5,4,3,4,3,The Aesthetic Rover
4797,similarity,4,2,4,2,4,1,3,1,2,5,The Direct Idealist
4798,similarity,2,1,4,1,4,0,4,0,3,2,The Minimalist Architect
4799,similarity,4,1,3,0,2,1,5,5,1,4,The Calm Strategist
4800,similarity,2,0,3,4,5,3,4,4,5,0,The Focused Builder
4801,similarity,0,0,4,3,3,4,5,3,0,3,The Direct Idealist
4802,similarity,4,5,2,1,2,5,0,3,4,5,The Digital Nomad
4803,similarity,0,5,2,0,0,5,1,2,5,5,The Calm Strategist
4804,similarity,4,3,1,5,4,0,1,1,3,1,The Aesthetic Rover
4805,similarity,2,4,1,3,1,1,2,4,4,4,The Pure Creator
4806,similarity,4,2,2,2,1,3,3,3,2,0,The Midnight Coder
4807,similarity,2,3,0,3,4,2,2,2,4,2,The Quiet Observer
4808,similarity,0,1,0,1,2,3,3,2,1,5,The Aesthetic Rover
4809,similarity,4,0,1,0,0,4,4,1,5,1,The Direct Idealist
4810,similarity,0,0,5,4,5,0,3,0,0,3,The Midnight Coder
4811,similarity,4,5,0,3,3,1,4,5,4,0,The Calm Strategist
4812,similarity,2,5,4,2,0,0,5,4,5,0,The Focused Builder
4813,similarity,4,4,4,0,4,2,0,1,3,2,The Free Spirit
4814,similarity,2,4,5,5,1,3,5,1,5,5,The Spontaneous Socialite
4815,similarity,0,3,3,4,1,4,1,0,2,1,The Calm Strategist
4816,similarity,2,3,3,2,5,4,2,5,0,3,The Digital Nomad
4817,similarity,0,1,2,1,2,5,1,4,1,0,The Free Spirit
4818,similarity,4,2,2,5,0,0,2,3,5,2,The Midnight Coder
4819,similarity,2,0,3,4,5,2,3,3,0,4,The Quiet Observer
4820,similarity,4,1,1,3,3,1,2,2,4,4,The Minimalist Architect
4821,similarity,2,5,1,1,1,2,3,5,0,1,The Grounded Loyalist
4822,similarity,0,0,0,0,4,4,4,4,3,3,The Midnight Coder
4823,similarity,2,4,0,5,4,5,5,3,5,5,The Direct Idealist
4824,similarity,0,3,1,3,1,0,4,2,2,2,The Minimalist Architect
4825,similarity,4,3,5,2,5,5,5,2,0,4,The Free Spirit
4826,similarity,2,2,5,0,3,1,1,1,1,0,The Spontaneous Socialite
4827,similarity,4,2,0,5,2,2,0,0,5,3,The Pure Creator
4828,similarity,2,1,4,4,0,3,1,5,1,5,The Digital Nomad
4829,similarity,0,1,4,2,3,3,2,2,4,5,The Free Spirit
4830,similarity,2,5,3,1,1,4,1,2,0,2,The Aesthetic Rover
4831,similarity,0,0,3,5,5,5,2,1,3,4,The Pure Creator
4832,similarity,4,4,4,0,4,1,3,0,5,0,The Minimalist Architect
4833,similarity,2,5,2,5,2,2,4,5,3,3,The Grounded Loyalist
4834,similarity,4,3,2,3,5,1,3,4,0,5,The Focused Builder
4835,similarity,2,4,1,2,3,3,4,3,2,1,The Direct Idealist
4836,similarity,0,2,1,1,2,4,0,3,5,3,The Minimalist Architect
4837,similarity,2,3,2,5,0,5,5,0,1,0,The Calm Strategist
4838,similarity,0,1,0,4,4,4,0,5,4,0,The Focused Builder
4839,similarity,4,2,0,2,1,0,1,4,0,2,The Pure Creator
4840,similarity,0,0,1,1,1,1,0,3,4,5,The Spontaneous Socialite
4841,similarity,4,5,5,0,4,2,1,2,1,1,The Quiet Observer
4842,similarity,2,5,5,4,2,4,2,2,3,3,The Aesthetic Rover
4843,similarity,0,3,4,3,0,3,3,1,0,0,The Pure Creator
4844,similarity,2,4,4,2,3,4,2,0,2,2,The Midnight Coder
4845,similarity,0,2,5,0,3,0,3,3,5,4,The Quiet Observer
4846,similarity,4,3,3,5,0,1,4,2,1,1,The Focused Builder
4847,similarity,0,1,3,3,4,0,4,2,5,1,The Grounded Loyalist
4848,similarity,4,2,2,2,2,2,5,1,0,3,The Spontaneous Socialite
4849,similarity,2,0,2,1,1,3,0,0,4,0,The Calm Strategist
4850,similarity,0,1,3,5,5,4,5,5,1,2,The Focused Builder
4851,similarity,2,5,1,4,2,4,0,4,3,4,The Free Spirit
4852,similarity,0,0,1,3,0,5,1,1,0,0,The Spontaneous Socialite
4853,similarity,4,4,2,1,5,0,2,1,2,3,The Quiet Observer
4854,similarity,0,5,0,0,3,1,1,0,0,5,The Digital Nomad
4855,similarity,4,3,1,4,1,3,2,5,1,1,The Grounded Loyalist
4856,similarity,2,3,5,3,4,2,3,4,5,2,The Midnight Coder
4857,similarity,0,2,5,2,4,3,2,3,2,4,The Quiet Observer
4858,similarity,2,0,0,2,1,5,4,3,4,0,The Minimalist Architect
4859,similarity,0,1,4,1,5,0,5,2,1,3,The Grounded Loyalist
4860,similarity,4,5,4,5,3,5,4,5,3,5,The Spontaneous Socialite
4861,similarity,0,0,3,4,0,1,5,4,1,1,The Direct Idealist
4862,similarity,4,4,3,3,0,2,0,3,2,4,The Digital Nomad
4863,similarity,2,5,4,1,3,3,1,2,0,0,The Free Spirit
4864,similarity,3,3,2,0,1,5,0,2,1,0,The Pure Creator
4865,similarity,1,4,2,5,5,4,1,1,5,3,The Digital Nomad
4866,similarity,5,2,1,3,4,5,2,0,2,5,The Grounded Loyalist
4867,similarity,3,2,1,2,2,0,1,5,4,1,The Midnight Coder
4868,similarity,5,1,2,0,5,2,2,2,2,3,The Direct Idealist
4869,similarity,3,1,0,5,3,1,4,1,3,0,The Minimalist Architect
4870,similarity,1,0,0,4,3,2,3,1,1,2,The Grounded Loyalist
4871,similarity,3,0,1,2,0,4,4,0,2,4,The Focused Builder
4872,similarity,1,5,5,1,4,5,5,5,0,1,The Direct Idealist
4873,similarity,5,5,5,0,1,4,0,4,2,1,The Digital Nomad
4874,similarity,3,4,4,4,1,0,5,3,5,3,The Free Spirit
4875,similarity,5,2,4,3,4,1,0,3,3,0,The Aesthetic Rover
4876,similarity,3,3,5,1,2,2,1,0,4,2,The Pure Creator
4877,similarity,1,1,3,0,0,4,0,5,2,4,The Digital Nomad
4878,similarity,3,2,3,5,3,3,1,4,3,1,The Quiet Observer
4879,similarity,1,0,2,3,3,4,2,3,1,3,The Aesthetic Rover
4880,similarity,5,0,2,2,0,0,2,2,3,5,The Direct Idealist
4881,similarity,3,5,3,1,4,1,3,2,0,1,The Minimalist Architect
4882,similarity,5,5,1,5,2,0,4,1,4,2,The Calm Strategist
4883,similarity,3,4,1,0,1,1,5,0,5,4,The Focused Builder
4884,similarity,1,4,2,4,5,3,4,3,3,0,The Direct Idealist
4885,similarity,3,3,0,3,2,4,5,2,4,3,The Spontaneous Socialite
4886,similarity,1,3,1,2,0,5,0,2,2,5,The Calm Strategist
4887,similarity,5,2,5,0,0,5,5,1,4,1,The Aesthetic Rover
4888,similarity,1,2,5,5,3,0,0,0,1,4,The Free Spirit
4889,similarity,5,1,0,3,1,1,1,5,3,0,The Midnight Coder
4890,similarity,3,5,4,2,4,3,0,4,0,2,The Quiet Observer
4891,similarity,1,0,4,1,2,2,2,3,4,3,The Aesthetic Rover
4892,similarity,3,4,3,5,1,3,3,1,5,5,The Grounded Loyalist
4893,similarity,1,4,3,4,5,5,2,0,3,1,The Midnight Coder
4894,similarity,5,3,4,3,3,0,3,5,5,4,The Calm Strategist
4895,similarity,1,3,2,1,0,5,4,4,2,0,The Minimalist Architect
4896,similarity,5,2,2,0,0,0,5,3,4,2,The Free Spirit
4897,similarity,3,2,1,4,3,2,4,3,1,4,The Spontaneous Socialite
4898,similarity,1,1,1,3,1,3,5,2,5,1,The Calm Strategist
4899,similarity,3,1,2,2,5,4,0,1,0,3,The Digital Nomad
4900,similarity,1,0,0,0,4,4,5,4,4,3,The Free Spirit
4901,similarity,5,0,0,5,2,5,1,3,0,0,The Midnight Coder
4902,similarity,1,5,1,4,5,0,2,2,3,2,The Pure Creator
4903,similarity,5,5,5,2,3,2,1,2,5,4,The Minimalist Architect
4904,similarity,3,4,5,1,3,1,2,1,2,1,The Grounded Loyalist
4905,similarity,1,4,4,5,0,2,3,0,4,3,The Midnight Coder
4906,similarity,3,2,4,4,4,4,4,5,1,5,The Direct Idealist
4907,similarity,1,1,5,3,1,5,3,2,5,2,The Minimalist Architect
4908,similarity,5,1,3,3,5,0,4,1,1,2,The Free Spirit
4909,similarity,1,0,3,2,5,0,5,1,4,4,The Focused Builder
4910,similarity,5,0,2,1,2,1,4,0,0,1,The Pure Creator
4911,similarity,3,5,2,5,0,2,5,5,3,3,The Digital Nomad
4912,similarity,5,5,3,4,3,3,1,4,5,5,The Quiet Observer
4913,similarity,3,4,1,2,3,3,0,3,2,1,The Aesthetic Rover
4914,similarity,1,4,1,1,0,4,1,3,4,4,The Pure Creator
4915,similarity,5,3,2,0,4,5,2,0,2,0,The Minimalist Architect
4916,similarity,1,3,0,4,2,1,3,5,5,2,The Quiet Observer
4917,similarity,5,2,0,3,1,0,2,4,1,3,The Focused Builder
4918,similarity,3,2,5,1,5,1,3,3,4,5,The Direct Idealist
4919,similarity,5,0,5,0,2,3,4,2,0,1,The Spontaneous Socialite
4920,similarity,3,1,0,5,0,4,3,2,4,4,The Calm Strategist
4921,similarity,1,5,4,3,0,5,4,1,5,0,The Focused Builder
4922,similarity,5,0,4,2,3,5,5,0,3,2,The Pure Creator
4923,similarity,1,4,3,1,1,0,5,3,0,5,The Spontaneous Socialite
4924,similarity,5,3,3,5,4,1,0,2,2,1,The Quiet Observer
4925,similarity,3,3,4,4,2,2,1,2,5,3,The Aesthetic Rover
4926,similarity,5,2,2,2,2,2,2,1,1,4,The Grounded Loyalist
4927,similarity,3,2,2,1,5,3,1,0,5,0,The Midnight Coder
4928,similarity,1,1,1,0,3,4,2,5,0,2,The Quiet Observer
4929,similarity,5,1,1,4,0,0,3,4,4,4,The Focused Builder
4930,similarity,1,0,2,3,0,1,2,3,5,1,The Grounded Loyalist
4931,similarity,5,0,0,2,3,0,3,1,3,3,The Spontaneous Socialite
4932,similarity,3,4,0,0,1,2,4,0,0,5,The Calm Strategist
4933,similarity,5,5,1,5,5,3,3,5,2,2,The Digital Nomad
4934,similarity,3,3,5,5,4,4,5,4,0,4,The Free Spirit
4935,similarity,1,4,5,4,2,4,0,3,1,4,The Spontaneous Socialite
4936,similarity,3,2,4,3,5,5,1,2,5,1,The Pure Creator
4937,similarity,1,3,4,1,3,0,0,2,0,3,The Digital Nomad
4938,similarity,5,1,5,0,3,2,1,1,4,5,The Grounded Loyalist
4939,similarity,3,0,3,5,0,3,2,4,5,2,The Midnight Coder
4940,similarity,5,0,3,3,4,2,1,3,3,4,The Direct Idealist
4941,similarity,3,5,2,2,1,3,2,2,1,0,The Minimalist Architect
4942,similarity,1,5,2,0,5,5,3,2,2,3,The Grounded Loyalist
4943,similarity,3,4,3,5,5,0,2,1,0,3,The Focused Builder
4944,similarity,1,4,1,4,2,5,3,0,1,5,The Direct Idealist
4945,similarity,5,2,1,2,0,1,5,5,5,1,The Digital Nomad
4946,similarity,3,3,2,1,3,2,0,4,0,4,The Free Spirit
4947,similarity,5,1,0,5,3,3,5,1,4,0,The Aesthetic Rover
4948,similarity,3,2,0,4,1,3,0,1,2,2,The Pure Creator
4949,similarity,1,0,5,3,4,4,1,0,3,5,The Digital Nomad
4950,similarity,3,1,5,1,2,5,0,5,1,1,The Quiet Observer
4951,similarity,1,5,0,0,1,1,1,4,2,3,The Aesthetic Rover
4952,similarity,5,0,4,5,5,2,2,3,0,4,The Direct Idealist
4953,similarity,3,4,4,3,2,1,1,3,1,0,The Minimalist Architect
4954,similarity,5,5,3,2,0,2,2,2,5,2,The Calm Strategist
4955,similarity,3,3,3,0,4,4,4,5,1,5,The Focused Builder
4956,similarity,1,2,4,5,3,5,5,4,4,1,The Direct Idealist
4957,similarity,3,2,2,4,1,4,4,3,2,3,The Spontaneous Socialite
4958,similarity,1,0,2,2,4,0,5,2,3,0,The Calm Strategist
4959,similarity,5,1,3,3,2,1,0,2,1,2,The Aesthetic Rover
4960,similarity,1,5,1,2,2,2,5,1,3,4,The Free Spirit
4961,similarity,5,0,2,0,5,4,0,0,0,4,The Midnight Coder
4962,similarity,3,4,0,5,3,3,1,3,2,1,The Quiet Observer
4963,similarity,1,5,0,3,0,4,0,2,5,3,The Aesthetic Rover
4964,similarity,3,3,1,2,0,0,1,1,3,5,The Grounded Loyalist
4965,similarity,1,4,5,1,4,1,2,1,4,2,The Midnight Coder
4966,similarity,5,2,5,5,1,0,4,0,2,4,The Calm Strategist
4967,similarity,1,3,4,4,5,2,3,5,4,0,The Minimalist Architect
4968,similarity,5,1,4,3,4,3,4,4,1,3,The Free Spirit
4969,similarity,3,2,5,1,2,4,5,3,3,5,The Spontaneous Socialite
4970,similarity,1,0,3,0,5,3,4,1,0,5,The Calm Strategist
4971,similarity,3,0,3,4,3,5,5,0,2,2,The Digital Nomad
4972,similarity,1,5,2,3,1,0,0,5,5,4,The Free Spirit
4973,similarity,5,3,2,2,0,1,5,4,3,0,The Midnight Coder
4974,similarity,1,4,3,0,4,3,0,3,5,3,The Pure Creator
4975,similarity,5,2,1,5,1,2,1,2,2,5,The Minimalist Architect
4976,similarity,3,3,1,3,5,3,2,2,4,1,The Grounded Loyalist
4977,similarity,1,1,2,2,5,5,2,1,1,3,The Midnight Coder
4978,similarity,2,2,0,1,2,0,3,4,3,0,The Minimalist Architect
4979,similarity,0,0,0,5,0,5,4,3,0,0,The Grounded Loyalist
4980,similarity,4,1,5,4,3,1,3,2,2,2,The Spontaneous Socialite
4981,similarity,0,5,5,3,3,2,4,2,0,5,The Direct Idealist
4982,similarity,4,0,0,1,1,3,5,1,3,1,The Digital Nomad
4983,similarity,2,4,4,0,4,4,4,0,5,3,The Free Spirit
4984,similarity,4,4,4,4,2,4,5,5,2,0,The Aesthetic Rover
4985,similarity,2,3,3,5,1,5,0,4,4,2,The Pure Creator
4986,similarity,0,3,3,4,5,0,1,1,1,4,The Digital Nomad
4987,similarity,4,2,4,2,3,2,0,1,3,5,The Grounded Loyalist
4988,similarity,0,2,2,1,0,1,2,0,1,1,The Aesthetic Rover
4989,similarity,4,1,2,0,4,2,3,5,4,3,The Direct Idealist
4990,similarity,2,5,3,4,3,4,2,4,0,0,The Minimalist Architect
4991,similarity,4,0,1,3,1,5,3,3,3,2,The Calm Strategist
4992,similarity,2,4,1,1,4,4,4,3,5,4,The Focused Builder
4993,similarity,0,5,0,0,2,0,3,2,2,0,The Direct Idealist
4994,similarity,4,3,0,5,2,1,4,5,4,3,The Digital Nomad
4995,similarity,0,4,1,3,5,2,5,4,2,5,The Calm Strategist
4996,similarity,4,2,5,2,3,4,0,3,3,5,The Aesthetic Rover
4997,similarity,2,2,5,1,0,3,5,2,1,2,The Pure Creator
4998,similarity,4,1,4,5,0,4,0,2,4,4,The Midnight Coder
4999,similarity,2,1,4,4,4,5,2,1,0,0,The Quiet Observer
5000,similarity,0,0,5,2,1,1,1,0,3,3,The Aesthetic Rover
5001,similarity,4,0,3,1,5,0,2,5,5,5,The Direct Idealist
5002,similarity,0,5,3,0,2,1,3,2,3,1,The Midnight Coder
5003,similarity,4,5,2,4,2,3,2,1,4,4,The Calm Strategist
5004,similarity,2,4,2,3,0,4,3,1,2,0,The Focused Builder
5005,similarity,4,2,3,1,3,5,4,0,5,0,The Free Spirit
5006,similarity,2,3,1,0,1,5,3,5,1,3,The Spontaneous Socialite
5007,similarity,0,1,1,5,0,0,4,4,5,5,The Calm Strategist
5008,similarity,2,2,2,3,4,1,5,3,0,1,The Digital Nomad
5009,similarity,0,0,0,2,1,3,0,3,4,3,The Free Spirit
5010,similarity,4,0,0,3,5,2,0,0,5,0,The Midnight Coder
5011,similarity,2,5,5,1,5,3,1,5,3,2,The Quiet Observer
5012,similarity,4,5,5,0,2,4,2,4,4,4,The Minimalist Architect
5013,similarity,2,4,0,4,0,0,1,3,2,1,The Grounded Loyalist
5014,similarity,0,4,4,3,3,1,2,2,0,1,The Midnight Coder
5015,similarity,2,3,4,2,3,0,3,2,1,3,The Direct Idealist
5016,similarity,0,3,3,0,1,2,2,1,5,0,The Minimalist Architect
5017,similarity,4,2,3,5,4,3,3,4,0,2,The Free Spirit
5018,similarity,2,2,4,4,2,4,4,3,4,4,The Spontaneous Socialite
5019,similarity,4,1,2,2,5,4,5,2,5,1,The Pure Creator
5020,similarity,2,1,2,1,5,5,5,2,3,3,The Digital Nomad
5021,similarity,0,5,3,5,3,0,0,1,5,5,The Free Spirit
5022,similarity,2,4,1,4,0,2,1,0,2,2,The Aesthetic Rover
5023,similarity,0,4,1,3,4,1,0,5,0,2,The Pure Creator
5024,similarity,4,3,0,1,3,2,1,4,1,4,The Minimalist Architect
5025,similarity,2,3,0,0,1,4,2,1,5,0,The Grounded Loyalist
5026,similarity,4,2,1,5,4,5,1,1,0,3,The Focused Builder
5027,similarity,2,2,5,3,2,0,2,0,4,5,The Direct Idealist
5028,similarity,0,1,5,2,2,5,3,5,0,1,The Minimalist Architect
5029,similarity,2,1,4,0,5,1,4,4,3,4,The Calm Strategist
5030,similarity,0,0,4,5,3,2,3,3,1,0,The Focused Builder
5031,similarity,4,0,5,4,0,3,5,2,2,0,The Pure Creator
5032,similarity,0,5,3,2,0,3,0,2,0,3,The Spontaneous Socialite
5033,similarity,4,5,3,1,4,4,5,5,1,5,The Quiet Observer
5034,similarity,2,3,4,5,1,5,0,4,5,1,The Aesthetic Rover
5035,similarity,0,4,2,0,5,1,1,3,1,4,The Pure Creator
5036,similarity,2,2,3,5,2,2,0,2,4,0,The Midnight Coder
5037,similarity,0,3,1,3,2,1,1,2,0,2,The Quiet Observer
5038,similarity,4,1,1,2,0,3,2,1,3,4,The Focused Builder
5039,similarity,0,0,2,1,3,4,3,0,1,1,The Grounded Loyalist
5040,similarity,4,0,0,5,1,5,2,5,2,1,The Spontaneous Socialite
5041,similarity,2,5,0,4,0,4,3,2,0,3,The Calm Strategist
5042,similarity,0,5,5,2,4,0,5,1,2,0,The Focused Builder
5043,similarity,2,4,5,1,2,1,4,1,5,2,The Free Spirit
5044,similarity,0,4,0,0,5,2,5,0,1,4,The Spontaneous Socialite
5045,similarity,4,3,4,4,5,2,0,5,4,1,The Quiet Observer
5046,similarity,0,3,4,3,2,3,5,4,2,3,The Digital Nomad
5047,similarity,4,1,3,2,0,4,0,3,4,5,The Grounded Loyalist
5048,similarity,2,2,3,0,3,0,1,3,1,2,The Midnight Coder
5049,similarity,0,0,4,5,1,1,2,0,3,2,The Quiet Observer
5050,similarity,2,1,2,3,1,0,1,5,0,4,The Minimalist Architect
5051,similarity,0,5,2,2,4,2,2,4,2,1,The Grounded Loyalist
5052,similarity,4,0,3,1,2,3,3,3,5,3,The Spontaneous Socialite
5053,similarity,0,4,1,5,5,4,3,2,1,5,The Direct Idealist
5054,similarity,4,3,1,4,5,4,4,2,5,1,The Digital Nomad
5055,similarity,2,3,0,2,3,5,5,1,2,4,The Free Spirit
5056,similarity,4,2,0,1,0,0,4,0,4,0,The Aesthetic Rover
5057,similarity,2,2,1,0,4,1,5,3,1,2,The Pure Creator
5058,similarity,0,1,5,4,3,3,0,2,3,3,The Digital Nomad
5059,similarity,4,1,5,3,1,2,1,1,0,5,The Grounded Loyalist
5060,similarity,0,5,4,2,5,3,0,1,2,1,The Aesthetic Rover
5061,similarity,4,0,4,2,2,5,1,0,0,4,The Direct Idealist
5062,similarity,2,4,5,1,2,0,2,5,1,0,The Minimalist Architect
5063,similarity,4,5,3,5,5,5,1,4,5,2,The Calm Strategist
5064,similarity,2,3,3,4,3,1,3,3,2,5,The Focused Builder
5065,similarity,0,4,4,3,0,2,4,1,4,1,The Direct Idealist
5066,similarity,4,2,2,1,4,3,3,0,1,3,The Digital Nomad
5067,similarity,0,3,2,0,4,3,4,5,3,4,The Calm Strategist
5068,similarity,4,1,1,5,1,4,5,4,1,0,The Aesthetic Rover
5069,similarity,2,2,1,3,5,5,0,3,2,2,The Pure Creator
5070,similarity,4,0,2,2,2,0,5,2,0,4,The Midnight Coder
5071,similarity,2,5,0,0,2,2,0,2,3,1,The Quiet Observer
5072,similarity,0,5,0,5,0,1,1,1,5,3,The Aesthetic Rover
5073,similarity,4,3,5,4,3,2,0,4,2,5,The Direct Idealist
5074,similarity,0,4,5,2,1,4,2,3,4,2,The Midnight Coder
5075,similarity,4,2,0,1,0,5,3,2,2,2,The Calm Strategist
5076,similarity,2,3,4,0,4,4,2,2,3,4,The Focused Builder
5077,similarity,4,1,4,4,2,0,3,1,1,1,The Free Spirit
5078,similarity,2,2,3,3,5,1,4,0,2,3,The Spontaneous Socialite
5079,similarity,0,0,3,1,5,2,5,5,0,5,The Calm Strategist
5080,similarity,2,1,4,0,2,4,4,2,3,2,The Digital Nomad
5081,similarity,0,5,2,5,0,3,5,1,5,4,The Free Spirit
5082,similarity,4,0,2,3,4,4,0,1,3,0,The Midnight Coder
5083,similarity,2,4,3,2,1,0,5,0,4,3,The Quiet Observer
5084,similarity,4,5,1,0,1,1,0,5,2,3,The Minimalist Architect
5085,similarity,2,3,1,5,4,0,2,4,3,5,The Grounded Loyalist
5086,similarity,0,3,0,0,2,1,1,3,1,1,The Midnight Coder
5087,similarity,2,2,0,4,5,3,2,3,3,4,The Direct Idealist
5088,similarity,0,0,1,3,5,4,3,0,0,0,The Minimalist Architect
5089,similarity,4,1,5,2,3,5,4,5,4,2,The Free Spirit
5090,similarity,2,5,5,0,0,5,3,4,5,5,The Spontaneous Socialite
5091,similarity,4,0,4,5,4,0,4,3,3,1,The Pure Creator
5092,similarity,2,4,4,3,3,1,5,2,4,3,The Digital Nomad
5093,similarity,5,5,5,2,1,3,4,2,2,4,The Midnight Coder
5094,similarity,1,3,3,1,5,2,5,1,4,0,The Pure Creator
5095,similarity,5,4,3,5,2,3,0,0,1,2,The Minimalist Architect
5096,similarity,3,2,4,4,0,5,0,3,5,5,The Grounded Loyalist
5097,similarity,1,3,2,3,5,0,1,2,0,1,The Midnight Coder
5098,similarity,3,1,2,1,3,5,2,1,4,3,The Direct Idealist
5099,similarity,1,1,1,0,1,1,3,1,5,0,The Minimalist Architect
5100,similarity,5,0,1,4,4,2,2,0,3,2,The Free Spirit
5101,similarity,1,0,2,3,4,3,3,5,5,4,The Focused Builder
5102,similarity,5,5,0,2,1,4,4,4,2,4,The Pure Creator
5103,similarity,3,3,0,0,5,4,3,3,4,1,The Digital Nomad
5104,similarity,5,4,5,5,2,5,4,1,1,3,The Quiet Observer
5105,similarity,3,2,5,4,2,0,5,0,5,5,The Aesthetic Rover
5106,similarity,1,3,0,2,0,2,4,5,0,2,The Pure Creator
5107,similarity,5,1,4,1,3,1,0,4,4,4,The Minimalist Architect
5108,similarity,1,2,4,5,1,2,1,3,0,0,The Quiet Observer
5109,similarity,5,0,5,4,0,4,2,2,3,3,The Focused Builder
5110,similarity,3,1,3,3,4,5,1,2,5,3,The Direct Idealist
5111,similarity,5,5,4,3,2,0,2,1,2,5,The Spontaneous Socialite
5112,similarity,3,5,2,2,5,0,3,4,0,2,The Calm Strategist
5113,similarity,1,4,2,0,3,1,2,3,1,4,The Focused Builder
5114,similarity,5,4,3,5,2,2,3,2,5,0,The Pure Creator
5115,similarity,1,3,1,4,0,3,4,2,1,3,The Spontaneous Socialite
5116,similarity,5,3,1,2,4,3,3,1,4,5,The Quiet Observer
5117,similarity,3,2,0,1,1,4,4,0,0,1,The Aesthetic Rover
5118,similarity,5,2,0,0,1,5,0,5,3,3,The Grounded Loyalist
5119,similarity,3,1,1,4,4,1,5,4,5,4,The Midnight Coder
5120,similarity,1,5,5,3,2,0,0,1,2,0,The Quiet Observer
5121,similarity,5,0,5,1,0,1,1,1,0,2,The Focused Builder
5122,similarity,1,4,4,0,5,3,2,0,2,5,The Grounded Loyalist
5123,similarity,5,5,4,5,3,4,1,5,5,1,The Spontaneous Socialite
5124,similarity,3,3,5,3,0,5,2,4,1,3,The Calm Strategist
5125,similarity,5,3,3,2,4,5,3,3,4,0,The Digital Nomad
5126,similarity,3,2,3,1,3,0,2,2,0,2,The Free Spirit
5127,similarity,1,2,4,5,1,1,3,2,3,4,The Spontaneous Socialite
5128,similarity,3,1,2,4,5,3,4,5,5,5,The Pure Creator
5129,similarity,1,1,2,2,2,2,4,4,3,1,The Digital Nomad
5130,similarity,5,0,1,1,0,3,5,3,0,3,The Grounded Loyalist
5131,similarity,3,0,1,0,5,4,0,2,2,0,The Midnight Coder
5132,similarity,5,5,2,4,3,0,1,2,5,2,The Direct Idealist
5133,similarity,3,5,0,3,1,1,0,1,1,4,The Minimalist Architect
5134,similarity,1,4,0,2,4,0,1,0,5,0,The Grounded Loyalist
5135,similarity,3,4,5,0,4,2,2,3,0,3,The Focused Builder
5136,similarity,1,3,5,5,1,3,1,2,4,5,The Direct Idealist
5137,similarity,5,1,0,5,5,4,2,1,1,5,The Digital Nomad
5138,similarity,3,1,4,4,3,4,3,1,3,2,The Free Spirit
5139,similarity,5,0,4,3,2,5,3,0,0,4,The Aesthetic Rover
5140,similarity,3,0,5,1,0,0,4,5,2,0,The Pure Creator
5141,similarity,1,5,3,0,3,2,5,4,0,3,The Digital Nomad
5142,similarity,3,5,3,4,1,1,0,3,1,5,The Quiet Observer
5143,similarity,1,4,2,3,4,2,5,1,5,1,The Aesthetic Rover
5144,similarity,5,4,2,2,4,3,0,0,0,4,The Direct Idealist
5145,similarity,3,3,3,0,2,5,1,5,4,0,The Minimalist Architect
5146,similarity,5,3,1,5,5,0,0,4,1,0,The Calm Strategist
5147,similarity,3,2,1,4,3,5,1,3,3,3,The Focused Builder
5148,similarity,1,2,0,2,2,1,2,2,1,5,The Direct Idealist
5149,similarity,3,1,0,1,0,2,1,2,2,1,The Spontaneous Socialite
5150,similarity,1,1,1,5,4,3,3,1,0,3,The Calm Strategist
5151,similarity,5,5,5,4,1,3,4,4,1,0,The Aesthetic Rover
5152,similarity,1,0,5,3,1,4,5,3,5,2,The Free Spirit
5153,similarity,5,4,4,1,4,5,4,2,2,4,The Midnight Coder
5154,similarity,3,3,4,0,2,1,5,1,4,5,The Quiet Observer
5155,similarity,1,3,5,5,0,2,0,1,2,1,The Aesthetic Rover
5156,similarity,3,2,3,3,5,1,5,0,3,3,The Grounded Loyalist
5157,similarity,1,2,3,2,3,3,0,5,1,0,The Midnight Coder
5158,similarity,5,1,4,0,0,4,1,4,2,2,The Calm Strategist
5159,similarity,1,1,2,5,4,5,0,1,0,4,The Minimalist Architect
5160,similarity,5,0,2,4,2,4,1,1,1,1,The Free Spirit
5161,similarity,3,0,1,2,1,0,3,0,5,3,The Spontaneous Socialite
5162,similarity,1,5,1,3,5,1,4,5,3,5,The Calm Strategist
5163,similarity,3,5,2,2,2,2,3,4,4,0,The Digital Nomad
5164,similarity,1,3,0,0,0,2,4,3,2,2,The Free Spirit
5165,similarity,5,4,0,5,5,3,5,2,3,4,The Midnight Coder
5166,similarity,1,2,5,3,3,4,4,2,1,0,The Pure Creator
5167,similarity,5,3,5,2,1,0,5,5,2,3,The Minimalist Architect
5168,similarity,3,1,0,1,4,1,0,4,0,5,The Grounded Loyalist
5169,similarity,1,0,4,5,4,0,5,3,2,1,The Midnight Coder
5170,similarity,3,0,4,4,1,2,0,2,5,4,The Direct Idealist
5171,similarity,1,5,5,2,5,3,1,2,3,0,The Minimalist Architect
5172,similarity,5,5,3,1,3,4,3,1,4,0,The Free Spirit
5173,similarity,1,4,3,0,2,3,2,0,2,3,The Focused Builder
5174,similarity,5,4,2,4,0,5,3,5,4,5,The Pure Creator
5175,similarity,3,2,2,3,3,0,4,2,1,1,The Digital Nomad
5176,similarity,1,3,3,2,1,1,3,1,3,4,The Free Spirit
5177,similarity,3,1,1,0,5,3,4,1,0,0,The Aesthetic Rover
5178,similarity,1,2,1,5,4,2,5,0,4,2,The Pure Creator
5179,similarity,5,0,0,3,2,3,4,5,5,5,The Minimalist Architect
5180,similarity,1,1,0,2,5,5,5,4,3,1,The Quiet Observer
5181,similarity,5,5,1,1,3,0,0,3,5,1,The Focused Builder
5182,similarity,3,0,5,5,2,5,1,3,2,3,The Direct Idealist
5183,similarity,5,4,5,4,0,1,1,0,4,0,The Spontaneous Socialite
5184,similarity,3,5,4,3,4,2,2,5,1,2,The Calm Strategist
5185,similarity,1,3,4,1,1,3,3,4,3,4,The Focused Builder
5186,similarity,5,2,5,0,1,5,2,3,0,1,The Pure Creator
5187,similarity,1,2,3,4,4,4,3,2,4,3,The Spontaneous Socialite
5188,similarity,5,0,3,5,2,5,4,2,0,5,The Quiet Observer
5189,similarity,3,1,4,4,0,0,3,1,3,2,The Aesthetic Rover
5190,similarity,5,5,2,2,3,2,4,4,5,2,The Grounded Loyalist
5191,similarity,3,0,2,1,3,1,5,3,2,4,The Midnight Coder
5192,similarity,1,4,1,0,0,2,0,2,4,1,The Quiet Observer
5193,similarity,5,5,1,4,4,4,0,1,1,3,The Focused Builder
5194,similarity,1,3,2,3,2,5,1,1,5,5,The Grounded Loyalist
5195,similarity,5,4,0,1,1,4,2,0,1,2,The Spontaneous Socialite
5196,similarity,3,2,0,0,5,0,1,5,4,4,The Calm Strategist
5197,similarity,5,3,5,5,2,1,2,4,0,0,The Digital Nomad
5198,similarity,3,1,5,3,0,2,3,1,3,0,The Free Spirit
5199,similarity,1,2,0,2,0,4,2,1,5,3,The Spontaneous Socialite
5200,similarity,5,0,4,0,3,3,3,0,2,5,The Quiet Observer
5201,similarity,1,0,4,5,1,4,4,5,4,1,The Digital Nomad
5202,similarity,5,5,5,4,4,5,5,4,2,4,The Grounded Loyalist
5203,similarity,3,3,3,2,4,1,4,3,5,0,The Midnight Coder
5204,similarity,5,4,3,1,1,0,0,2,1,2,The Direct Idealist
5205,similarity,3,2,2,0,5,1,1,2,4,5,The Minimalist Architect
5206,similarity,1,3,2,4,3,3,0,5,0,1,The Grounded Loyalist
5207,similarity,2,1,3,3,0,4,1,4,3,1,The Direct Idealist
5208,similarity,0,2,1,1,0,5,2,3,5,4,The Minimalist Architect
5209,similarity,4,0,1,0,3,5,1,2,3,0,The Free Spirit
5210,similarity,2,1,0,5,1,0,2,2,4,2,The Spontaneous Socialite
5211,similarity,4,5,0,3,5,1,3,1,2,4,The Pure Creator
5212,similarity,2,0,1,2,4,3,4,0,5,1,The Digital Nomad
5213,similarity,0,4,5,3,2,2,3,5,1,3,The Free Spirit
5214,similarity,2,4,5,1,5,3,4,2,4,5,The Aesthetic Rover
5215,similarity,0,3,0,0,3,5,0,1,0,2,The Pure Creator
5216,similarity,4,3,4,4,3,0,5,1,4,2,The Minimalist Architect
5217,similarity,2,2,4,3,0,5,0,0,5,4,The Grounded Loyalist
5218,similarity,4,0,3,2,4,0,1,5,3,1,The Focused Builder
5219,similarity,2,1,3,0,1,2,0,4,0,3,The Direct Idealist
5220,similarity,0,5,4,5,1,3,1,3,2,5,The Minimalist Architect
5221,similarity,2,0,2,4,4,4,2,2,0,2,The Calm Strategist
5222,similarity,0,4,2,2,2,4,3,0,1,4,The Focused Builder
5223,similarity,4,5,1,1,0,5,2,5,5,0,The Pure Creator
5224,similarity,2,3,1,5,3,0,3,4,0,3,The Digital Nomad
5225,similarity,4,4,2,4,3,2,4,3,4,3,The Quiet Observer
5226,similarity,2,2,0,3,0,1,4,2,5,5,The Aesthetic Rover
5227,similarity,0,2,0,1,4,2,5,2,3,1,The Pure Creator
5228,similarity,2,1,5,0,2,4,0,1,1,4,The Midnight Coder
5229,similarity,0,1,5,4,1,5,5,0,2,0,The Quiet Observer
5230,similarity,4,0,0,3,5,0,0,3,0,2,The Focused Builder
5231,similarity,0,0,4,2,2,5,1,2,1,5,The Grounded Loyalist
5232,similarity,4,5,4,0,0,1,2,1,5,1,The Spontaneous Socialite
5233,similarity,2,5,5,5,0,2,1,1,0,1,The Calm Strategist
5234,similarity,0,4,3,4,3,3,2,0,4,4,The Focused Builder
5235,similarity,2,2,3,2,1,3,3,5,0,0,The Free Spirit
5236,similarity,0,3,2,1,4,4,2,4,3,2,The Spontaneous Socialite
5237,similarity,4,1,2,5,2,5,4,3,1,5,The Quiet Observer
5238,similarity,0,2,3,0,2,1,5,1,2,1,The Digital Nomad
5239,similarity,4,0,1,5,5,0,4,0,0,3,The Grounded Loyalist
5240,similarity,2,0,1,3,3,1,5,5,1,0,The Midnight Coder
5241,similarity,0,5,0,2,0,3,0,4,5,2,The Quiet Observer
5242,similarity,2,5,0,1,0,4,5,3,1,2,The Minimalist Architect
5243,similarity,0,4,1,5,3,5,0,2,4,4,The Grounded Loyalist
5244,similarity,4,4,5,4,1,5,1,2,2,1,The Spontaneous Socialite
5245,similarity,0,3,5,2,5,0,2,5,3,3,The Direct Idealist
5246,similarity,4,3,0,1,4,1,1,4,1,5,The Digital Nomad
5247,similarity,2,2,4,0,2,2,2,3,2,2,The Free Spirit
5248,similarity,0,2,4,4,5,2,4,2,0,4,The Spontaneous Socialite
5249,similarity,2,1,3,3,3,3,3,1,2,0,The Pure Creator
5250,similarity,0,1,3,2,3,4,4,1,5,3,The Digital Nomad
5251,similarity,4,0,4,0,0,0,5,0,1,3,The Grounded Loyalist
5252,similarity,0,4,2,5,4,1,4,5,4,5,The Aesthetic Rover
5253,similarity,4,4,2,3,1,0,5,2,2,2,The Direct Idealist
5254,similarity,2,3,1,2,5,2,0,1,3,4,The Minimalist Architect
5255,similarity,4,3,1,1,5,3,1,1,1,0,The Calm Strategist
5256,similarity,2,2,2,5,2,4,0,0,3,3,The Focused Builder
5257,similarity,0,2,0,4,0,4,1,5,0,5,The Direct Idealist
5258,similarity,4,1,0,2,3,5,3,4,2,1,The Digital Nomad
5259,similarity,0,1,5,1,3,0,2,3,5,3,The Calm Strategist
5260,similarity,4,0,5,0,0,1,3,2,3,4,The Aesthetic Rover
5261,similarity,2,0,0,4,4,3,4,0,5,0,The Pure Creator
5262,similarity,4,5,4,3,2,2,3,5,2,2,The Midnight Coder
5263,similarity,2,5,4,2,1,3,4,4,4,5,The Quiet Observer
5264,similarity,0,4,5,2,5,5,5,3,1,1,The Aesthetic Rover
5265,similarity,4,4,3,1,2,0,0,2,3,3,The Direct Idealist
5266,similarity,0,2,3,5,0,5,5,2,0,0,The Midnight Coder
5267,similarity,4,3,2,4,0,1,0,1,2,2,The Calm Strategist
5268,similarity,2,1,2,3,3,2,1,0,0,4,The Focused Builder
5269,similarity,4,0,3,1,1,3,1,3,3,5,The Free Spirit
5270,similarity,2,0,1,0,4,3,2,2,5,1,The Spontaneous Socialite
5271,similarity,0,5,1,5,2,4,3,1,2,3,The Calm Strategist
5272,similarity,4,5,0,3,2,5,2,1,4,0,The Aesthetic Rover
5273,similarity,0,4,0,2,5,1,3,0,1,2,The Free Spirit
5274,similarity,4,4,1,0,3,2,4,5,3,4,The Midnight Coder
5275,similarity,2,3,5,5,0,1,5,4,1,0,The Quiet Observer
5276,similarity,4,3,5,4,0,2,4,3,2,3,The Minimalist Architect
5277,similarity,2,2,0,2,3,4,5,1,0,3,The Grounded Loyalist
5278,similarity,0,2,4,1,1,5,0,0,3,5,The Midnight Coder
5279,similarity,2,0,4,0,5,4,5,5,5,2,The Direct Idealist
5280,similarity,0,1,3,4,4,0,1,4,2,4,The Minimalist Architect
5281,similarity,4,5,3,3,2,1,2,3,4,0,The Free Spirit
5282,similarity,2,0,4,1,5,2,1,2,2,3,The Spontaneous Socialite
5283,similarity,4,4,2,0,3,4,2,2,3,5,The Pure Creator
5284,similarity,2,3,2,5,1,3,3,1,1,1,The Digital Nomad
5285,similarity,0,3,1,3,0,4,4,4,4,4,The Free Spirit
5286,similarity,2,2,1,2,4,0,3,3,0,4,The Aesthetic Rover
5287,similarity,0,2,2,0,1,1,4,2,3,0,The Pure Creator
5288,similarity,4,1,0,5,5,0,5,1,5,3,The Minimalist Architect
5289,similarity,2,1,0,0,5,1,4,1,3,5,The Grounded Loyalist
5290,similarity,4,0,1,4,2,3,5,0,4,1,The Focused Builder
5291,similarity,2,0,5,3,0,4,1,5,2,3,The Direct Idealist
5292,similarity,0,4,5,2,3,3,0,4,3,0,The Minimalist Architect
5293,similarity,2,5,4,0,3,5,1,1,1,2,The Calm Strategist
5294,similarity,0,3,4,5,1,0,2,1,4,4,The Focused Builder
5295,similarity,4,4,5,3,4,1,3,0,0,5,The Pure Creator
5296,similarity,2,2,3,2,2,3,2,5,4,1,The Digital Nomad
5297,similarity,4,3,3,1,1,2,3,4,5,3,The Quiet Observer
5298,similarity,2,1,2,5,5,3,4,3,3,0,The Aesthetic Rover
5299,similarity,0,2,2,4,2,5,3,2,4,2,The Pure Creator
5300,similarity,2,0,3,3,0,0,4,0,2,4,The Midnight Coder
5301,similarity,0,5,1,1,4,5,5,5,5,1,The Quiet Observer
5302,similarity,4,5,1,0,3,1,5,4,1,3,The Focused Builder
5303,similarity,0,4,0,4,1,2,0,3,5,5,The Grounded Loyalist
5304,similarity,4,4,0,3,4,3,1,2,0,0,The Spontaneous Socialite
5305,similarity,2,2,1,2,2,4,2,2,4,2,The Calm Strategist
5306,similarity,0,3,5,0,2,4,1,1,5,4,The Focused Builder
5307,similarity,2,1,5,5,5,5,2,0,3,0,The Free Spirit
5308,similarity,0,2,0,4,3,0,3,3,5,3,The Spontaneous Socialite
5309,similarity,4,0,4,2,0,2,2,2,2,5,The Quiet Observer
5310,similarity,0,1,4,1,0,1,3,1,0,1,The Digital Nomad
5311,similarity,4,5,3,5,4,2,4,1,1,4,The Grounded Loyalist
5312,similarity,2,0,3,4,1,4,4,0,5,0,The Midnight Coder
5313,similarity,0,4,4,3,5,5,5,5,0,0,The Quiet Observer
5314,similarity,2,5,2,3,4,4,0,4,4,3,The Minimalist Architect
5315,similarity,0,3,2,2,2,0,1,3,0,5,The Grounded Loyalist
5316,similarity,4,4,1,0,5,1,0,0,3,1,The Spontaneous Socialite
5317,similarity,0,2,1,5,3,2,1,0,5,4,The Direct Idealist
5318,similarity,4,0,2,4,1,3,2,5,2,0,The Digital Nomad
5319,similarity,2,1,0,2,0,3,1,4,0,2,The Free Spirit
5320,similarity,0,5,0,1,4,4,2,3,1,5,The Spontaneous Socialite
5321,similarity,1,0,1,0,1,5,3,2,5,5,The Digital Nomad
5322,similarity,5,4,5,4,5,1,2,2,1,1,The Grounded Loyalist
5323,similarity,3,5,5,3,5,0,4,1,4,3,The Midnight Coder
5324,similarity,5,3,4,1,2,1,5,4,0,0,The Direct Idealist
5325,similarity,3,4,4,0,0,3,0,3,3,2,The Minimalist Architect
5326,similarity,1,2,5,5,3,4,5,2,1,4,The Grounded Loyalist
5327,similarity,3,3,3,3,3,5,0,1,2,1,The Focused Builder
5328,similarity,1,1,3,2,1,5,1,1,0,3,The Direct Idealist
5329,similarity,5,1,2,1,4,0,0,0,2,5,The Digital Nomad
5330,similarity,3,0,2,5,2,1,1,5,5,0,The Free Spirit
5331,similarity,5,0,3,4,5,3,2,4,1,2,The Aesthetic Rover
5332,similarity,3,5,1,2,5,2,1,1,4,4,The Pure Creator
5333,similarity,1,3,1,1,3,3,2,1,0,1,The Digital Nomad
5334,similarity,3,4,0,0,0,4,4,0,3,3,The Quiet Observer
5335,similarity,1,2,0,4,4,0,5,5,1,5,The Aesthetic Rover
5336,similarity,5,3,0,3,3,1,4,4,3,2,The Direct Idealist
5337,similarity,3,1,5,2,1,0,5,3,0,4,The Minimalist Architect
5338,similarity,5,2,5,0,4,2,0,2,2,0,The Calm Strategist
5339,similarity,3,0,0,5,2,3,5,2,5,0,The Focused Builder
5340,similarity,1,1,4,5,2,4,0,5,1,3,The Direct Idealist
5341,similarity,3,5,4,4,5,4,1,4,4,5,The Spontaneous Socialite
5342,similarity,1,5,3,3,3,5,0,3,2,1,The Calm Strategist
5343,similarity,5,4,3,1,0,0,1,2,4,4,The Aesthetic Rover
5344,similarity,3,4,4,0,0,2,2,1,1,0,The Pure Creator
5345,similarity,5,3,2,4,4,1,4,1,3,2,The Midnight Coder
5346,similarity,3,3,2,3,1,2,3,0,0,5,The Quiet Observer
5347,similarity,1,2,1,2,5,3,4,5,2,1,The Aesthetic Rover
5348,similarity,3,2,1,0,2,5,5,2,0,1,The Grounded Loyalist
5349,similarity,1,1,2,5,2,0,4,1,1,4,The Midnight Coder
5350,similarity,5,5,0,4,0,5,5,1,5,0,The Calm Strategist
5351,similarity,1,0,0,2,3,1,0,0,2,2,The Minimalist Architect
5352,similarity,5,4,1,1,1,2,5,5,4,5,The Free Spirit
5353,similarity,3,5,5,5,0,3,0,4,1,1,The Spontaneous Socialite
5354,similarity,1,3,5,4,4,3,1,3,3,3,The Calm Strategist
5355,similarity,3,3,4,3,1,4,0,0,1,5,The Digital Nomad
5356,similarity,1,2,4,1,5,5,2,0,2,2,The Free Spirit
5357,similarity,5,2,5,0,5,1,3,5,0,2,The Midnight Coder
5358,similarity,1,1,3,5,2,2,4,4,1,4,The Pure Creator
5359,similarity,5,1,3,3,0,1,3,3,5,1,The Minimalist Architect
5360,similarity,3,0,2,2,3,3,4,2,2,3,The Grounded Loyalist
5361,similarity,1,0,2,0,3,4,5,2,4,5,The Midnight Coder
5362,similarity,3,5,3,5,1,5,4,1,2,2,The Direct Idealist
5363,similarity,1,5,1,4,4,4,5,4,3,4,The Minimalist Architect
5364,similarity,5,4,1,2,2,0,0,3,1,0,The Free Spirit
5365,similarity,1,4,0,3,5,1,5,2,2,1,The Focused Builder
5366,similarity,5,3,0,2,5,2,1,1,0,3,The Pure Creator
5367,similarity,3,1,0,0,3,2,2,1,3,5,The Digital Nomad
5368,similarity,1,1,5,5,0,3,3,0,5,1,The Free Spirit
5369,similarity,3,0,5,3,4,4,2,5,3,4,The Aesthetic Rover
5370,similarity,1,0,0,2,3,0,3,4,4,0,The Pure Creator
5371,similarity,5,5,4,1,1,1,4,1,2,2,The Minimalist Architect
5372,similarity,1,5,4,5,5,0,3,1,3,5,The Quiet Observer
5373,similarity,5,4,3,4,2,2,4,0,1,1,The Focused Builder
5374,similarity,3,4,3,2,2,3,5,5,2,1,The Direct Idealist
5375,similarity,5,3,4,1,5,4,4,4,0,4,The Spontaneous Socialite
5376,similarity,3,3,2,0,3,3,5,3,4,0,The Calm Strategist
5377,similarity,1,2,2,4,0,5,1,2,5,2,The Focused Builder
5378,similarity,5,2,1,3,4,0,2,2,3,5,The Pure Creator
5379,similarity,1,1,1,2,4,1,1,5,4,1,The Spontaneous Socialite
5380,similarity,5,1,2,0,1,3,2,4,2,3,The Quiet Observer
5381,similarity,3,5,0,5,5,2,3,3,3,0,The Aesthetic Rover
5382,similarity,5,4,0,3,2,3,2,2,1,2,The Grounded Loyalist
5383,similarity,3,4,1,2,2,5,3,1,3,2,The Midnight Coder
5384,similarity,1,3,5,1,0,0,4,1,0,4,The Quiet Observer
5385,similarity,5,3,5,5,3,5,3,0,4,1,The Focused Builder
5386,similarity,1,2,4,4,1,1,4,5,5,3,The Grounded Loyalist
5387,similarity,5,2,4,3,0,2,5,2,3,5,The Spontaneous Socialite
5388,similarity,3,1,5,1,4,3,1,1,5,2,The Calm Strategist
5389,similarity,5,1,3,0,2,3,0,1,2,4,The Digital Nomad
5390,similarity,3,0,3,4,5,4,1,0,4,0,The Free Spirit
5391,similarity,1,0,2,5,5,5,2,5,1,3,The Spontaneous Socialite
5392,similarity,5,5,2,4,2,0,1,4,5,3,The Quiet Observer
5393,similarity,1,5,3,2,0,2,2,3,0,5,The Digital Nomad
5394,similarity,5,3,1,1,3,1,3,2,4,2,The Grounded Loyalist
5395,similarity,3,4,1,5,1,2,2,0,0,4,The Midnight Coder
5396,similarity,5,2,2,4,1,4,3,5,3,0,The Direct Idealist
5397,similarity,3,3,0,3,4,5,4,4,5,3,The Minimalist Architect
5398,similarity,1,1,0,1,2,4,5,3,2,5,The Grounded Loyalist
5399,similarity,3,0,5,0,5,0,5,2,4,1,The Focused Builder
5400,similarity,1,0,5,5,5,1,0,2,1,1,The Direct Idealist
5401,similarity,5,5,0,3,3,2,1,1,5,4,The Digital Nomad
5402,similarity,3,5,4,2,0,4,0,0,1,0,The Free Spirit
5403,similarity,5,4,4,0,4,3,1,3,4,2,The Aesthetic Rover
5404,similarity,3,4,3,5,3,4,2,2,0,5,The Pure Creator
5405,similarity,1,3,3,4,1,5,1,1,3,1,The Digital Nomad
5406,similarity,3,3,4,2,5,1,2,1,5,3,The Quiet Observer
5407,similarity,1,1,2,1,2,0,3,0,2,0,The Aesthetic Rover
5408,similarity,5,2,2,0,2,1,4,5,0,2,The Direct Idealist
5409,similarity,3,0,1,4,5,3,3,4,2,2,The Minimalist Architect
5410,similarity,5,1,1,3,3,4,5,1,5,5,The Calm Strategist
5411,similarity,3,5,1,1,1,3,0,0,1,1,The Focused Builder
5412,similarity,1,0,0,0,4,5,5,0,4,3,The Direct Idealist
5413,similarity,3,4,0,5,4,0,0,5,0,0,The Spontaneous Socialite
5414,similarity,1,5,1,3,1,1,1,4,3,2,The Calm Strategist
5415,similarity,5,3,5,2,5,3,0,3,5,4,The Aesthetic Rover
5416,similarity,3,2,5,3,2,2,1,2,3,0,The Pure Creator
5417,similarity,5,2,4,1,2,3,2,2,0,3,The Midnight Coder
5418,similarity,3,1,4,0,0,5,3,5,2,3,The Quiet Observer
5419,similarity,1,1,5,4,3,0,2,4,5,5,The Aesthetic Rover
5420,similarity,3,5,3,3,1,5,3,3,1,2,The Grounded Loyalist
5421,similarity,1,0,3,2,0,0,5,2,4,4,The Midnight Coder
5422,similarity,5,4,2,0,4,2,4,1,0,0,The Calm Strategist
5423,similarity,1,5,2,5,2,3,5,1,4,3,The Minimalist Architect
5424,similarity,5,3,3,3,5,4,0,0,5,5,The Free Spirit
5425,similarity,3,4,1,2,3,4,5,5,3,1,The Spontaneous Socialite
5426,similarity,1,2,1,1,2,5,0,2,0,4,The Calm Strategist
5427,similarity,3,3,2,5,0,0,1,1,2,4,The Digital Nomad
5428,similarity,1,1,0,4,4,2,2,1,5,0,The Free Spirit
5429,similarity,5,2,0,3,1,1,1,0,1,3,The Midnight Coder
5430,similarity,1,0,5,1,1,2,2,5,5,5,The Pure Creator
5431,similarity,5,1,5,0,4,4,4,4,0,1,The Minimalist Architect
5432,similarity,3,5,0,4,2,5,3,3,4,3,The Grounded Loyalist
5433,similarity,1,3,4,3,5,0,4,2,1,0,The Midnight Coder
5434,similarity,3,4,4,2,5,5,5,0,3,2,The Direct Idealist
5435,similarity,1,2,3,0,3,1,4,5,1,4,The Minimalist Architect
5436,similarity,4,3,3,5,0,2,5,4,2,5,The Spontaneous Socialite
5437,similarity,0,1,4,4,4,3,0,3,0,1,The Direct Idealist
5438,similarity,4,2,2,2,3,3,1,2,1,3,The Digital Nomad
5439,similarity,2,0,2,1,1,4,0,1,5,0,The Free Spirit
5440,similarity,0,1,1,5,5,5,1,1,0,2,The Spontaneous Socialite
5441,similarity,2,5,1,0,2,1,2,0,4,4,The Pure Creator
5442,similarity,0,0,1,5,0,0,2,3,2,1,The Digital Nomad
5443,similarity,4,4,0,3,5,1,3,2,3,3,The Grounded Loyalist
5444,similarity,0,5,0,2,3,3,4,1,1,3,The Aesthetic Rover
5445,similarity,4,3,1,1,1,4,3,1,2,0,The Direct Idealist
5446,similarity,2,3,5,5,4,5,4,0,0,2,The Minimalist Architect
5447,similarity,4,2,5,4,4,5,5,5,1,4,The Calm Strategist
5448,similarity,2,0,4,2,1,0,0,4,5,0,The Focused Builder
5449,similarity,0,1,4,1,5,1,5,3,3,3,The Direct Idealist
5450,similarity,4,5,5,0,3,2,0,0,4,5,The Digital Nomad
5451,similarity,0,0,3,4,2,2,1,0,2,1,The Calm Strategist
5452,similarity,4,4,3,3,0,3,0,5,3,4,The Aesthetic Rover
5453,similarity,2,5,2,1,3,4,2,4,1,4,The Pure Creator
5454,similarity,4,3,2,0,1,0,3,3,2,0,The Midnight Coder
5455,similarity,2,4,3,5,0,1,2,2,0,3,The Quiet Observer
5456,similarity,0,2,1,3,4,0,3,2,2,5,The Aesthetic Rover
5457,similarity,4,3,1,2,2,2,4,1,5,1,The Direct Idealist
5458,similarity,0,1,2,1,5,3,5,4,3,4,The Midnight Coder
5459,similarity,4,1,0,5,3,4,4,3,4,0,The Calm Strategist
5460,similarity,2,0,0,4,2,4,5,2,2,2,The Focused Builder
5461,similarity,4,0,5,2,0,5,0,1,3,5,The Free Spirit
5462,similarity,2,5,5,1,4,0,5,1,1,5,The Spontaneous Socialite
5463,similarity,0,5,0,0,1,1,0,0,3,1,The Calm Strategist
5464,similarity,4,4,4,4,1,1,2,5,0,3,The Aesthetic Rover
5465,similarity,0,2,4,3,4,2,1,2,2,0,The Free Spirit
5466,similarity,4,3,3,2,2,3,2,1,5,2,The Midnight Coder
5467,similarity,2,1,3,2,0,5,3,1,3,4,The Quiet Observer
5468,similarity,4,2,4,1,5,0,2,0,4,1,The Minimalist Architect
5469,similarity,2,0,2,5,3,5,3,5,2,3,The Grounded Loyalist
5470,similarity,0,1,2,4,0,1,4,4,4,5,The Midnight Coder
5471,similarity,2,5,3,3,4,2,5,3,1,0,The Direct Idealist
5472,similarity,0,5,1,1,3,3,4,2,3,2,The Minimalist Architect
5473,similarity,4,4,1,0,1,3,5,0,0,4,The Free Spirit
5474,similarity,2,4,0,5,5,4,0,5,4,1,The Spontaneous Socialite
5475,similarity,4,3,0,3,2,5,0,4,0,3,The Pure Creator
5476,similarity,2,3,1,2,0,1,1,3,3,5,The Digital Nomad
5477,similarity,0,2,5,0,5,2,2,2,5,2,The Free Spirit
5478,similarity,2,2,5,5,3,1,1,1,2,4,The Aesthetic Rover
5479,similarity,0,1,4,4,1,2,2,1,4,0,The Pure Creator
5480,similarity,4,1,4,2,4,4,3,0,1,0,The Minimalist Architect
5481,similarity,2,0,5,1,4,5,4,3,3,3,The Grounded Loyalist
5482,similarity,4,4,3,5,1,4,3,2,1,5,The Focused Builder
5483,similarity,2,4,3,4,5,0,4,1,4,1,The Direct Idealist
5484,similarity,0,3,2,3,3,1,5,1,0,4,The Minimalist Architect
5485,similarity,2,3,2,1,2,2,5,0,3,0,The Calm Strategist
5486,similarity,0,2,2,0,0,2,0,5,5,2,The Focused Builder
5487,similarity,4,2,1,5,3,3,1,4,2,5,The Pure Creator
5488,similarity,2,1,1,3,1,4,0,3,4,5,The Digital Nomad
5489,similarity,4,1,2,2,5,0,1,0,2,1,The Quiet Observer
5490,similarity,2,0,0,0,4,1,2,0,5,4,The Aesthetic Rover
5491,similarity,0,0,0,5,2,0,3,5,1,0,The Pure Creator
5492,similarity,2,5,5,0,5,1,2,4,4,2,The Midnight Coder
5493,similarity,0,5,5,4,3,3,3,3,0,5,The Quiet Observer
5494,similarity,4,4,0,3,2,4,4,2,3,1,The Focused Builder
5495,similarity,0,4,4,2,0,3,3,2,5,3,The Grounded Loyalist
5496,similarity,4,2,4,0,4,5,5,1,3,5,The Spontaneous Socialite
5497,similarity,2,1,3,5,1,0,0,4,4,0,The Calm Strategist
5498,similarity,0,1,3,3,1,1,5,3,2,2,The Focused Builder
5499,similarity,2,0,4,2,4,3,0,2,5,4,The Free Spirit
5500,similarity,0,0,2,1,2,2,1,1,1,1,The Spontaneous Socialite
5501,similarity,4,5,2,5,0,3,2,1,4,3,The Quiet Observer
5502,similarity,0,5,3,4,5,5,1,0,0,5,The Digital Nomad
5503,similarity,4,4,1,3,3,0,2,5,4,2,The Grounded Loyalist
5504,similarity,2,4,1,1,0,5,3,4,5,4,The Midnight Coder
5505,similarity,0,3,0,0,4,1,2,1,3,0,The Quiet Observer
5506,similarity,2,3,0,4,2,2,3,0,4,1,The Minimalist Architect
5507,similarity,0,2,1,3,1,3,5,0,2,3,The Grounded Loyalist
5508,similarity,4,2,5,2,5,4,4,5,5,5,The Spontaneous Socialite
5509,similarity,0,0,5,0,2,4,5,4,1,2,The Direct Idealist
5510,similarity,4,1,4,5,0,5,0,3,5,4,The Digital Nomad
5511,similarity,2,5,4,3,5,0,1,2,0,0,The Free Spirit
5512,similarity,0,0,5,2,3,2,0,2,4,2,The Spontaneous Socialite
5513,similarity,2,4,3,1,1,1,1,5,5,5,The Pure Creator
5514,similarity,0,3,3,5,4,2,2,4,3,1,The Digital Nomad
5515,similarity,4,3,2,4,4,4,1,3,0,1,The Grounded Loyalist
5516,similarity,0,2,2,3,1,5,2,2,2,4,The Aesthetic Rover
5517,similarity,4,2,2,3,5,4,3,1,0,0,The Direct Idealist
5518,similarity,2,1,1,2,3,0,3,1,1,2,The Minimalist Architect
5519,similarity,4,1,1,0,2,1,4,0,5,5,The Calm Strategist
5520,similarity,2,0,2,5,0,2,5,5,0,1,The Focused Builder
5521,similarity,0,0,0,4,3,3,0,2,4,3,The Direct Idealist
5522,similarity,4,4,0,2,1,3,5,1,0,0,The Digital Nomad
5523,similarity,0,5,5,1,5,4,0,1,3,2,The Calm Strategist
5524,similarity,4,3,5,0,4,5,1,0,1,2,The Aesthetic Rover
5525,similarity,2,4,0,4,2,1,0,5,2,4,The Pure Creator
5526,similarity,4,2,4,3,5,0,1,4,0,1,The Midnight Coder
5527,similarity,2,3,4,1,3,1,2,3,1,3,The Quiet Observer
5528,similarity,0,1,3,0,2,3,1,0,5,5,The Aesthetic Rover
5529,similarity,4,2,3,5,0,4,3,0,1,2,The Direct Idealist
5530,similarity,0,0,4,3,4,5,4,5,4,4,The Midnight Coder
5531,similarity,4,5,2,2,1,5,5,4,0,0,The Calm Strategist
5532,similarity,2,5,2,1,1,0,4,3,3,1,The Focused Builder
5533,similarity,4,4,3,5,4,1,5,2,1,3,The Free Spirit
5534,similarity,2,4,1,4,2,3,0,1,2,5,The Spontaneous Socialite
5535,similarity,0,2,1,2,0,2,5,1,0,2,The Calm Strategist
5536,similarity,4,3,0,1,3,3,0,4,2,4,The Aesthetic Rover
5537,similarity,0,1,0,0,3,4,1,3,5,0,The Free Spirit
5538,similarity,4,2,1,4,0,0,0,2,1,3,The Midnight Coder
5539,similarity,2,0,5,3,4,5,1,1,4,5,The Quiet Observer
5540,similarity,4,1,5,1,2,0,3,1,2,1,The Minimalist Architect
5541,similarity,2,5,4,0,1,2,4,0,3,1,The Grounded Loyalist
5542,similarity,0,0,4,5,5,3,3,5,1,4,The Midnight Coder
5543,similarity,2,4,5,5,2,4,4,4,3,0,The Direct Idealist
5544,similarity,0,5,3,4,0,4,5,1,0,2,The Minimalist Architect
5545,similarity,4,3,3,3,0,5,4,0,2,5,The Free Spirit
5546,similarity,2,2,4,1,3,0,5,0,5,1,The Spontaneous Socialite
5547,similarity,4,2,2,0,1,2,0,5,1,3,The Pure Creator
5548,similarity,2,0,2,4,4,1,5,4,4,0,The Digital Nomad
5549,similarity,0,1,1,3,4,2,0,3,2,2,The Free Spirit
5550,similarity,1,5,1,2,1,3,2,2,4,2,The Pure Creator
5551,similarity,5,0,2,0,5,5,3,2,1,5,The Minimalist Architect
5552,similarity,3,4,0,5,3,0,2,5,3,1,The Grounded Loyalist
5553,similarity,1,5,0,4,0,5,3,4,0,3,The Midnight Coder
5554,similarity,3,3,5,2,0,1,4,3,2,0,The Direct Idealist
5555,similarity,1,4,5,1,3,2,3,2,5,2,The Minimalist Architect
5556,similarity,5,2,0,5,1,3,4,1,3,4,The Free Spirit
5557,similarity,1,3,4,4,5,3,5,1,5,0,The Focused Builder
5558,similarity,5,1,4,3,4,4,4,0,2,3,The Pure Creator
5559,similarity,3,2,3,1,2,5,5,5,4,3,The Digital Nomad
5560,similarity,1,0,3,0,5,1,0,2,1,5,The Free Spirit
5561,similarity,3,0,3,5,3,0,2,1,3,2,The Aesthetic Rover
5562,similarity,1,5,2,3,3,1,1,1,1,4,The Pure Creator
5563,similarity,5,3,2,2,0,3,2,0,2,0,The Minimalist Architect
5564,similarity,1,4,3,0,4,4,3,5,0,3,The Quiet Observer
5565,similarity,5,2,1,5,1,5,2,4,3,5,The Focused Builder
5566,similarity,3,3,1,4,1,4,3,3,5,1,The Direct Idealist
5567,similarity,5,1,0,2,4,0,4,2,2,2,The Spontaneous Socialite
5568,similarity,3,2,0,3,2,1,3,0,4,4,The Calm Strategist
5569,similarity,1,0,1,1,0,2,4,5,2,0,The Focused Builder
5570,similarity,5,1,5,0,3,2,5,4,3,3,The Pure Creator
5571,similarity,1,5,5,5,3,3,0,3,1,5,The Spontaneous Socialite
5572,similarity,5,0,4,3,0,4,0,2,2,1,The Quiet Observer
5573,similarity,3,4,4,2,4,0,1,1,0,3,The Aesthetic Rover
5574,similarity,5,4,5,1,2,1,2,1,3,0,The Grounded Loyalist
5575,similarity,3,3,3,5,1,0,1,0,5,2,The Midnight Coder
5576,similarity,1,3,3,4,5,2,2,3,3,2,The Quiet Observer
5577,similarity,5,2,4,2,2,3,3,2,4,5,The Focused Builder
5578,similarity,1,2,2,1,0,4,2,1,2,1,The Grounded Loyalist
5579,similarity,5,1,2,0,0,3,3,1,3,3,The Spontaneous Socialite
5580,similarity,3,5,1,4,3,5,4,0,1,0,The Calm Strategist
5581,similarity,5,0,1,3,1,0,3,5,4,2,The Digital Nomad
5582,similarity,3,4,2,2,4,1,4,4,0,4,The Free Spirit
5583,similarity,1,5,0,0,2,3,0,1,4,1,The Spontaneous Socialite
5584,similarity,5,3,0,5,2,2,1,0,5,3,The Quiet Observer
5585,similarity,1,4,5,3,5,3,0,0,3,3,The Digital Nomad
5586,similarity,5,2,5,2,3,5,1,5,4,0,The Grounded Loyalist
5587,similarity,3,2,0,1,0,0,2,4,2,2,The Midnight Coder
5588,similarity,5,1,4,5,0,5,1,3,3,4,The Direct Idealist
5589,similarity,3,1,4,4,3,1,2,2,1,0,The Minimalist Architect
5590,similarity,1,0,3,3,1,2,3,2,5,3,The Grounded Loyalist
5591,similarity,3,0,3,1,5,3,2,5,0,5,The Focused Builder
5592,similarity,1,5,3,0,4,3,3,4,4,1,The Direct Idealist
5593,similarity,5,5,2,4,2,4,4,3,5,4,The Digital Nomad
5594,similarity,3,4,2,5,5,5,0,2,3,4,The Free Spirit
5595,similarity,5,4,3,4,3,0,5,1,4,0,The Aesthetic Rover
5596,similarity,3,3,1,2,3,2,0,1,2,3,The Pure Creator
5597,similarity,1,1,1,1,0,1,1,0,0,5,The Digital Nomad
5598,similarity,3,2,0,5,4,2,0,5,1,1,The Quiet Observer
5599,similarity,1,0,0,4,1,4,1,2,5,4,The Aesthetic Rover
5600,similarity,5,0,1,3,5,5,2,1,0,0,The Direct Idealist
5601,similarity,3,5,5,1,5,4,1,0,4,2,The Minimalist Architect
5602,similarity,5,5,5,0,2,0,2,0,5,5,The Calm Strategist
5603,similarity,3,4,4,5,0,1,3,5,3,5,The Focused Builder
5604,similarity,1,4,4,3,3,2,5,4,5,1,The Direct Idealist
5605,similarity,3,3,5,2,3,4,4,3,2,3,The Spontaneous Socialite
5606,similarity,1,3,3,0,0,3,5,2,0,0,The Calm Strategist
5607,similarity,5,2,3,5,4,4,0,0,1,2,The Aesthetic Rover
5608,similarity,3,2,4,4,2,5,5,5,5,4,The Pure Creator
5609,similarity,5,1,2,2,1,1,0,4,1,1,The Midnight Coder
5610,similarity,3,1,2,1,5,0,1,3,4,3,The Quiet Observer
5611,similarity,1,0,1,0,2,1,0,2,0,3,The Aesthetic Rover
5612,similarity,3,4,1,4,0,3,1,1,3,0,The Grounded Loyalist
5613,similarity,1,4,2,3,0,4,2,1,5,2,The Midnight Coder
5614,similarity,5,3,0,1,3,3,3,0,2,4,The Calm Strategist
5615,similarity,1,3,0,0,1,5,3,3,0,1,The Minimalist Architect
5616,similarity,5,2,5,5,4,0,4,2,2,3,The Free Spirit
5617,similarity,3,2,5,3,2,1,5,1,5,5,The Spontaneous Socialite
5618,similarity,1,1,0,2,2,3,4,1,1,2,The Calm Strategist
5619,similarity,3,1,4,3,5,2,5,0,4,4,The Digital Nomad
5620,similarity,1,0,4,1,3,3,0,5,0,4,The Free Spirit
5621,similarity,5,0,3,0,0,5,5,4,3,0,The Midnight Coder
5622,similarity,1,5,3,4,0,0,0,3,1,3,The Pure Creator
5623,similarity,5,5,3,3,4,5,1,0,3,5,The Minimalist Architect
5624,similarity,3,4,2,2,1,0,2,0,0,1,The Grounded Loyalist
5625,similarity,1,4,2,0,5,2,1,5,2,4,The Midnight Coder
5626,similarity,3,2,3,5,4,3,3,4,5,0,The Direct Idealist
5627,similarity,1,3,1,3,2,4,4,3,1,2,The Minimalist Architect
5628,similarity,5,1,1,2,5,4,3,2,4,5,The Free Spirit
5629,similarity,1,0,0,1,3,5,4,1,0,5,The Focused Builder
5630,similarity,5,0,0,5,1,0,5,1,4,1,The Pure Creator
5631,similarity,3,5,1,4,0,2,4,4,1,4,The Digital Nomad
5632,similarity,1,5,5,3,4,1,5,3,3,0,The Free Spirit
5633,similarity,3,4,5,1,1,2,0,2,0,2,The Aesthetic Rover
5634,similarity,1,4,4,0,5,4,1,1,2,5,The Pure Creator
5635,similarity,5,3,4,4,5,5,0,1,5,1,The Minimalist Architect
5636,similarity,1,3,4,3,2,4,1,0,1,3,The Quiet Observer
5637,similarity,5,2,3,2,0,0,3,5,5,5,The Focused Builder
5638,similarity,3,2,3,0,3,1,2,2,2,0,The Direct Idealist
5639,similarity,5,0,4,5,3,2,3,1,4,2,The Spontaneous Socialite
5640,similarity,3,1,2,4,1,3,4,0,1,4,The Calm Strategist
5641,similarity,1,5,2,2,4,3,3,0,3,1,The Focused Builder
5642,similarity,5,0,1,1,2,4,4,5,0,3,The Pure Creator
5643,similarity,1,4,1,5,1,5,5,4,2,5,The Spontaneous Socialite
5644,similarity,5,5,2,0,5,1,0,3,0,2,The Quiet Observer
5645,similarity,3,3,0,5,2,0,5,2,1,4,The Aesthetic Rover
5646,similarity,5,2,0,3,0,1,0,0,5,0,The Grounded Loyalist
5647,similarity,3,2,5,2,4,3,1,5,2,1,The Midnight Coder
5648,similarity,1,1,5,1,3,4,1,4,4,3,The Quiet Observer
5649,similarity,5,1,0,5,1,5,2,3,2,5,The Focused Builder
5650,similarity,1,5,4,4,4,5,3,2,3,2,The Grounded Loyalist
5651,similarity,5,0,4,2,2,0,2,1,1,4,The Spontaneous Socialite
5652,similarity,3,4,5,1,2,1,3,1,2,0,The Calm Strategist
5653,similarity,5,5,3,0,5,2,4,0,0,2,The Digital Nomad
5654,similarity,3,3,3,4,3,2,5,3,1,5,The Free Spirit
5655,similarity,1,4,2,3,0,3,4,2,5,5,The Spontaneous Socialite
5656,similarity,5,2,2,1,0,4,5,1,3,1,The Quiet Observer
5657,similarity,1,3,3,0,4,0,0,0,4,4,The Digital Nomad
5658,similarity,5,1,1,5,1,5,5,0,2,0,The Grounded Loyalist
5659,similarity,3,2,1,3,5,0,1,5,3,2,The Midnight Coder
5660,similarity,5,0,0,2,4,2,2,4,1,5,The Direct Idealist
5661,similarity,3,5,0,1,2,3,1,3,2,1,The Minimalist Architect
5662,similarity,1,5,1,5,0,4,2,0,0,3,The Grounded Loyalist
5663,similarity,3,3,5,4,3,4,3,0,4,0,The Focused Builder
5664,similarity,0,4,5,2,1,5,4,5,5,0,The Minimalist Architect
5665,similarity,4,2,4,1,0,0,3,4,3,2,The Free Spirit
5666,similarity,2,3,4,0,4,2,4,3,4,5,The Spontaneous Socialite
5667,similarity,4,1,4,4,1,1,5,2,2,1,The Pure Creator
5668,similarity,2,2,3,3,5,2,4,1,3,3,The Digital Nomad
5669,similarity,0,0,3,2,5,3,0,1,1,5,The Free Spirit
5670,similarity,2,1,4,2,2,5,1,4,3,2,The Aesthetic Rover
5671,similarity,0,5,2,1,0,0,0,3,0,4,The Pure Creator
5672,similarity,4,0,2,5,3,5,1,2,4,0,The Minimalist Architect
5673,similarity,2,4,1,4,3,1,2,1,5,1,The Grounded Loyalist
5674,similarity,4,5,1,3,1,2,3,1,3,3,The Focused Builder
5675,similarity,2,3,2,1,4,3,2,0,4,5,The Direct Idealist
5676,similarity,0,3,0,0,2,3,3,5,2,2,The Minimalist Architect
5677,similarity,2,2,0,5,5,4,4,4,4,4,The Calm Strategist
5678,similarity,0,0,5,3,5,5,3,1,1,0,The Focused Builder
5679,similarity,4,1,5,2,3,1,4,0,3,3,The Pure Creator
5680,similarity,2,5,0,0,0,2,0,0,0,5,The Digital Nomad
5681,similarity,4,0,4,5,4,1,5,5,4,1,The Quiet Observer
5682,similarity,2,4,4,4,3,2,0,4,5,2,The Aesthetic Rover
5683,similarity,0,5,5,2,1,4,1,3,3,4,The Pure Creator
5684,similarity,2,3,3,1,4,5,2,2,5,0,The Midnight Coder
5685,similarity,0,4,3,5,2,4,1,2,2,2,The Quiet Observer
5686,similarity,4,2,2,4,2,0,2,5,4,5,The Focused Builder
5687,similarity,0,3,2,3,5,1,3,4,1,1,The Grounded Loyalist
5688,similarity,4,1,3,1,3,2,2,3,5,3,The Spontaneous Socialite
5689,similarity,2,1,1,0,0,2,3,2,1,0,The Calm Strategist
5690,similarity,0,0,1,5,0,3,4,1,4,2,The Focused Builder
5691,similarity,2,0,0,3,4,4,4,1,0,2,The Free Spirit
5692,similarity,0,5,0,2,1,0,5,0,3,5,The Spontaneous Socialite
5693,similarity,4,5,1,0,5,1,0,3,5,1,The Quiet Observer
5694,similarity,0,4,5,5,2,0,5,2,2,3,The Digital Nomad
5695,similarity,4,2,5,0,2,2,0,1,4,0,The Grounded Loyalist
5696,similarity,2,3,4,4,0,3,1,0,2,2,The Midnight Coder
5697,similarity,0,1,4,3,3,4,2,0,5,4,The Quiet Observer
5698,similarity,2,2,4,2,1,3,1,5,1,0,The Minimalist Architect
5699,similarity,0,0,3,0,0,5,2,4,4,1,The Grounded Loyalist
5700,similarity,4,1,3,5,4,0,3,3,0,3,The Spontaneous Socialite
5701,similarity,0,5,4,3,2,1,2,0,3,5,The Direct Idealist
5702,similarity,4,5,2,2,5,3,4,0,5,2,The Digital Nomad
5703,similarity,2,4,2,1,5,2,5,5,3,4,The Free Spirit
5704,similarity,0,4,1,5,2,3,4,4,0,0,The Spontaneous Socialite
5705,similarity,2,3,1,4,0,5,5,3,2,3,The Pure Creator
5706,similarity,0,3,2,3,3,0,0,2,5,5,The Digital Nomad
5707,similarity,4,2,0,1,3,5,1,1,1,1,The Grounded Loyalist
5708,similarity,0,2,0,0,1,1,0,1,4,2,The Aesthetic Rover
5709,similarity,4,1,5,4,4,2,1,4,0,4,The Direct Idealist
5710,similarity,2,1,5,3,2,3,2,3,4,0,The Minimalist Architect
5711,similarity,4,0,5,2,5,2,1,2,5,3,The Calm Strategist
5712,similarity,2,4,4,0,5,4,2,1,3,5,The Focused Builder
5713,similarity,0,5,4,5,3,5,4,1,0,1,The Direct Idealist
5714,similarity,4,3,5,3,0,0,3,0,2,3,The Digital Nomad
5715,similarity,0,3,3,2,4,2,4,5,5,0,The Calm Strategist
5716,similarity,4,2,3,1,3,1,5,4,1,2,The Aesthetic Rover
5717,similarity,2,2,2,5,1,2,0,1,5,2,The Pure Creator
5718,similarity,4,1,2,4,5,4,5,0,0,5,The Midnight Coder
5719,similarity,2,1,3,3,2,5,0,0,4,1,The Quiet Observer
5720,similarity,0,0,1,3,2,4,1,5,5,3,The Aesthetic Rover
5721,similarity,4,0,1,2,5,0,0,4,3,0,The Direct Idealist
5722,similarity,0,5,0,0,3,1,1,3,0,2,The Midnight Coder
5723,similarity,4,5,0,5,0,2,3,2,2,4,The Calm Strategist
5724,similarity,2,4,1,4,4,4,2,1,0,1,The Focused Builder
5725,similarity,4,4,5,2,4,3,3,5,1,3,The Free Spirit
5726,similarity,2,3,5,1,1,4,4,4,5,3,The Spontaneous Socialite
5727,similarity,0,1,0,0,5,5,5,3,0,0,The Calm Strategist
5728,similarity,4,1,4,4,2,1,4,2,4,2,The Aesthetic Rover
5729,similarity,0,0,4,3,2,0,5,1,1,4,The Free Spirit
5730,similarity,4,0,3,1,0,1,0,1,3,0,The Midnight Coder
5731,similarity,2,5,3,0,3,3,5,0,1,3,The Quiet Observer
5732,similarity,4,5,4,5,1,4,0,5,2,5,The Minimalist Architect
5733,similarity,2,4,2,3,0,3,1,2,0,1,The Grounded Loyalist
5734,similarity,0,4,2,2,4,5,1,1,1,2,The Midnight Coder
5735,similarity,2,3,1,1,2,0,2,0,5,4,The Direct Idealist
5736,similarity,0,3,1,5,5,1,3,0,1,0,The Minimalist Architect
5737,similarity,4,2,2,4,5,3,4,5,4,3,The Free Spirit
5738,similarity,2,2,0,2,2,2,3,4,2,5,The Spontaneous Socialite
5739,similarity,4,1,0,1,0,3,4,3,3,1,The Pure Creator
5740,similarity,2,1,5,0,4,4,5,2,1,4,The Digital Nomad
5741,similarity,0,5,5,4,1,0,4,0,2,0,The Free Spirit
5742,similarity,2,0,5,3,1,5,5,5,0,2,The Aesthetic Rover
5743,similarity,0,4,4,1,4,0,0,4,2,3,The Pure Creator
5744,similarity,4,3,4,0,2,2,5,3,5,5,The Minimalist Architect
5745,similarity,2,3,5,5,5,3,1,2,3,1,The Grounded Loyalist
5746,similarity,4,2,3,5,5,4,2,1,4,3,The Focused Builder
5747,similarity,2,2,3,4,3,4,3,1,2,0,The Direct Idealist
5748,similarity,0,1,2,3,0,5,2,4,3,2,The Minimalist Architect
5749,similarity,2,1,2,1,4,0,3,3,1,4,The Calm Strategist
5750,similarity,0,0,3,0,3,2,4,2,3,1,The Focused Builder
5751,similarity,4,0,1,4,1,1,3,1,0,3,The Pure Creator
5752,similarity,2,5,1,3,5,2,4,0,2,3,The Digital Nomad
5753,similarity,4,5,0,2,2,4,5,0,5,0,The Quiet Observer
5754,similarity,2,3,0,0,2,5,4,5,3,2,The Aesthetic Rover
5755,similarity,0,4,1,5,5,0,5,4,4,4,The Pure Creator
5756,similarity,2,2,5,4,3,5,1,1,2,1,The Midnight Coder
5757,similarity,0,3,5,2,1,1,2,0,4,3,The Quiet Observer
5758,similarity,4,1,0,1,4,2,1,0,1,5,The Focused Builder
5759,similarity,0,2,4,5,4,3,2,5,3,2,The Grounded Loyalist
5760,similarity,4,0,4,4,1,3,3,4,0,4,The Spontaneous Socialite
5761,similarity,2,5,3,3,5,4,2,3,2,4,The Calm Strategist
5762,similarity,0,5,3,1,2,5,3,2,5,0,The Focused Builder
5763,similarity,2,4,4,0,2,1,4,1,3,3,The Free Spirit
5764,similarity,0,4,2,4,0,0,3,5,5,5,The Spontaneous Socialite
5765,similarity,4,3,2,3,3,1,4,4,2,1,The Quiet Observer
5766,similarity,0,3,1,2,1,3,5,3,4,4,The Digital Nomad
5767,similarity,4,1,1,0,0,4,1,2,1,0,The Grounded Loyalist
5768,similarity,2,2,2,5,4,5,0,1,3,2,The Midnight Coder
5769,similarity,0,0,0,4,2,4,1,1,0,5,The Quiet Observer
5770,similarity,2,1,0,2,5,0,2,0,4,5,The Minimalist Architect
5771,similarity,0,5,5,3,3,1,1,5,0,1,The Grounded Loyalist
5772,similarity,4,0,5,1,2,2,2,2,3,4,The Spontaneous Socialite
5773,similarity,0,4,5,0,0,2,3,1,5,0,The Direct Idealist
5774,similarity,4,5,4,5,4,3,2,0,2,2,The Digital Nomad
5775,similarity,2,3,4,3,1,4,3,0,4,5,The Free Spirit
5776,similarity,0,2,5,2,1,0,4,5,2,1,The Spontaneous Socialite
5777,similarity,2,2,3,1,4,1,5,4,3,3,The Pure Creator
5778,similarity,0,1,3,5,2,0,5,3,1,3,The Digital Nomad
5779,similarity,3,1,2,4,5,2,0,2,4,0,The Midnight Coder
5780,similarity,5,5,2,2,5,3,1,0,0,2,The Direct Idealist
5781,similarity,3,0,3,1,3,4,0,5,3,4,The Minimalist Architect
5782,similarity,1,4,1,0,0,4,1,4,5,1,The Grounded Loyalist
5783,similarity,3,5,1,4,4,5,2,3,3,3,The Focused Builder
5784,similarity,1,3,0,3,3,0,1,2,4,5,The Direct Idealist
5785,similarity,5,4,0,2,1,1,2,1,2,2,The Digital Nomad
5786,similarity,3,2,0,0,5,1,3,1,5,4,The Free Spirit
5787,similarity,5,3,5,5,2,2,4,0,1,4,The Aesthetic Rover
5788,similarity,3,1,5,3,0,3,4,3,4,1,The Pure Creator
5789,similarity,1,2,0,2,5,5,5,2,0,3,The Digital Nomad
5790,similarity,3,0,4,1,3,0,0,1,4,5,The Quiet Observer
5791,similarity,1,1,4,5,1,5,5,0,5,2,The Aesthetic Rover
5792,similarity,5,5,3,4,4,1,0,0,3,4,The Direct Idealist
5793,similarity,3,3,3,2,4,2,1,5,4,0,The Minimalist Architect
5794,similarity,5,4,4,1,1,3,0,4,2,2,The Calm Strategist
5795,similarity,3,2,2,0,5,3,1,3,5,5,The Focused Builder
5796,similarity,1,3,2,4,3,4,2,0,1,5,The Direct Idealist
5797,similarity,3,1,1,5,2,5,3,0,5,1,The Spontaneous Socialite
5798,similarity,1,2,1,4,0,0,2,5,0,4,The Calm Strategist
5799,similarity,5,0,2,2,3,2,4,4,4,0,The Aesthetic Rover
5800,similarity,3,1,0,1,1,1,5,3,5,2,The Pure Creator
5801,similarity,5,5,0,5,0,2,4,2,3,5,The Midnight Coder
5802,similarity,3,0,5,4,4,4,5,1,4,1,The Quiet Observer
5803,similarity,1,4,5,3,2,5,0,5,2,3,The Aesthetic Rover
5804,similarity,3,4,5,1,5,4,5,4,0,0,The Grounded Loyalist
5805,similarity,1,3,4,0,3,0,0,3,1,0,The Midnight Coder
5806,similarity,5,3,4,5,2,1,1,2,5,2,The Calm Strategist
5807,similarity,1,2,5,3,0,2,0,1,0,5,The Minimalist Architect
5808,similarity,5,2,3,2,4,2,1,1,4,1,The Free Spirit
5809,similarity,3,1,3,0,1,3,2,0,5,3,The Spontaneous Socialite
5810,similarity,1,5,2,5,1,4,4,5,3,5,The Calm Strategist
5811,similarity,3,0,2,4,4,0,3,2,1,2,The Digital Nomad
5812,similarity,1,4,3,2,2,1,4,1,2,4,The Free Spirit
5813,similarity,5,5,1,1,0,0,5,0,0,0,The Midnight Coder
5814,similarity,1,3,1,0,5,1,4,0,1,1,The Pure Creator
5815,similarity,5,4,0,4,3,3,5,5,5,3,The Minimalist Architect
5816,similarity,3,2,0,3,0,4,0,4,0,5,The Grounded Loyalist
5817,similarity,1,2,0,1,4,3,5,3,4,2,The Midnight Coder
5818,similarity,3,1,5,0,1,5,0,2,0,4,The Direct Idealist
5819,similarity,1,1,5,5,1,0,1,5,3,0,The Minimalist Architect
5820,similarity,5,0,0,3,5,1,2,5,1,3,The Free Spirit
5821,similarity,1,0,4,2,2,3,2,4,2,5,The Focused Builder
5822,similarity,5,5,4,2,0,2,3,3,0,5,The Pure Creator
5823,similarity,3,5,3,1,5,3,4,2,2,2,The Digital Nomad
5824,similarity,1,4,3,0,3,5,3,1,5,4,The Free Spirit
5825,similarity,3,2,4,4,1,0,4,1,1,0,The Aesthetic Rover
5826,similarity,1,3,2,3,4,5,5,0,4,2,The Pure Creator
5827,similarity,5,1,2,2,4,0,4,3,0,5,The Minimalist Architect
5828,similarity,1,2,1,0,1,2,5,2,3,1,The Quiet Observer
5829,similarity,5,0,1,5,5,3,0,1,1,3,The Focused Builder
5830,similarity,3,0,2,3,3,4,1,0,3,0,The Direct Idealist
5831,similarity,5,5,0,2,2,4,0,0,0,0,The Spontaneous Socialite
5832,similarity,3,5,0,1,0,5,2,5,2,2,The Calm Strategist
5833,similarity,1,4,1,5,3,0,3,4,5,5,The Focused Builder
5834,similarity,5,4,5,4,1,2,2,3,1,1,The Pure Creator
5835,similarity,1,3,5,3,5,1,3,0,4,3,The Spontaneous Socialite
5836,similarity,5,3,4,1,4,2,4,0,2,0,The Quiet Observer
5837,similarity,3,2,4,0,2,4,3,5,4,2,The Aesthetic Rover
5838,similarity,5,2,5,4,5,5,4,4,1,4,The Grounded Loyalist
5839,similarity,3,1,3,3,3,4,5,3,3,1,The Midnight Coder
5840,similarity,1,1,3,2,2,0,0,2,0,1,The Quiet Observer
5841,similarity,5,0,2,0,0,1,5,1,2,3,The Focused Builder
5842,similarity,1,4,2,5,4,2,1,1,5,5,The Grounded Loyalist
5843,similarity,5,4,3,4,1,3,2,4,1,2,The Spontaneous Socialite
5844,similarity,3,3,1,2,1,3,1,3,5,4,The Calm Strategist
5845,similarity,5,3,1,1,4,4,2,2,2,0,The Digital Nomad
5846,similarity,3,2,0,5,2,5,3,1,4,3,The Free Spirit
5847,similarity,1,2,0,0,0,1,2,0,1,5,The Spontaneous Socialite
5848,similarity,5,1,0,5,5,0,3,0,3,1,The Quiet Observer
5849,similarity,1,1,5,3,3,1,4,5,0,2,The Digital Nomad
5850,similarity,5,0,5,2,0,3,5,4,2,4,The Grounded Loyalist
5851,similarity,3,0,0,0,4,4,4,1,0,0,The Midnight Coder
5852,similarity,5,5,4,5,2,5,5,0,3,3,The Direct Idealist
5853,similarity,3,5,4,4,1,5,1,0,5,5,The Minimalist Architect
5854,similarity,1,4,3,2,5,0,0,5,2,1,The Grounded Loyalist
5855,similarity,3,4,3,1,2,1,1,4,4,3,The Focused Builder
5856,similarity,1,2,4,0,0,2,2,3,1,0,The Direct Idealist
5857,similarity,5,3,2,4,5,2,1,2,3,2,The Digital Nomad
5858,similarity,3,1,2,3,3,3,2,5,1,2,The Free Spirit
5859,similarity,5,0,1,1,1,4,3,5,2,5,The Aesthetic Rover
5860,similarity,3,0,1,0,4,0,4,4,0,1,The Pure Creator
5861,similarity,1,5,1,5,4,5,3,3,3,3,The Digital Nomad
5862,similarity,3,5,0,3,1,0,4,2,5,0,The Quiet Observer
5863,similarity,1,4,0,2,5,2,5,1,3,2,The Aesthetic Rover
5864,similarity,5,4,1,1,3,3,5,1,4,4,The Direct Idealist
5865,similarity,3,3,5,5,0,4,0,0,2,1,The Minimalist Architect
5866,similarity,5,3,5,4,0,4,1,3,3,1,The Calm Strategist
5867,similarity,3,2,4,2,3,5,0,2,1,3,The Focused Builder
5868,similarity,1,2,4,1,1,0,1,1,2,0,The Direct Idealist
5869,similarity,3,0,5,0,5,2,2,0,0,2,The Spontaneous Socialite
5870,similarity,1,1,3,4,4,1,3,0,4,4,The Calm Strategist
5871,similarity,5,5,3,3,2,2,2,5,5,0,The Aesthetic Rover
5872,similarity,3,0,2,2,5,3,3,4,3,3,The Pure Creator
5873,similarity,5,4,2,2,3,5,4,3,4,5,The Midnight Coder
5874,similarity,3,5,3,1,3,0,3,0,2,1,The Quiet Observer
5875,similarity,1,3,1,5,0,5,5,0,3,2,The Aesthetic Rover
5876,similarity,3,2,1,4,4,1,0,5,1,4,The Grounded Loyalist
5877,similarity,1,2,0,3,1,2,5,4,5,0,The Midnight Coder
5878,similarity,5,1,0,1,1,3,0,3,0,3,The Calm Strategist
5879,similarity,1,1,0,0,4,3,1,2,4,5,The Minimalist Architect
5880,similarity,5,0,5,4,2,4,2,1,5,1,The Free Spirit
5881,similarity,3,0,5,3,0,5,1,1,3,4,The Spontaneous Socialite
5882,similarity,1,4,0,2,3,1,2,4,4,0,The Calm Strategist
5883,similarity,3,5,4,0,3,0,3,3,2,2,The Digital Nomad
5884,similarity,1,3,4,5,0,1,2,2,4,3,The Free Spirit
5885,similarity,5,4,3,4,4,2,3,1,1,5,The Midnight Coder
5886,similarity,1,2,3,2,2,4,5,0,5,1,The Pure Creator
5887,similarity,5,3,4,1,1,5,4,0,0,3,The Minimalist Architect
5888,similarity,3,1,2,5,5,4,5,5,4,0,The Grounded Loyalist
5889,similarity,1,2,2,4,2,0,0,4,5,2,The Midnight Coder
5890,similarity,3,0,1,3,0,1,1,1,3,4,The Direct Idealist
5891,similarity,1,5,1,1,0,2,0,0,5,1,The Minimalist Architect
5892,similarity,5,5,1,0,3,2,1,0,2,3,The Free Spirit
5893,similarity,0,4,0,5,1,3,2,5,0,3,The Direct Idealist
5894,similarity,4,4,0,3,4,4,1,4,1,0,The Digital Nomad
5895,similarity,2,2,1,2,4,0,2,3,5,2,The Free Spirit
5896,similarity,0,3,5,0,1,1,4,2,0,4,The Spontaneous Socialite
5897,similarity,2,1,5,5,5,0,3,1,4,1,The Pure Creator
5898,similarity,0,2,4,0,3,2,4,5,0,3,The Digital Nomad
5899,similarity,4,0,4,4,0,3,5,4,3,5,The Grounded Loyalist
5900,similarity,0,1,5,3,0,4,0,3,5,2,The Aesthetic Rover
5901,similarity,4,5,3,2,3,3,5,2,2,2,The Direct Idealist
5902,similarity,2,0,3,0,1,5,0,1,0,4,The Minimalist Architect
5903,similarity,4,4,2,5,5,0,1,1,1,0,The Calm Strategist
5904,similarity,2,5,2,3,4,1,0,0,5,3,The Focused Builder
5905,similarity,0,3,2,2,2,1,1,5,1,5,The Direct Idealist
5906,similarity,4,4,1,1,5,2,2,2,4,1,The Digital Nomad
5907,similarity,0,2,1,5,3,3,2,1,0,4,The Calm Strategist
5908,similarity,4,0,2,4,3,5,3,0,3,0,The Aesthetic Rover
5909,similarity,2,1,0,2,0,0,4,0,5,2,The Pure Creator
5910,similarity,4,5,0,1,4,5,5,5,3,3,The Midnight Coder
5911,similarity,2,0,5,0,1,1,4,4,0,5,The Quiet Observer
5912,similarity,0,4,5,4,5,2,5,3,2,1,The Aesthetic Rover
5913,similarity,4,5,0,3,5,3,0,0,5,4,The Direct Idealist
5914,similarity,0,3,4,2,2,2,5,5,1,0,The Midnight Coder
5915,similarity,4,4,4,0,0,4,0,5,4,2,The Calm Strategist
5916,similarity,2,2,3,5,3,5,1,4,0,5,The Focused Builder
5917,similarity,4,3,3,3,3,0,0,3,4,1,The Free Spirit
5918,similarity,2,1,4,2,0,2,2,2,1,3,The Spontaneous Socialite
5919,similarity,0,2,2,1,4,1,3,1,3,3,The Calm Strategist
5920,similarity,4,0,2,5,2,2,2,1,0,0,The Aesthetic Rover
5921,similarity,0,0,1,4,1,4,3,4,2,2,The Free Spirit
5922,similarity,4,5,1,3,5,5,4,3,5,4,The Midnight Coder
5923,similarity,2,5,1,3,2,4,5,2,1,1,The Quiet Observer
5924,similarity,4,4,0,2,0,0,4,1,5,3,The Minimalist Architect
5925,similarity,2,2,0,0,0,1,5,0,0,5,The Grounded Loyalist
5926,similarity,0,3,1,5,3,2,0,0,4,2,The Midnight Coder
5927,similarity,2,1,5,4,1,4,5,5,1,4,The Direct Idealist
5928,similarity,0,2,5,2,4,3,0,4,3,4,The Minimalist Architect
5929,similarity,4,0,4,1,2,4,2,1,0,1,The Free Spirit
5930,similarity,2,1,4,0,2,5,1,0,2,3,The Spontaneous Socialite
5931,similarity,4,5,5,4,5,1,2,0,0,5,The Pure Creator
5932,similarity,2,0,3,3,3,0,3,5,1,2,The Digital Nomad
5933,similarity,0,4,3,1,0,1,4,4,5,4,The Free Spirit
5934,similarity,2,4,2,0,0,3,3,3,0,0,The Aesthetic Rover
5935,similarity,0,3,2,5,3,4,4,2,4,2,The Pure Creator
5936,similarity,4,3,2,3,1,3,5,1,1,5,The Minimalist Architect
5937,similarity,2,2,1,2,5,5,4,5,3,5,The Grounded Loyalist
5938,similarity,4,2,1,0,4,0,5,4,1,1,The Focused Builder
5939,similarity,2,1,2,5,2,1,0,3,2,4,The Direct Idealist
5940,similarity,0,5,0,4,5,3,0,2,0,0,The Minimalist Architect
5941,similarity,2,0,0,2,3,2,1,1,1,2,The Calm Strategist
5942,similarity,0,4,5,1,3,3,2,0,5,5,The Focused Builder
5943,similarity,4,5,5,0,0,4,3,0,2,1,The Pure Creator
5944,similarity,2,3,0,4,4,0,2,5,4,3,The Digital Nomad
5945,similarity,4,4,4,3,1,5,3,2,2,4,The Quiet Observer
5946,similarity,2,2,4,1,5,0,4,1,3,0,The Aesthetic Rover
5947,similarity,0,2,3,0,5,2,3,0,1,2,The Pure Creator
5948,similarity,2,1,3,5,2,3,4,0,2,5,The Midnight Coder
5949,similarity,0,1,4,5,0,4,5,5,0,1,The Quiet Observer
5950,similarity,4,0,2,4,3,4,4,4,2,3,The Focused Builder
5951,similarity,0,0,2,3,3,5,0,3,5,5,The Grounded Loyalist
5952,similarity,4,5,1,1,1,0,1,2,3,2,The Spontaneous Socialite
5953,similarity,2,5,1,0,4,2,2,5,4,4,The Calm Strategist
5954,similarity,0,4,1,4,2,1,1,5,2,4,The Focused Builder
5955,similarity,2,4,0,3,1,2,2,4,3,1,The Free Spirit
5956,similarity,0,3,0,2,5,4,3,3,1,3,The Spontaneous Socialite
5957,similarity,4,1,1,0,2,5,2,2,3,5,The Quiet Observer
5958,similarity,0,1,5,5,0,4,3,1,0,2,The Digital Nomad
5959,similarity,4,0,5,4,4,5,4,1,4,4,The Grounded Loyalist
5960,similarity,2,0,4,2,3,1,3,0,5,0,The Midnight Coder
5961,similarity,0,5,4,1,1,2,5,3,3,3,The Quiet Observer
5962,similarity,2,5,5,5,4,3,0,2,4,5,The Minimalist Architect
5963,similarity,0,4,3,4,2,3,1,1,2,5,The Grounded Loyalist
5964,similarity,4,4,3,3,2,4,0,0,4,2,The Spontaneous Socialite
5965,similarity,0,3,2,1,5,5,1,0,1,4,The Direct Idealist
5966,similarity,4,3,2,0,3,1,2,5,3,0,The Digital Nomad
5967,similarity,2,2,2,4,0,0,1,4,0,2,The Free Spirit
5968,similarity,0,2,1,3,0,1,2,1,4,5,The Spontaneous Socialite
5969,similarity,2,1,1,2,4,3,3,0,5,1,The Pure Creator
5970,similarity,0,1,2,0,1,4,2,0,3,3,The Digital Nomad
5971,similarity,4,5,0,5,5,5,3,5,5,0,The Grounded Loyalist
5972,similarity,0,0,0,4,4,4,5,4,2,0,The Aesthetic Rover
5973,similarity,4,4,5,2,2,0,0,3,4,2,The Direct Idealist
5974,similarity,2,3,5,3,5,1,5,2,1,5,The Minimalist Architect
5975,similarity,4,3,0,1,3,2,0,1,3,1,The Calm Strategist
5976,similarity,2,2,4,0,1,2,1,5,0,3,The Focused Builder
5977,similarity,0,2,4,5,0,3,0,4,4,0,The Direct Idealist
5978,similarity,4,1,3,3,4,4,1,3,0,2,The Digital Nomad
5979,similarity,0,1,3,2,1,0,2,2,3,4,The Calm Strategist
5980,similarity,4,0,3,1,5,5,1,1,5,1,The Aesthetic Rover
5981,similarity,2,0,2,5,5,0,2,0,2,1,The Pure Creator
5982,similarity,4,5,2,4,2,2,3,0,4,3,The Midnight Coder
5983,similarity,2,5,1,2,0,3,5,5,1,5,The Quiet Observer
5984,similarity,0,3,1,1,3,4,4,2,5,2,The Aesthetic Rover
5985,similarity,4,4,1,0,3,4,5,1,1,4,The Direct Idealist
5986,similarity,0,2,0,4,1,5,0,0,4,0,The Midnight Coder
5987,similarity,4,3,0,3,4,0,5,0,0,3,The Calm Strategist
5988,similarity,2,1,1,2,2,1,0,5,3,5,The Focused Builder
5989,similarity,4,2,5,0,1,1,1,4,5,5,The Free Spirit
5990,similarity,2,0,5,5,5,2,0,3,3,2,The Spontaneous Socialite
5991,similarity,0,5,4,3,3,3,1,2,4,4,The Calm Strategist
5992,similarity,4,5,4,2,0,5,2,5,2,0,The Aesthetic Rover
5993,similarity,0,4,5,1,4,0,3,5,5,3,The Free Spirit
5994,similarity,4,4,3,5,3,5,3,4,1,5,The Midnight Coder
5995,similarity,2,3,3,4,1,1,4,3,4,1,The Quiet Observer
5996,similarity,4,3,2,2,4,2,5,2,0,4,The Minimalist Architect
5997,similarity,2,1,2,1,2,3,4,1,4,0,The Grounded Loyalist
5998,similarity,0,2,2,0,2,3,5,1,5,0,The Midnight Coder
5999,similarity,2,0,1,4,5,4,0,0,3,2,The Direct Idealist
6000,similarity,0,1,1,5,3,5,5,3,0,5,The Minimalist Architect
6001,similarity,4,5,2,4,0,0,0,2,2,1,The Free Spirit
6002,similarity,2,0,0,2,0,2,1,1,5,3,The Spontaneous Socialite
6003,similarity,4,4,0,1,4,1,2,0,1,0,The Pure Creator
6004,similarity,2,5,5,5,1,2,1,0,5,2,The Digital Nomad
6005,similarity,0,3,5,4,5,4,3,5,0,4,The Free Spirit
6006,similarity,2,2,0,3,4,5,4,4,4,1,The Aesthetic Rover
6007,similarity,0,2,4,1,2,4,3,3,5,1,The Pure Creator
6008,similarity,3,1,4,0,0,0,4,0,3,3,The Grounded Loyalist
6009,similarity,1,1,3,5,3,1,5,5,0,0,The Midnight Coder
6010,similarity,3,5,3,3,1,2,4,5,2,2,The Direct Idealist
6011,similarity,1,0,3,2,0,2,5,4,0,4,The Minimalist Architect
6012,similarity,5,4,2,0,4,3,0,3,1,1,The Free Spirit
6013,similarity,1,5,2,5,1,4,1,2,5,3,The Focused Builder
6014,similarity,5,3,3,4,5,0,0,1,0,5,The Pure Creator
6015,similarity,3,4,1,2,5,1,2,1,4,1,The Digital Nomad
6016,similarity,1,2,1,1,2,0,3,4,5,2,The Free Spirit
6017,similarity,3,3,0,0,0,1,2,3,3,4,The Aesthetic Rover
6018,similarity,1,1,0,4,3,3,3,2,1,0,The Pure Creator
6019,similarity,5,2,1,3,3,4,4,1,2,3,The Minimalist Architect
6020,similarity,1,0,5,1,1,3,3,0,0,5,The Quiet Observer
6021,similarity,5,1,5,0,4,5,4,0,1,1,The Focused Builder
6022,similarity,3,5,4,5,2,0,5,5,5,4,The Direct Idealist
6023,similarity,5,3,4,3,5,1,0,4,0,0,The Spontaneous Socialite
6024,similarity,3,4,5,2,5,3,5,1,4,2,The Calm Strategist
6025,similarity,1,2,3,2,3,2,0,0,2,3,The Focused Builder
6026,similarity,5,3,3,1,0,3,2,0,3,5,The Pure Creator
6027,similarity,1,1,2,0,4,5,1,5,1,1,The Spontaneous Socialite
6028,similarity,5,2,2,4,3,0,2,4,2,3,The Quiet Observer
6029,similarity,3,0,2,3,1,5,3,3,0,0,The Aesthetic Rover
6030,similarity,5,1,1,2,5,0,2,2,1,2,The Grounded Loyalist
6031,similarity,3,5,1,0,2,2,3,5,5,4,The Midnight Coder
6032,similarity,1,0,2,5,2,3,4,5,1,1,The Quiet Observer
6033,similarity,5,4,0,3,5,2,3,4,4,1,The Focused Builder
6034,similarity,1,5,0,2,3,4,4,3,2,3,The Grounded Loyalist
6035,similarity,5,3,5,1,0,5,5,2,3,0,The Spontaneous Socialite
6036,similarity,3,3,5,5,0,0,0,1,1,2,The Calm Strategist
6037,similarity,5,2,0,4,4,2,0,0,3,4,The Digital Nomad
6038,similarity,3,2,4,3,1,1,1,0,0,1,The Free Spirit
6039,similarity,1,1,4,1,5,2,2,3,2,3,The Spontaneous Socialite
6040,similarity,5,5,3,0,2,4,1,2,5,5,The Quiet Observer
6041,similarity,1,0,3,4,2,5,2,1,3,2,The Digital Nomad
6042,similarity,5,4,3,3,0,4,3,0,4,2,The Grounded Loyalist
6043,similarity,3,5,2,2,3,0,2,0,2,4,The Midnight Coder
6044,similarity,5,3,2,0,1,1,3,5,4,0,The Direct Idealist
6045,similarity,3,4,3,5,0,2,4,4,1,3,The Minimalist Architect
6046,similarity,1,2,1,4,4,3,5,3,3,5,The Grounded Loyalist
6047,similarity,3,3,1,2,2,3,4,0,0,1,The Focused Builder
6048,similarity,1,1,0,1,5,4,0,5,2,4,The Direct Idealist
6049,similarity,5,1,0,5,5,5,1,5,5,0,The Digital Nomad
6050,similarity,3,0,1,0,2,1,0,4,3,2,The Free Spirit
6051,similarity,5,0,5,5,0,0,1,3,5,3,The Aesthetic Rover
6052,similarity,3,5,5,3,3,1,2,2,2,5,The Pure Creator
6053,similarity,1,5,4,2,3,3,1,1,4,1,The Digital Nomad
6054,similarity,3,4,4,0,1,4,2,1,1,4,The Quiet Observer
6055,similarity,1,2,4,5,4,3,3,4,3,0,The Aesthetic Rover
6056,similarity,5,3,3,4,2,5,4,3,0,2,The Direct Idealist
6057,similarity,3,1,3,2,5,0,3,2,2,5,The Minimalist Architect
6058,similarity,5,2,2,1,5,1,4,1,0,1,The Calm Strategist
6059,similarity,3,0,2,0,3,2,0,0,3,3,The Focused Builder
6060,similarity,1,1,2,4,0,2,5,0,5,3,The Direct Idealist
6061,similarity,3,5,1,3,4,3,0,5,2,0,The Spontaneous Socialite
6062,similarity,1,5,1,1,3,4,1,4,4,2,The Calm Strategist
6063,similarity,5,4,2,0,1,0,0,1,1,4,The Aesthetic Rover
6064,similarity,3,4,0,5,5,5,1,0,3,1,The Pure Creator
6065,similarity,5,3,0,3,2,0,2,0,1,3,The Midnight Coder
6066,similarity,3,3,5,2,2,2,3,5,4,5,The Quiet Observer
6067,similarity,1,2,5,1,5,3,2,4,0,2,The Aesthetic Rover
6068,similarity,3,2,0,5,3,4,3,3,3,2,The Grounded Loyalist
6069,similarity,1,1,4,4,0,4,4,2,5,4,The Midnight Coder
6070,similarity,5,1,4,2,4,5,4,1,2,1,The Calm Strategist
6071,similarity,1,0,3,1,4,0,5,5,4,3,The Minimalist Architect
6072,similarity,5,4,3,0,1,2,0,4,2,5,The Free Spirit
6073,similarity,3,5,3,4,5,1,5,3,3,2,The Spontaneous Socialite
6074,similarity,1,3,2,3,2,2,0,2,1,4,The Calm Strategist
6075,similarity,3,3,2,2,2,3,1,1,4,0,The Digital Nomad
6076,similarity,1,2,3,2,0,5,2,0,0,2,The Free Spirit
6077,similarity,5,2,1,1,3,4,1,0,4,3,The Midnight Coder
6078,similarity,1,1,1,5,1,5,2,5,5,5,The Pure Creator
6079,similarity,5,1,0,4,0,1,3,2,3,1,The Minimalist Architect
6080,similarity,3,0,0,3,4,2,3,1,4,4,The Grounded Loyalist
6081,similarity,1,0,1,1,2,3,4,0,2,0,The Midnight Coder
6082,similarity,3,5,5,0,5,3,5,0,3,2,The Direct Idealist
6083,similarity,1,5,5,4,5,4,4,5,1,5,The Minimalist Architect
6084,similarity,5,4,4,3,2,5,5,4,5,1,The Free Spirit
6085,similarity,1,4,4,2,0,1,0,3,0,3,The Focused Builder
6086,similarity,5,3,4,0,4,0,1,0,4,4,The Pure Creator
6087,similarity,3,3,3,5,1,1,0,5,5,0,The Digital Nomad
6088,similarity,1,1,3,4,1,2,1,5,3,2,The Free Spirit
6089,similarity,3,0,4,2,4,4,2,4,4,5,The Aesthetic Rover
6090,similarity,1,0,2,1,2,5,1,3,2,1,The Pure Creator
6091,similarity,5,5,2,5,5,4,3,2,0,3,The Minimalist Architect
6092,similarity,1,5,1,4,5,0,4,1,1,5,The Quiet Observer
6093,similarity,5,4,1,3,3,1,3,1,5,2,The Focused Builder
6094,similarity,3,4,2,1,0,2,4,4,0,4,The Direct Idealist
6095,similarity,5,3,0,0,4,2,5,3,4,4,The Spontaneous Socialite
6096,similarity,3,3,0,5,3,3,0,2,5,1,The Calm Strategist
6097,similarity,1,2,5,3,1,4,5,1,3,3,The Focused Builder
6098,similarity,5,2,5,2,5,0,0,0,5,5,The Pure Creator
6099,similarity,1,1,0,0,2,1,1,0,2,2,The Spontaneous Socialite
6100,similarity,5,1,4,5,2,0,0,5,0,4,The Quiet Observer
6101,similarity,3,5,4,0,5,2,1,4,1,0,The Aesthetic Rover
6102,similarity,5,0,3,4,3,3,3,1,5,3,The Grounded Loyalist
6103,similarity,3,4,3,3,1,4,2,0,0,5,The Midnight Coder
6104,similarity,1,3,3,1,4,3,3,5,4,5,The Quiet Observer
6105,similarity,5,3,2,0,4,5,4,5,0,2,The Focused Builder
6106,similarity,1,2,2,5,1,0,5,4,3,4,The Grounded Loyalist
6107,similarity,5,2,3,3,5,1,4,3,1,0,The Spontaneous Socialite
6108,similarity,3,1,1,2,2,1,5,2,2,2,The Calm Strategist
6109,similarity,5,1,1,1,2,2,0,1,0,5,The Digital Nomad
6110,similarity,3,0,0,5,0,3,5,5,1,1,The Free Spirit
6111,similarity,1,0,0,4,3,5,0,4,5,3,The Spontaneous Socialite
6112,similarity,5,4,1,2,1,0,1,3,1,4,The Quiet Observer
6113,similarity,1,5,5,1,0,5,1,2,4,0,The Digital Nomad
6114,similarity,5,3,5,0,4,1,2,1,0,2,The Grounded Loyalist
6115,similarity,3,4,4,4,2,2,3,0,3,5,The Midnight Coder
6116,similarity,5,2,4,3,5,3,4,0,1,1,The Direct Idealist
6117,similarity,3,3,4,2,3,2,3,5,2,3,The Minimalist Architect
6118,similarity,1,1,3,0,2,4,4,2,0,0,The Grounded Loyalist
6119,similarity,3,2,3,5,0,5,5,1,2,2,The Focused Builder
6120,similarity,1,0,4,3,4,0,4,0,5,4,The Direct Idealist
6121,similarity,5,5,2,2,1,2,5,0,1,5,The Digital Nomad
6122,similarity,2,5,2,1,1,1,0,5,4,1,The Spontaneous Socialite
6123,similarity,4,4,1,5,4,2,5,4,0,3,The Pure Creator
6124,similarity,2,4,1,4,2,4,1,3,4,5,The Digital Nomad
6125,similarity,0,2,2,3,0,5,2,2,1,2,The Free Spirit
6126,similarity,2,3,0,3,5,4,3,5,3,4,The Aesthetic Rover
6127,similarity,0,1,0,2,3,0,2,5,0,0,The Pure Creator
6128,similarity,4,2,5,0,0,1,3,4,2,3,The Minimalist Architect
6129,similarity,2,0,5,5,4,2,4,3,5,5,The Grounded Loyalist
6130,similarity,4,1,5,4,3,2,3,2,1,5,The Focused Builder
6131,similarity,2,5,4,2,1,3,4,1,5,2,The Direct Idealist
6132,similarity,0,0,4,1,5,4,5,0,2,4,The Minimalist Architect
6133,similarity,2,4,3,5,2,5,4,0,4,0,The Calm Strategist
6134,similarity,0,5,3,4,0,1,0,3,1,3,The Focused Builder
6135,similarity,4,3,3,3,5,0,1,2,3,5,The Pure Creator
6136,similarity,2,4,2,1,3,1,2,1,0,1,The Digital Nomad
6137,similarity,4,2,2,0,1,3,1,0,2,4,The Quiet Observer
6138,similarity,2,0,3,5,4,4,2,0,0,0,The Aesthetic Rover
6139,similarity,0,1,1,3,4,3,3,5,1,0,The Pure Creator
6140,similarity,2,5,1,2,1,5,2,4,5,2,The Midnight Coder
6141,similarity,0,0,0,0,5,0,3,1,2,5,The Quiet Observer
6142,similarity,4,4,0,5,3,1,4,0,4,1,The Focused Builder
6143,similarity,0,5,1,4,2,3,3,5,1,3,The Grounded Loyalist
6144,similarity,4,3,5,2,0,2,4,5,3,0,The Spontaneous Socialite
6145,similarity,2,4,5,1,3,3,0,4,1,2,The Calm Strategist
6146,similarity,0,2,4,0,1,4,1,3,2,4,The Focused Builder
6147,similarity,2,3,4,4,0,0,0,2,0,1,The Free Spirit
6148,similarity,0,1,4,3,4,5,1,1,3,1,The Spontaneous Socialite
6149,similarity,4,2,3,1,2,0,2,5,5,3,The Quiet Observer
6150,similarity,0,0,3,0,5,2,1,4,2,0,The Digital Nomad
6151,similarity,4,0,4,5,3,3,2,3,4,2,The Grounded Loyalist
6152,similarity,2,5,2,5,2,2,3,2,2,4,The Midnight Coder
6153,similarity,0,5,2,4,0,4,2,1,3,1,The Quiet Observer
6154,similarity,2,4,1,3,4,5,3,0,1,3,The Minimalist Architect
6155,similarity,0,2,1,1,1,0,4,0,2,5,The Grounded Loyalist
6156,similarity,4,3,2,0,1,2,4,5,0,5,The Spontaneous Socialite
6157,similarity,0,1,0,4,4,1,5,2,3,2,The Direct Idealist
6158,similarity,4,2,0,3,2,2,0,1,5,4,The Digital Nomad
6159,similarity,2,0,5,2,0,4,1,0,3,0,The Free Spirit
6160,similarity,0,1,5,0,5,5,0,0,4,3,The Spontaneous Socialite
6161,similarity,2,5,5,5,3,4,1,5,2,5,The Pure Creator
6162,similarity,0,0,4,3,0,5,2,4,3,1,The Digital Nomad
6163,similarity,4,4,4,2,4,1,1,3,1,4,The Grounded Loyalist
6164,similarity,0,4,5,1,2,2,2,2,3,0,The Aesthetic Rover
6165,similarity,4,3,3,5,1,3,3,5,0,0,The Direct Idealist
6166,similarity,2,3,3,4,5,3,2,5,4,3,The Minimalist Architect
6167,similarity,4,2,2,3,2,4,4,4,5,5,The Calm Strategist
6168,similarity,2,2,2,1,0,5,5,3,3,1,The Focused Builder
6169,similarity,0,1,3,0,5,1,0,2,4,4,The Direct Idealist
6170,similarity,4,5,1,4,3,0,5,1,2,0,The Digital Nomad
6171,similarity,0,0,1,3,1,1,0,0,4,2,The Calm Strategist
6172,similarity,4,4,0,2,4,3,1,0,1,4,The Aesthetic Rover
6173,similarity,2,5,0,0,4,4,0,3,5,1,The Pure Creator
6174,similarity,4,3,1,5,1,5,1,2,0,1,The Midnight Coder
6175,similarity,2,4,5,4,5,5,2,1,4,3,The Quiet Observer
6176,similarity,0,2,5,2,3,0,1,0,5,0,The Aesthetic Rover
6177,similarity,4,2,4,3,2,1,2,0,3,2,The Direct Idealist
6178,similarity,0,1,4,1,0,2,4,5,5,4,The Midnight Coder
6179,similarity,4,1,4,0,3,2,5,4,2,1,The Calm Strategist
6180,similarity,2,0,3,5,1,3,4,3,4,3,The Focused Builder
6181,similarity,4,0,3,3,5,4,5,0,1,5,The Free Spirit
6182,similarity,2,5,4,2,4,0,0,5,5,2,The Spontaneous Socialite
6183,similarity,0,5,2,1,2,5,5,5,0,2,The Calm Strategist
6184,similarity,4,4,2,5,5,0,0,4,4,4,The Aesthetic Rover
6185,similarity,0,4,1,4,3,2,1,3,0,0,The Free Spirit
6186,similarity,4,3,1,2,2,3,0,2,3,3,The Midnight Coder
6187,similarity,2,1,2,1,0,4,1,1,5,5,The Quiet Observer
6188,similarity,4,2,0,0,4,4,2,1,2,1,The Minimalist Architect
6189,similarity,2,0,0,4,1,5,4,4,0,4,The Grounded Loyalist
6190,similarity,0,0,5,3,1,0,3,3,1,0,The Midnight Coder
6191,similarity,4,5,5,1,4,1,4,2,5,0,The Calm Strategist
6192,similarity,0,5,5,0,2,1,5,1,1,3,The Minimalist Architect
6193,similarity,4,4,4,5,0,2,4,0,4,5,The Free Spirit
6194,similarity,2,4,4,3,5,3,5,0,0,1,The Spontaneous Socialite
6195,similarity,4,3,5,2,3,5,0,5,3,4,The Pure Creator
6196,similarity,2,3,3,1,0,0,5,2,5,0,The Digital Nomad
6197,similarity,0,2,3,5,4,5,0,1,2,2,The Free Spirit
6198,similarity,2,2,2,4,2,1,1,0,0,5,The Aesthetic Rover
6199,similarity,0,1,2,2,1,2,3,5,2,1,The Pure Creator
6200,similarity,4,1,3,1,5,3,2,5,5,1,The Minimalist Architect
6201,similarity,2,0,1,0,2,3,3,4,1,3,The Grounded Loyalist
6202,similarity,4,0,1,4,0,4,4,3,4,0,The Focused Builder
6203,similarity,2,4,0,5,0,5,3,2,0,2,The Direct Idealist
6204,similarity,0,3,0,4,3,1,4,5,4,4,The Minimalist Architect
6205,similarity,2,3,0,2,1,0,5,5,5,1,The Calm Strategist
6206,similarity,0,2,5,1,4,1,4,4,3,3,The Focused Builder
6207,similarity,4,2,5,5,4,2,5,3,0,5,The Pure Creator
6208,similarity,2,1,4,4,1,4,0,2,2,2,The Digital Nomad
6209,similarity,4,1,4,3,5,5,1,1,5,2,The Quiet Observer
6210,similarity,2,0,4,1,3,4,1,0,1,4,The Aesthetic Rover
6211,similarity,0,0,3,0,0,0,2,0,5,1,The Pure Creator
6212,similarity,2,5,3,5,0,1,3,3,0,3,The Midnight Coder
6213,similarity,0,5,4,3,3,2,2,2,4,5,The Quiet Observer
6214,similarity,4,4,2,2,1,2,3,1,1,2,The Focused Builder
6215,similarity,2,4,2,0,5,3,4,0,3,4,The Direct Idealist
6216,similarity,4,2,1,5,4,4,3,0,0,0,The Spontaneous Socialite
6217,similarity,2,3,1,4,2,0,4,5,2,2,The Calm Strategist
6218,similarity,0,1,2,2,5,1,5,4,0,3,The Focused Builder
6219,similarity,2,0,0,1,3,0,0,3,1,5,The Free Spirit
6220,similarity,0,0,0,5,3,1,5,0,5,1,The Spontaneous Socialite
6221,similarity,4,5,5,4,0,3,1,5,0,4,The Quiet Observer
6222,similarity,0,5,5,3,4,4,2,5,4,0,The Digital Nomad
6223,similarity,4,4,5,1,1,3,1,4,1,2,The Grounded Loyalist
6224,similarity,2,4,4,0,1,5,2,3,3,5,The Midnight Coder
6225,similarity,0,3,4,5,4,0,3,2,1,1,The Quiet Observer
6226,similarity,2,3,5,3,2,1,2,1,2,3,The Minimalist Architect
6227,similarity,0,2,3,2,0,1,3,0,0,4,The Grounded Loyalist
6228,similarity,4,2,3,2,3,2,4,4,1,0,The Spontaneous Socialite
6229,similarity,0,0,2,1,3,3,5,3,5,2,The Direct Idealist
6230,similarity,4,1,2,0,0,5,4,2,0,5,The Digital Nomad
6231,similarity,2,5,3,4,4,0,5,1,4,1,The Free Spirit
6232,similarity,0,0,1,3,2,5,1,0,2,3,The Spontaneous Socialite
6233,similarity,2,4,1,2,1,1,0,0,3,5,The Pure Creator
6234,similarity,0,5,0,0,5,2,1,5,1,2,The Digital Nomad
6235,similarity,4,3,0,5,2,3,2,4,2,2,The Grounded Loyalist
6236,similarity,5,2,0,3,0,2,1,1,0,4,The Direct Idealist
6237,similarity,3,2,5,2,0,4,2,0,1,1,The Minimalist Architect
6238,similarity,1,1,5,1,3,5,3,5,5,3,The Grounded Loyalist
6239,similarity,5,1,4,5,1,0,4,5,3,5,The Spontaneous Socialite
6240,similarity,1,0,4,4,4,2,3,4,4,2,The Direct Idealist
6241,similarity,5,0,4,3,4,1,4,3,2,4,The Digital Nomad
6242,similarity,3,4,3,1,2,2,5,2,3,0,The Free Spirit
6243,similarity,5,5,3,0,5,4,5,1,1,3,The Aesthetic Rover
6244,similarity,3,3,4,4,3,5,0,5,2,3,The Pure Creator
6245,similarity,1,4,2,3,0,4,1,4,0,5,The Digital Nomad
6246,similarity,3,2,2,2,0,0,0,3,2,2,The Quiet Observer
6247,similarity,1,3,1,0,3,1,1,2,5,4,The Aesthetic Rover
6248,similarity,5,1,1,5,1,2,2,1,3,0,The Direct Idealist
6249,similarity,3,2,2,3,5,3,3,0,4,2,The Minimalist Architect
6250,similarity,5,0,0,2,4,3,2,0,2,5,The Calm Strategist
6251,similarity,3,1,0,1,2,4,3,3,4,1,The Focused Builder
6252,similarity,1,5,5,5,5,5,4,2,1,3,The Direct Idealist
6253,similarity,3,4,5,0,3,1,4,1,3,4,The Spontaneous Socialite
6254,similarity,1,4,5,5,3,0,5,0,0,0,The Calm Strategist
6255,similarity,5,2,4,3,0,1,0,0,4,2,The Aesthetic Rover
6256,similarity,3,3,4,2,4,3,5,5,5,5,The Pure Creator
6257,similarity,5,1,5,0,1,4,0,4,3,1,The Midnight Coder
6258,similarity,3,2,3,5,5,3,1,3,5,3,The Quiet Observer
6259,similarity,1,0,3,4,5,5,2,0,2,0,The Aesthetic Rover
6260,similarity,3,1,2,2,2,0,1,5,4,2,The Grounded Loyalist
6261,similarity,1,5,2,1,0,1,2,5,1,4,The Midnight Coder
6262,similarity,5,0,3,0,3,3,3,4,3,5,The Calm Strategist
6263,similarity,3,4,1,4,3,2,2,3,0,1,The Focused Builder
6264,similarity,5,5,1,3,0,3,4,2,4,3,The Free Spirit
6265,similarity,3,3,0,1,4,4,5,1,0,5,The Spontaneous Socialite
6266,similarity,1,3,0,0,2,0,4,0,3,2,The Calm Strategist
6267,similarity,3,2,0,5,1,5,5,4,5,4,The Digital Nomad
6268,similarity,1,2,5,3,5,0,0,3,2,0,The Free Spirit
6269,similarity,5,1,5,2,2,2,5,2,4,3,The Midnight Coder
6270,similarity,1,5,0,1,0,3,0,1,1,5,The Pure Creator
6271,similarity,5,0,4,5,0,4,1,0,3,5,The Minimalist Architect
6272,similarity,3,4,4,4,3,4,2,0,1,2,The Grounded Loyalist
6273,similarity,1,5,3,2,1,5,1,5,4,4,The Midnight Coder
6274,similarity,3,3,3,1,4,0,2,4,0,0,The Direct Idealist
6275,similarity,1,4,4,0,2,2,4,1,3,3,The Minimalist Architect
6276,similarity,5,2,2,4,2,1,3,0,5,5,The Free Spirit
6277,similarity,1,3,2,3,5,2,4,5,2,1,The Focused Builder
6278,similarity,5,1,1,1,3,3,5,5,4,4,The Pure Creator
6279,similarity,3,1,1,2,0,5,4,4,2,4,The Digital Nomad
6280,similarity,1,0,1,1,0,4,5,3,5,0,The Free Spirit
6281,similarity,3,0,0,5,4,5,0,2,1,2,The Aesthetic Rover
6282,similarity,1,5,0,4,1,1,1,1,4,5,The Pure Creator
6283,similarity,5,5,5,3,5,2,0,5,0,1,The Minimalist Architect
6284,similarity,1,4,5,1,4,3,1,4,3,3,The Quiet Observer
6285,similarity,5,2,5,0,2,3,2,3,5,0,The Focused Builder
6286,similarity,3,3,4,4,5,4,2,2,3,2,The Direct Idealist
6287,similarity,1,1,4,3,3,5,3,1,4,4,The Minimalist Architect
6288,similarity,3,2,5,2,3,1,4,0,2,5,The Calm Strategist
6289,similarity,1,0,3,0,0,0,3,0,5,1,The Focused Builder
6290,similarity,5,1,3,5,4,1,4,5,1,3,The Pure Creator
6291,similarity,1,5,2,4,1,3,5,2,5,0,The Spontaneous Socialite
6292,similarity,5,5,2,2,5,4,0,1,0,2,The Quiet Observer
6293,similarity,3,4,3,1,5,5,5,0,4,4,The Aesthetic Rover
6294,similarity,5,4,1,5,2,4,0,5,5,1,The Grounded Loyalist
6295,similarity,3,3,1,4,0,0,1,5,3,3,The Midnight Coder
6296,similarity,1,3,0,3,3,1,0,4,0,5,The Quiet Observer
6297,similarity,5,2,0,1,3,2,2,3,2,5,The Focused Builder
6298,similarity,1,2,0,0,1,2,3,2,0,2,The Grounded Loyalist
6299,similarity,5,1,5,5,4,3,2,5,1,4,The Spontaneous Socialite
6300,similarity,3,1,5,3,2,4,3,5,5,0,The Calm Strategist
6301,similarity,5,0,0,2,1,0,4,4,0,3,The Digital Nomad
6302,similarity,3,4,4,0,5,5,5,3,4,5,The Free Spirit
6303,similarity,1,5,4,5,2,0,4,2,5,1,The Spontaneous Socialite
6304,similarity,5,3,3,0,0,2,5,1,3,4,The Quiet Observer
6305,similarity,1,3,3,4,4,3,0,0,1,0,The Digital Nomad
6306,similarity,5,2,4,3,3,4,5,4,2,0,The Grounded Loyalist
6307,similarity,3,2,2,1,1,3,0,3,0,3,The Midnight Coder
6308,similarity,5,1,2,0,4,5,2,2,1,5,The Direct Idealist
6309,similarity,3,1,1,5,2,0,1,1,5,1,The Minimalist Architect
6310,similarity,1,0,1,3,2,1,2,0,0,4,The Grounded Loyalist
6311,similarity,5,0,1,2,5,1,3,0,4,0,The Spontaneous Socialite
6312,similarity,1,5,0,1,3,2,4,5,0,2,The Direct Idealist
6313,similarity,5,5,0,5,0,3,3,4,3,4,The Digital Nomad
6314,similarity,3,4,5,4,0,5,4,1,1,1,The Free Spirit
6315,similarity,5,4,5,2,4,0,5,0,2,1,The Aesthetic Rover
6316,similarity,3,3,5,1,1,5,4,5,0,3,The Pure Creator
6317,similarity,1,3,4,0,5,1,5,5,1,0,The Digital Nomad
6318,similarity,3,1,4,4,4,2,1,4,5,2,The Quiet Observer
6319,similarity,1,0,5,3,2,3,0,3,1,4,The Aesthetic Rover
6320,similarity,5,0,3,2,5,3,1,2,4,1,The Direct Idealist
6321,similarity,3,5,3,0,3,4,2,1,2,3,The Minimalist Architect
6322,similarity,5,5,2,5,1,5,3,4,3,5,The Calm Strategist
6323,similarity,3,4,2,3,0,0,2,4,1,0,The Focused Builder
6324,similarity,1,4,3,2,4,0,3,3,2,2,The Direct Idealist
6325,similarity,3,3,1,1,1,1,4,2,0,4,The Spontaneous Socialite
6326,similarity,1,3,1,5,5,2,3,1,2,1,The Calm Strategist
6327,similarity,5,2,0,4,5,4,4,0,5,3,The Aesthetic Rover
6328,similarity,3,2,0,3,2,5,5,0,1,5,The Pure Creator
6329,similarity,5,1,0,3,0,4,5,5,4,1,The Midnight Coder
6330,similarity,3,1,5,2,3,0,0,2,2,4,The Quiet Observer
6331,similarity,1,5,5,0,3,1,1,1,3,0,The Aesthetic Rover
6332,similarity,3,0,0,5,1,2,2,0,1,0,The Grounded Loyalist
6333,similarity,1,4,4,4,4,2,1,5,3,3,The Midnight Coder
6334,similarity,5,3,4,2,2,3,2,5,0,5,The Calm Strategist
6335,similarity,3,3,3,1,1,4,3,4,2,1,The Focused Builder
6336,similarity,5,2,3,5,5,5,2,3,5,4,The Free Spirit
6337,similarity,3,2,4,4,3,1,3,2,3,0,The Spontaneous Socialite
6338,similarity,1,1,2,3,0,0,4,5,5,2,The Calm Strategist
6339,similarity,3,1,2,1,4,1,3,5,2,5,The Digital Nomad
6340,similarity,1,0,1,0,3,3,5,4,4,1,The Free Spirit
6341,similarity,5,0,1,5,1,4,0,3,1,1,The Midnight Coder
6342,similarity,1,5,1,3,4,3,1,2,3,4,The Pure Creator
6343,similarity,5,5,0,2,2,5,0,1,0,0,The Minimalist Architect
6344,similarity,3,3,0,0,2,0,1,0,2,2,The Grounded Loyalist
6345,similarity,1,4,1,5,5,1,2,0,0,4,The Midnight Coder
6346,similarity,3,2,5,4,3,3,1,3,3,1,The Direct Idealist
6347,similarity,1,3,5,2,0,2,2,2,5,3,The Minimalist Architect
6348,similarity,5,1,4,1,0,3,3,1,2,5,The Free Spirit
6349,similarity,1,2,4,0,4,5,2,0,4,2,The Focused Builder
6350,similarity,5,0,5,4,1,0,3,0,1,2,The Pure Creator
6351,similarity,2,5,3,3,5,5,5,5,3,4,The Free Spirit
6352,similarity,0,5,3,1,2,0,0,4,1,1,The Spontaneous Socialite
6353,similarity,2,4,2,0,2,2,5,3,2,3,The Pure Creator
6354,similarity,0,4,2,5,0,3,0,0,0,5,The Digital Nomad
6355,similarity,4,3,2,5,3,2,1,5,3,2,The Grounded Loyalist
6356,similarity,0,3,1,4,1,4,0,5,5,4,The Aesthetic Rover
6357,similarity,4,1,1,3,0,5,1,4,2,0,The Direct Idealist
6358,similarity,2,2,0,1,4,0,2,3,4,0,The Minimalist Architect
6359,similarity,0,0,0,0,1,2,1,2,2,3,The Grounded Loyalist
6360,similarity,2,1,0,4,5,1,2,1,3,5,The Focused Builder
6361,similarity,0,5,5,3,5,2,3,4,1,1,The Direct Idealist
6362,similarity,4,0,5,2,2,4,5,4,4,4,The Digital Nomad
6363,similarity,0,4,0,0,0,5,4,3,0,0,The Calm Strategist
6364,similarity,4,5,4,5,3,4,5,2,3,2,The Aesthetic Rover
6365,similarity,2,3,4,3,3,5,0,1,5,5,The Pure Creator
6366,similarity,4,4,3,2,1,1,5,0,3,1,The Midnight Coder
6367,similarity,2,2,3,1,4,2,0,0,4,1,The Quiet Observer
6368,similarity,0,1,4,5,2,3,1,5,2,4,The Aesthetic Rover
6369,similarity,4,1,2,4,5,3,0,2,3,0,The Direct Idealist
6370,similarity,0,5,2,3,5,4,1,1,1,2,The Midnight Coder
6371,similarity,4,0,1,1,3,5,2,0,4,5,The Calm Strategist
6372,similarity,2,4,1,0,0,1,4,5,0,1,The Focused Builder
6373,similarity,4,5,1,4,4,0,3,5,4,3,The Free Spirit
6374,similarity,2,3,0,3,3,1,4,4,5,5,The Spontaneous Socialite
6375,similarity,0,4,0,2,1,3,5,3,3,2,The Calm Strategist
6376,similarity,4,2,1,0,5,4,4,2,4,2,The Aesthetic Rover
6377,similarity,0,3,5,5,2,3,5,5,2,4,The Free Spirit
6378,similarity,4,1,5,4,2,5,0,5,4,1,The Midnight Coder
6379,similarity,2,2,4,2,5,0,5,4,1,3,The Quiet Observer
6380,similarity,4,0,4,3,3,1,0,3,5,5,The Minimalist Architect
6381,similarity,2,1,5,1,0,2,1,2,0,2,The Grounded Loyalist
6382,similarity,0,5,3,0,0,2,0,1,4,4,The Midnight Coder
6383,similarity,4,3,3,5,4,3,2,0,5,0,The Calm Strategist
6384,similarity,0,4,2,3,1,4,3,0,3,3,The Minimalist Architect
6385,similarity,4,2,2,2,5,0,4,3,5,3,The Free Spirit
6386,similarity,2,3,2,1,2,5,3,2,2,5,The Spontaneous Socialite
6387,similarity,4,1,1,5,2,0,4,1,0,2,The Pure Creator
6388,similarity,2,2,1,4,0,2,5,0,1,4,The Digital Nomad
6389,similarity,0,0,0,2,3,3,4,5,5,0,The Free Spirit
6390,similarity,2,1,0,1,1,4,5,5,0,2,The Aesthetic Rover
6391,similarity,0,5,0,0,0,4,0,4,4,5,The Pure Creator
6392,similarity,4,0,5,4,4,5,5,3,0,1,The Minimalist Architect
6393,similarity,2,4,5,3,2,0,0,0,3,3,The Grounded Loyalist
6394,similarity,4,5,0,1,5,1,2,5,5,4,The Focused Builder
6395,similarity,2,3,4,0,5,1,3,5,2,0,The Direct Idealist
6396,similarity,0,3,4,5,2,2,2,4,0,2,The Minimalist Architect
6397,similarity,2,2,3,3,0,3,3,3,1,5,The Calm Strategist
6398,similarity,0,2,3,2,3,5,4,2,5,1,The Focused Builder
6399,similarity,4,1,4,1,1,4,3,1,1,3,The Pure Creator
6400,similarity,2,5,2,5,1,5,4,0,4,0,The Digital Nomad
6401,similarity,4,0,2,4,4,1,5,4,0,2,The Quiet Observer
6402,similarity,2,4,1,2,2,2,4,3,3,2,The Aesthetic Rover
6403,similarity,0,5,1,1,5,3,5,2,1,5,The Pure Creator
6404,similarity,2,3,1,0,5,3,0,1,2,1,The Midnight Coder
6405,similarity,0,4,0,4,3,4,2,0,0,3,The Quiet Observer
6406,similarity,4,2,0,5,0,5,1,0,2,5,The Focused Builder
6407,similarity,2,3,1,4,4,1,2,5,5,2,The Direct Idealist
6408,similarity,4,1,5,2,3,0,3,4,1,4,The Spontaneous Socialite
6409,similarity,2,1,5,1,1,1,2,1,4,0,The Calm Strategist
6410,similarity,0,0,4,5,5,2,3,0,0,3,The Focused Builder
6411,similarity,2,0,4,4,2,4,4,5,3,3,The Free Spirit
6412,similarity,0,5,5,3,2,5,3,5,1,5,The Spontaneous Socialite
6413,similarity,4,5,3,1,5,4,4,4,3,2,The Quiet Observer
6414,similarity,0,4,3,0,3,0,5,3,0,4,The Digital Nomad
6415,similarity,4,4,2,5,1,1,0,2,2,0,The Grounded Loyalist
6416,similarity,2,3,2,3,4,2,0,5,5,3,The Midnight Coder
6417,similarity,0,1,2,2,4,2,1,4,1,5,The Quiet Observer
6418,similarity,2,2,1,0,1,3,2,4,4,1,The Minimalist Architect
6419,similarity,0,0,1,5,5,4,1,3,0,4,The Grounded Loyalist
6420,similarity,4,0,0,4,2,0,2,2,4,4,The Spontaneous Socialite
6421,similarity,0,5,0,2,2,1,3,1,1,0,The Direct Idealist
6422,similarity,4,5,0,1,0,0,2,0,3,2,The Digital Nomad
6423,similarity,2,4,5,5,3,1,3,0,0,5,The Free Spirit
6424,similarity,0,4,5,4,1,3,4,3,2,1,The Spontaneous Socialite
6425,similarity,2,3,0,3,0,4,5,2,0,3,The Pure Creator
6426,similarity,0,3,4,1,4,3,5,1,1,0,The Digital Nomad
6427,similarity,4,2,4,0,2,5,0,0,5,2,The Grounded Loyalist
6428,similarity,0,2,3,5,5,0,1,5,2,4,The Aesthetic Rover
6429,similarity,4,1,3,3,5,1,0,5,4,5,The Direct Idealist
6430,similarity,2,1,3,2,2,1,1,4,1,1,The Minimalist Architect
6431,similarity,0,0,2,2,0,2,2,3,3,3,The Grounded Loyalist
6432,similarity,2,0,2,1,4,3,1,0,1,0,The Focused Builder
6433,similarity,0,4,1,0,1,5,2,5,2,2,The Direct Idealist
6434,similarity,4,3,1,4,1,0,3,5,0,4,The Digital Nomad
6435,similarity,0,3,1,3,4,5,4,4,1,1,The Calm Strategist
6436,similarity,4,2,0,2,2,1,3,3,5,3,The Aesthetic Rover
6437,similarity,2,2,0,0,5,2,5,2,2,5,The Pure Creator
6438,similarity,4,1,1,5,5,3,0,1,4,5,The Midnight Coder
6439,similarity,2,1,5,3,3,2,5,0,2,2,The Quiet Observer
6440,similarity,0,0,5,2,0,4,0,4,3,4,The Aesthetic Rover
6441,similarity,4,0,4,1,4,5,1,3,1,0,The Direct Idealist
6442,similarity,0,5,4,5,3,0,0,2,2,3,The Midnight Coder
6443,similarity,4,5,5,4,1,2,1,1,0,5,The Calm Strategist
6444,similarity,2,4,3,2,5,1,2,0,3,1,The Focused Builder
6445,similarity,4,4,3,1,2,2,3,0,5,4,The Free Spirit
6446,similarity,2,2,2,0,0,4,2,5,3,4,The Spontaneous Socialite
6447,similarity,0,3,2,4,5,5,3,4,4,0,The Calm Strategist
6448,similarity,4,1,2,3,3,4,5,1,2,3,The Aesthetic Rover
6449,similarity,0,0,1,2,1,0,4,0,3,5,The Free Spirit
6450,similarity,4,0,1,0,4,1,5,5,1,1,The Midnight Coder
6451,similarity,2,5,2,5,4,2,0,5,2,4,The Quiet Observer
6452,similarity,4,5,0,3,1,1,5,4,0,0,The Minimalist Architect
6453,similarity,2,4,0,2,5,3,0,3,4,2,The Grounded Loyalist
6454,similarity,0,4,5,1,3,4,1,2,5,4,The Midnight Coder
6455,similarity,4,3,5,5,2,5,2,1,3,5,The Calm Strategist
6456,similarity,0,3,0,0,0,1,1,4,4,1,The Minimalist Architect
6457,similarity,4,2,4,5,3,0,2,4,2,3,The Free Spirit
6458,similarity,2,2,4,3,1,1,3,3,3,0,The Spontaneous Socialite
6459,similarity,4,0,3,2,0,3,3,2,1,2,The Pure Creator
6460,similarity,2,1,3,0,4,4,4,1,3,4,The Digital Nomad
6461,similarity,0,5,3,5,2,3,5,0,0,1,The Free Spirit
6462,similarity,2,0,2,4,5,5,4,0,4,3,The Aesthetic Rover
6463,similarity,0,4,2,2,3,0,5,5,5,5,The Pure Creator
6464,similarity,4,5,1,1,2,1,0,2,3,0,The Minimalist Architect
6465,similarity,1,3,1,0,0,3,1,1,5,2,The Midnight Coder
6466,similarity,3,2,1,4,4,2,0,0,2,4,The Direct Idealist
6467,similarity,1,2,0,3,1,3,1,5,4,1,The Minimalist Architect
6468,similarity,5,1,0,1,1,4,2,5,1,3,The Free Spirit
6469,similarity,1,1,1,0,4,0,1,4,5,5,The Focused Builder
6470,similarity,5,0,5,5,2,5,3,3,0,1,The Pure Creator
6471,similarity,3,0,5,3,0,0,4,2,4,4,The Digital Nomad
6472,similarity,1,4,4,2,5,2,3,5,0,0,The Free Spirit
6473,similarity,3,5,4,0,3,3,4,5,3,0,The Aesthetic Rover
6474,similarity,1,3,4,5,0,2,5,4,5,3,The Pure Creator
6475,similarity,5,4,3,4,4,4,0,3,2,5,The Minimalist Architect
6476,similarity,1,2,3,2,3,5,5,2,4,1,The Quiet Observer
6477,similarity,5,3,2,1,1,0,0,1,1,4,The Focused Builder
6478,similarity,3,1,2,0,5,2,1,0,5,0,The Direct Idealist
6479,similarity,1,2,2,4,2,1,0,4,1,2,The Minimalist Architect
6480,similarity,3,0,1,3,0,2,1,3,4,5,The Calm Strategist
6481,similarity,1,1,1,1,5,3,3,2,0,1,The Focused Builder
6482,similarity,5,5,2,2,3,5,2,1,3,1,The Pure Creator
6483,similarity,1,4,0,1,1,4,3,0,5,4,The Spontaneous Socialite
6484,similarity,5,4,0,5,4,5,4,5,2,0,The Quiet Observer
6485,similarity,3,2,5,4,4,1,5,5,0,2,The Aesthetic Rover
6486,similarity,5,3,5,3,1,2,4,4,2,4,The Grounded Loyalist
6487,similarity,3,1,0,1,5,3,5,1,5,1,The Midnight Coder
6488,similarity,1,2,4,0,3,3,0,0,1,3,The Quiet Observer
6489,similarity,5,0,4,4,2,4,5,5,4,5,The Focused Builder
6490,similarity,1,1,3,3,0,5,0,5,0,0,The Grounded Loyalist
6491,similarity,5,5,3,2,3,1,2,4,3,2,The Spontaneous Socialite
6492,similarity,3,0,3,0,1,0,1,3,5,4,The Calm Strategist
6493,similarity,5,4,2,5,5,1,2,2,3,1,The Digital Nomad
6494,similarity,3,5,2,4,4,3,3,1,0,3,The Free Spirit
6495,similarity,1,3,1,2,2,4,2,4,2,5,The Spontaneous Socialite
6496,similarity,5,4,1,1,5,5,3,4,5,2,The Quiet Observer
6497,similarity,1,2,1,5,3,4,4,3,1,4,The Digital Nomad
6498,similarity,5,0,0,4,2,0,5,2,4,0,The Grounded Loyalist
6499,similarity,3,1,0,3,0,1,4,1,0,1,The Midnight Coder
6500,similarity,5,5,1,1,4,2,5,0,4,3,The Direct Idealist
6501,similarity,3,0,5,0,1,2,0,0,5,5,The Minimalist Architect
6502,similarity,1,4,5,4,1,3,0,5,3,1,The Grounded Loyalist
6503,similarity,5,5,4,3,4,4,1,2,0,4,The Spontaneous Socialite
6504,similarity,1,3,4,2,2,0,2,1,2,0,The Direct Idealist
6505,similarity,5,4,4,0,0,5,1,0,0,2,The Digital Nomad
6506,similarity,3,2,3,5,5,0,2,5,1,5,The Free Spirit
6507,similarity,5,3,3,0,3,2,3,5,5,1,The Aesthetic Rover
6508,similarity,3,1,2,4,0,3,4,4,0,1,The Pure Creator
6509,similarity,1,2,2,3,4,4,3,3,4,4,The Digital Nomad
6510,similarity,3,0,2,1,2,3,4,2,1,0,The Quiet Observer
6511,similarity,1,0,1,0,1,5,5,5,3,2,The Aesthetic Rover
6512,similarity,5,5,1,5,5,0,4,4,1,5,The Direct Idealist
6513,similarity,3,5,2,3,2,1,0,4,2,1,The Minimalist Architect
6514,similarity,5,4,0,2,0,1,1,3,0,3,The Calm Strategist
6515,similarity,3,2,0,1,5,2,0,2,1,5,The Focused Builder
6516,similarity,1,3,5,5,3,3,1,1,5,2,The Direct Idealist
6517,similarity,3,1,5,4,1,5,2,0,0,2,The Spontaneous Socialite
6518,similarity,1,2,0,2,4,0,3,0,4,4,The Calm Strategist
6519,similarity,5,0,4,1,4,5,2,3,2,1,The Aesthetic Rover
6520,similarity,3,1,4,0,1,1,3,2,3,3,The Pure Creator
6521,similarity,5,5,3,4,5,2,4,1,1,5,The Midnight Coder
6522,similarity,3,0,3,3,3,3,3,0,2,2,The Quiet Observer
6523,similarity,1,4,3,2,2,3,4,5,0,4,The Aesthetic Rover
6524,similarity,3,4,2,0,0,4,0,5,1,0,The Grounded Loyalist
6525,similarity,1,3,2,5,3,5,5,4,5,1,The Midnight Coder
6526,similarity,5,3,3,3,1,0,0,3,1,3,The Calm Strategist
6527,similarity,3,2,1,2,5,0,1,0,4,5,The Focused Builder
6528,similarity,5,2,1,1,4,1,2,5,2,2,The Free Spirit
6529,similarity,3,1,0,5,2,2,1,5,3,4,The Spontaneous Socialite
6530,similarity,1,1,0,4,5,4,2,4,1,0,The Calm Strategist
6531,similarity,3,0,1,2,3,5,3,3,2,2,The Digital Nomad
6532,similarity,1,4,5,3,3,4,2,2,0,5,The Free Spirit
6533,similarity,5,5,5,2,0,0,3,1,2,1,The Midnight Coder
6534,similarity,1,3,4,0,4,1,4,4,5,1,The Pure Creator
6535,similarity,5,4,4,5,1,2,4,4,3,4,The Minimalist Architect
6536,similarity,3,2,4,4,1,2,5,3,4,0,The Grounded Loyalist
6537,similarity,1,2,3,2,4,3,0,2,2,2,The Midnight Coder
6538,similarity,3,1,3,1,2,4,1,1,3,5,The Direct Idealist
6539,similarity,1,1,2,5,0,5,0,0,1,1,The Minimalist Architect
6540,similarity,5,0,2,4,5,1,1,0,3,3,The Free Spirit
6541,similarity,1,0,2,3,3,0,2,5,0,0,The Focused Builder
6542,similarity,5,5,1,1,0,1,1,2,2,2,The Pure Creator
6543,similarity,3,5,1,0,4,3,2,1,5,2,The Digital Nomad
6544,similarity,1,4,2,5,2,4,3,0,3,5,The Free Spirit
6545,similarity,3,4,0,3,1,3,3,5,4,1,The Aesthetic Rover
6546,similarity,1,3,0,2,5,5,4,5,2,3,The Pure Creator
6547,similarity,5,1,5,0,2,0,5,4,4,5,The Minimalist Architect
6548,similarity,1,2,5,5,0,1,0,3,1,2,The Quiet Observer
6549,similarity,5,0,5,4,0,1,5,2,3,4,The Focused Builder
6550,similarity,3,0,4,2,3,2,0,5,0,0,The Direct Idealist
6551,similarity,1,5,4,1,1,3,1,4,4,3,The Minimalist Architect
6552,similarity,3,5,3,0,4,5,0,4,0,3,The Calm Strategist
6553,similarity,1,4,3,4,4,0,1,3,3,5,The Focused Builder
6554,similarity,5,4,3,3,1,5,2,2,5,2,The Pure Creator
6555,similarity,1,3,2,1,5,0,1,1,2,4,The Spontaneous Socialite
6556,similarity,5,3,2,0,3,2,3,0,4,0,The Quiet Observer
6557,similarity,3,2,3,5,0,3,4,0,1,3,The Aesthetic Rover
6558,similarity,5,2,1,5,0,2,5,3,3,5,The Grounded Loyalist
6559,similarity,3,1,1,4,3,4,4,2,1,1,The Midnight Coder
6560,similarity,1,1,0,2,1,5,5,1,4,4,The Quiet Observer
6561,similarity,5,0,0,1,5,0,0,0,0,4,The Focused Builder
6562,similarity,1,0,1,0,4,2,5,5,3,0,The Grounded Loyalist
6563,similarity,5,4,5,4,2,1,0,5,5,2,The Spontaneous Socialite
6564,similarity,3,3,5,3,5,2,1,4,2,5,The Calm Strategist
6565,similarity,5,3,4,2,3,4,0,3,4,1,The Digital Nomad
6566,similarity,3,2,4,0,3,5,1,0,2,3,The Free Spirit
6567,similarity,1,2,4,5,0,4,3,5,3,0,The Spontaneous Socialite
6568,similarity,5,1,3,3,4,5,4,5,1,2,The Quiet Observer
6569,similarity,1,1,3,2,1,1,3,4,4,2,The Digital Nomad
6570,similarity,5,0,2,1,1,2,4,3,0,5,The Grounded Loyalist
6571,similarity,3,0,2,5,4,1,5,2,3,1,The Midnight Coder
6572,similarity,5,5,2,4,2,3,4,1,5,3,The Direct Idealist
6573,similarity,3,5,1,3,0,4,5,0,3,0,The Minimalist Architect
6574,similarity,1,3,1,1,3,5,0,4,4,2,The Grounded Loyalist
6575,similarity,5,4,2,0,3,1,5,3,2,4,The Spontaneous Socialite
6576,similarity,1,2,0,4,0,0,0,2,5,1,The Direct Idealist
6577,similarity,5,3,0,3,4,1,1,1,1,3,The Digital Nomad
6578,similarity,3,1,5,2,2,3,3,0,4,3,The Free Spirit
6579,similarity,4,2,5,0,1,4,2,5,0,5,The Pure Creator
6580,similarity,2,0,5,5,5,3,3,5,4,2,The Digital Nomad
6581,similarity,0,5,4,4,2,5,4,4,5,4,The Free Spirit
6582,similarity,2,5,4,2,0,0,3,1,3,0,The Aesthetic Rover
6583,similarity,0,4,3,3,0,1,4,0,4,3,The Pure Creator
6584,similarity,4,4,3,1,3,2,5,5,2,5,The Minimalist Architect
6585,similarity,2,3,3,0,1,2,4,5,5,1,The Grounded Loyalist
6586,similarity,4,3,2,5,4,3,5,4,1,4,The Focused Builder
6587,similarity,2,1,2,3,4,4,0,3,5,4,The Direct Idealist
6588,similarity,0,2,3,2,2,0,1,2,0,0,The Minimalist Architect
6589,similarity,2,0,1,0,5,5,1,5,4,3,The Calm Strategist
6590,similarity,0,1,1,5,3,0,2,4,5,5,The Focused Builder
6591,similarity,4,5,0,4,0,2,3,4,3,1,The Pure Creator
6592,similarity,2,0,0,2,0,3,2,3,1,4,The Digital Nomad
6593,similarity,4,4,1,1,3,4,3,2,2,0,The Quiet Observer
6594,similarity,2,5,5,0,1,4,4,1,0,2,The Aesthetic Rover
6595,similarity,0,3,5,4,5,5,3,0,1,4,The Pure Creator
6596,similarity,2,4,4,3,4,0,4,0,5,5,The Midnight Coder
6597,similarity,0,2,4,1,2,1,5,3,0,1,The Quiet Observer
6598,similarity,4,1,4,0,5,1,0,2,4,3,The Focused Builder
6599,similarity,2,1,3,5,3,2,5,1,0,0,The Direct Idealist
6600,similarity,4,5,3,3,3,3,1,0,3,2,The Spontaneous Socialite
6601,similarity,2,0,2,2,0,5,2,5,1,4,The Calm Strategist
6602,similarity,0,4,2,1,4,4,1,5,2,1,The Focused Builder
6603,similarity,2,5,2,5,1,5,2,4,0,3,The Free Spirit
6604,similarity,0,3,1,4,5,1,3,3,1,5,The Spontaneous Socialite
6605,similarity,4,4,1,2,5,2,2,0,5,0,The Quiet Observer
6606,similarity,0,2,2,1,2,3,3,5,1,2,The Digital Nomad
6607,similarity,4,3,0,0,0,3,4,4,4,4,The Grounded Loyalist
6608,similarity,2,1,0,4,3,4,3,4,0,1,The Midnight Coder
6609,similarity,0,2,5,5,3,5,4,3,3,3,The Quiet Observer
6610,similarity,2,0,5,4,0,1,0,2,1,5,The Minimalist Architect
6611,similarity,0,1,5,2,4,0,1,1,2,1,The Grounded Loyalist
6612,similarity,4,5,4,1,2,1,0,0,0,4,The Spontaneous Socialite
6613,similarity,0,3,4,5,1,2,1,4,2,4,The Direct Idealist
6614,similarity,4,4,3,4,5,4,2,3,5,0,The Digital Nomad
6615,similarity,2,2,3,3,2,5,1,2,1,3,The Free Spirit
6616,similarity,0,3,3,1,0,4,2,1,4,5,The Spontaneous Socialite
6617,similarity,2,1,2,0,0,0,3,0,2,1,The Pure Creator
6618,similarity,0,2,2,4,3,1,2,5,3,4,The Digital Nomad
6619,similarity,4,0,3,3,1,2,3,5,1,0,The Grounded Loyalist
6620,similarity,0,1,1,2,4,2,4,4,3,2,The Aesthetic Rover
6621,similarity,4,5,1,0,2,3,0,1,0,5,The Direct Idealist
6622,similarity,2,0,0,5,2,4,5,0,2,5,The Minimalist Architect
6623,similarity,0,4,0,4,5,0,0,5,5,1,The Grounded Loyalist
6624,similarity,2,5,0,2,3,5,1,5,1,4,The Focused Builder
6625,similarity,0,3,5,1,0,0,0,4,4,0,The Direct Idealist
6626,similarity,4,3,5,5,0,1,1,3,2,2,The Digital Nomad
6627,similarity,0,2,4,4,4,3,2,2,4,4,The Calm Strategist
6628,similarity,4,2,4,3,1,4,1,1,1,1,The Aesthetic Rover
6629,similarity,2,1,4,1,5,3,2,4,3,3,The Pure Creator
6630,similarity,4,5,3,0,4,5,3,4,0,5,The Midnight Coder
6631,similarity,2,0,3,5,2,0,4,3,2,0,The Quiet Observer
6632,similarity,0,4,4,3,5,1,4,2,5,2,The Aesthetic Rover
6633,similarity,4,5,2,2,3,1,5,1,3,4,The Direct Idealist
6634,similarity,0,3,2,2,3,2,0,0,5,1,The Midnight Coder
6635,similarity,4,4,1,1,0,3,5,0,2,3,The Calm Strategist
6636,similarity,2,2,1,0,4,5,0,5,4,5,The Focused Builder
6637,similarity,4,3,2,4,1,0,1,2,1,2,The Free Spirit
6638,similarity,2,1,0,3,5,5,0,1,3,4,The Spontaneous Socialite
6639,similarity,0,1,0,2,5,1,1,0,1,0,The Calm Strategist
6640,similarity,4,0,5,0,2,2,2,5,2,1,The Aesthetic Rover
6641,similarity,0,0,5,5,0,3,3,5,0,3,The Free Spirit
6642,similarity,4,5,5,3,3,2,2,4,3,5,The Midnight Coder
6643,similarity,2,5,4,2,3,4,4,3,5,1,The Quiet Observer
6644,similarity,4,4,4,1,1,5,5,0,2,4,The Minimalist Architect
6645,similarity,2,4,3,5,4,0,4,5,4,0,The Grounded Loyalist
6646,similarity,0,3,3,4,2,0,5,4,2,2,The Midnight Coder
6647,similarity,4,1,3,2,1,1,0,4,3,5,The Calm Strategist
6648,similarity,0,2,2,1,5,2,5,3,1,1,The Minimalist Architect
6649,similarity,4,0,2,0,2,4,0,2,2,1,The Free Spirit
6650,similarity,2,1,3,4,0,5,1,1,0,4,The Spontaneous Socialite
6651,similarity,4,5,1,3,4,4,2,0,3,0,The Pure Creator
6652,similarity,2,5,1,2,3,0,1,4,5,2,The Digital Nomad
6653,similarity,0,4,0,0,1,1,2,3,3,5,The Free Spirit
6654,similarity,2,4,0,5,4,2,4,2,4,1,The Aesthetic Rover
6655,similarity,0,3,0,3,2,1,3,1,2,3,The Pure Creator
6656,similarity,4,3,5,2,2,3,4,0,3,0,The Minimalist Architect
6657,similarity,2,2,5,1,5,4,5,5,1,0,The Grounded Loyalist
6658,similarity,4,2,4,5,3,5,4,5,4,2,The Focused Builder
6659,similarity,2,1,4,0,0,1,5,4,0,4,The Direct Idealist
6660,similarity,0,1,4,5,0,0,0,1,4,1,The Minimalist Architect
6661,similarity,2,0,3,3,4,1,1,0,5,3,The Calm Strategist
6662,similarity,0,4,3,2,1,3,0,5,3,5,The Focused Builder
6663,similarity,4,5,4,0,5,4,1,5,4,2,The Pure Creator
6664,similarity,2,3,2,5,4,3,3,4,2,4,The Digital Nomad
6665,similarity,4,3,2,4,2,5,2,3,3,0,The Quiet Observer
6666,similarity,2,2,1,2,0,0,3,2,1,1,The Aesthetic Rover
6667,similarity,0,2,1,1,3,1,4,1,5,3,The Pure Creator
6668,similarity,2,1,2,0,1,3,3,4,0,5,The Midnight Coder
6669,similarity,0,1,0,4,0,2,4,4,4,2,The Quiet Observer
6670,similarity,4,0,0,3,4,3,5,3,5,4,The Focused Builder
6671,similarity,2,0,5,1,1,4,0,2,3,0,The Direct Idealist
6672,similarity,4,5,5,0,5,0,5,1,4,2,The Spontaneous Socialite
6673,similarity,2,5,5,5,5,5,0,0,2,5,The Calm Strategist
6674,similarity,0,4,4,3,2,0,1,5,4,1,The Focused Builder
6675,similarity,2,4,4,2,0,2,1,5,1,1,The Free Spirit
6676,similarity,0,3,3,0,3,3,2,2,5,4,The Spontaneous Socialite
6677,similarity,4,3,3,5,3,2,3,1,0,0,The Quiet Observer
6678,similarity,0,1,3,4,1,4,2,0,4,2,The Digital Nomad
6679,similarity,4,0,2,2,4,5,3,5,0,5,The Grounded Loyalist
6680,similarity,2,0,2,1,2,0,4,5,3,1,The Midnight Coder
6681,similarity,0,5,3,0,1,2,5,4,5,3,The Quiet Observer
6682,similarity,2,5,1,4,5,1,4,3,2,0,The Minimalist Architect
6683,similarity,0,4,1,3,3,2,5,2,0,2,The Grounded Loyalist
6684,similarity,4,4,0,1,0,3,0,5,1,2,The Spontaneous Socialite
6685,similarity,0,3,0,2,4,5,5,4,5,5,The Direct Idealist
6686,similarity,4,3,0,1,3,4,1,4,1,1,The Digital Nomad
6687,similarity,2,2,5,5,1,5,2,3,4,3,The Free Spirit
6688,similarity,0,2,5,4,4,1,1,2,0,5,The Spontaneous Socialite
6689,similarity,2,1,4,3,2,2,2,1,3,2,The Pure Creator
6690,similarity,0,1,4,1,2,3,3,0,5,4,The Digital Nomad
6691,similarity,4,5,4,0,5,3,4,0,2,0,The Grounded Loyalist
6692,similarity,0,0,3,4,3,4,3,3,0,1,The Aesthetic Rover
6693,similarity,4,4,3,3,0,5,4,2,2,3,The Direct Idealist
6694,similarity,1,5,4,2,0,1,5,1,5,5,The Grounded Loyalist
6695,similarity,5,3,2,0,4,0,4,0,1,2,The Spontaneous Socialite
6696,similarity,1,2,2,5,1,1,5,5,4,4,The Direct Idealist
6697,similarity,5,2,1,4,5,3,1,5,0,0,The Digital Nomad
6698,similarity,3,1,1,2,2,4,0,4,3,3,The Free Spirit
6699,similarity,5,1,1,1,2,3,1,1,1,5,The Aesthetic Rover
6700,similarity,3,0,0,5,0,4,2,0,3,1,The Pure Creator
6701,similarity,1,0,0,4,3,0,3,5,0,2,The Digital Nomad
6702,similarity,3,5,5,3,1,1,2,4,2,4,The Quiet Observer
6703,similarity,1,5,5,1,0,2,3,4,5,0,The Aesthetic Rover
6704,similarity,5,3,5,0,4,2,4,3,1,2,The Direct Idealist
6705,similarity,3,4,4,4,2,3,3,2,4,5,The Minimalist Architect
6706,similarity,5,2,4,3,5,4,4,1,0,1,The Calm Strategist
6707,similarity,3,3,5,2,5,0,5,4,4,3,The Focused Builder
6708,similarity,1,1,3,0,2,5,5,4,1,0,The Direct Idealist
6709,similarity,3,2,3,5,0,0,0,3,3,2,The Spontaneous Socialite
6710,similarity,1,0,2,0,3,2,1,2,0,2,The Calm Strategist
6711,similarity,5,1,2,4,3,3,2,1,2,5,The Aesthetic Rover
6712,similarity,3,5,3,3,1,4,1,0,5,1,The Pure Creator
6713,similarity,5,4,1,1,4,4,2,5,1,3,The Midnight Coder
6714,similarity,3,4,1,0,2,5,3,5,5,0,The Quiet Observer
6715,similarity,1,3,0,5,5,0,2,2,0,2,The Aesthetic Rover
6716,similarity,3,3,0,3,5,1,3,1,4,4,The Grounded Loyalist
6717,similarity,1,1,0,2,3,1,4,0,1,1,The Midnight Coder
6718,similarity,5,2,5,1,0,2,3,5,3,3,The Calm Strategist
6719,similarity,3,0,5,5,4,3,5,5,0,3,The Focused Builder
6720,similarity,5,1,4,4,3,5,0,4,2,5,The Free Spirit
6721,similarity,3,5,4,2,1,4,5,3,0,2,The Spontaneous Socialite
6722,similarity,1,0,4,1,5,5,0,2,1,4,The Calm Strategist
6723,similarity,3,4,3,0,2,1,1,5,5,0,The Digital Nomad
6724,similarity,1,5,3,4,2,2,2,4,2,3,The Free Spirit
6725,similarity,5,3,4,3,5,3,1,4,4,5,The Midnight Coder
6726,similarity,1,4,2,2,3,3,2,3,2,1,The Pure Creator
6727,similarity,5,2,2,0,0,4,3,2,3,4,The Minimalist Architect
6728,similarity,3,0,1,5,0,5,2,1,1,4,The Grounded Loyalist
6729,similarity,1,1,1,3,4,0,4,0,2,0,The Midnight Coder
6730,similarity,3,5,1,2,1,0,5,0,0,3,The Direct Idealist
6731,similarity,1,0,0,1,5,1,4,3,1,5,The Minimalist Architect
6732,similarity,5,4,0,5,2,2,5,2,5,1,The Free Spirit
6733,similarity,1,5,5,4,2,4,0,1,3,4,The Focused Builder
6734,similarity,5,3,5,2,0,5,1,0,4,0,The Pure Creator
6735,similarity,3,4,5,3,3,4,0,5,2,2,The Digital Nomad
6736,similarity,1,2,4,2,1,0,1,5,3,2,The Free Spirit
6737,similarity,3,3,4,0,0,1,2,4,1,5,The Aesthetic Rover
6738,similarity,1,1,5,5,4,2,1,3,2,1,The Pure Creator
6739,similarity,5,2,3,4,2,2,2,0,0,3,The Minimalist Architect
6740,similarity,1,0,3,2,5,3,4,5,4,0,The Quiet Observer
6741,similarity,5,0,2,1,5,4,3,4,5,2,The Focused Builder
6742,similarity,3,5,2,5,2,0,4,4,3,4,The Direct Idealist
6743,similarity,1,5,3,4,0,1,5,3,4,1,The Minimalist Architect
6744,similarity,3,4,1,3,4,0,0,2,2,3,The Calm Strategist
6745,similarity,1,2,1,1,1,1,5,1,3,3,The Focused Builder
6746,similarity,5,3,0,0,1,3,0,0,1,0,The Pure Creator
6747,similarity,1,1,0,5,4,4,1,4,3,2,The Spontaneous Socialite
6748,similarity,5,2,0,3,2,3,0,3,0,4,The Quiet Observer
6749,similarity,3,0,5,2,5,5,1,2,4,1,The Aesthetic Rover
6750,similarity,5,1,5,0,5,0,2,1,5,3,The Grounded Loyalist
6751,similarity,3,5,4,5,3,1,2,0,3,5,The Midnight Coder
6752,similarity,1,0,4,4,0,1,3,5,4,1,The Quiet Observer
6753,similarity,5,4,4,2,4,2,4,5,2,4,The Focused Builder
6754,similarity,1,4,3,1,3,3,5,2,4,4,The Grounded Loyalist
6755,similarity,5,3,3,0,1,5,4,1,1,0,The Spontaneous Socialite
6756,similarity,3,3,4,4,5,0,5,0,3,3,The Calm Strategist
6757,similarity,5,2,2,3,2,5,0,5,0,5,The Digital Nomad
6758,similarity,3,2,2,1,2,0,5,5,4,1,The Free Spirit
6759,similarity,1,1,1,0,5,2,0,4,5,4,The Spontaneous Socialite
6760,similarity,5,1,1,5,3,3,1,3,3,0,The Quiet Observer
6761,similarity,1,0,1,5,1,2,0,2,5,2,The Digital Nomad
6762,similarity,5,4,0,4,4,4,2,5,2,5,The Grounded Loyalist
6763,similarity,3,5,0,2,4,5,3,4,4,5,The Midnight Coder
6764,similarity,5,3,5,1,1,0,4,4,1,1,The Direct Idealist
6765,similarity,3,4,5,0,5,2,3,3,5,4,The Minimalist Architect
6766,similarity,1,2,5,4,2,1,4,2,1,0,The Grounded Loyalist
6767,similarity,5,2,4,3,2,2,5,1,4,2,The Spontaneous Socialite
6768,similarity,1,1,4,2,0,4,4,0,0,4,The Direct Idealist
6769,similarity,5,1,5,0,3,5,5,5,3,1,The Digital Nomad
6770,similarity,3,0,3,5,1,4,0,3,5,3,The Free Spirit
6771,similarity,5,0,3,3,0,0,5,2,2,5,The Aesthetic Rover
6772,similarity,3,5,2,2,4,1,0,1,4,0,The Pure Creator
6773,similarity,1,5,2,1,2,2,2,0,2,2,The Digital Nomad
6774,similarity,3,4,2,5,5,1,3,5,5,4,The Quiet Observer
6775,similarity,1,4,1,4,5,3,2,5,1,1,The Aesthetic Rover
6776,similarity,5,3,1,3,2,4,3,4,4,3,The Direct Idealist
6777,similarity,3,1,0,1,0,5,4,3,0,5,The Minimalist Architect
6778,similarity,5,2,0,0,4,1,3,0,3,2,The Calm Strategist
6779,similarity,3,0,0,4,1,0,4,5,5,4,The Focused Builder
6780,similarity,1,0,5,3,1,1,5,4,3,4,The Direct Idealist
6781,similarity,3,5,5,2,4,3,4,4,0,1,The Spontaneous Socialite
6782,similarity,1,5,0,0,2,4,5,3,2,3,The Calm Strategist
6783,similarity,5,4,4,5,0,3,1,2,5,5,The Aesthetic Rover
6784,similarity,3,4,4,3,5,5,2,1,1,1,The Pure Creator
6785,similarity,5,3,3,2,3,0,1,0,4,4,The Midnight Coder
6786,similarity,3,3,3,3,0,1,2,4,0,0,The Quiet Observer
6787,similarity,1,2,4,1,4,2,3,3,4,2,The Aesthetic Rover
6788,similarity,3,2,2,0,3,2,2,2,5,5,The Grounded Loyalist
6789,similarity,1,1,2,5,1,3,3,1,3,5,The Midnight Coder
6790,similarity,5,1,1,3,5,4,4,0,0,1,The Calm Strategist
6791,similarity,3,0,1,2,2,0,3,5,2,4,The Focused Builder
6792,similarity,5,0,1,0,0,5,4,5,5,0,The Free Spirit
6793,similarity,3,4,0,5,5,0,5,4,1,2,The Spontaneous Socialite
6794,similarity,1,3,0,4,3,2,1,1,5,5,The Calm Strategist
6795,similarity,3,3,5,2,1,3,0,0,0,1,The Digital Nomad
6796,similarity,1,2,5,1,4,2,1,5,4,3,The Free Spirit
6797,similarity,5,2,5,0,4,4,2,4,5,0,The Midnight Coder
6798,similarity,1,1,4,4,1,5,1,4,3,0,The Pure Creator
6799,similarity,5,1,4,3,5,0,2,3,0,2,The Minimalist Architect
6800,similarity,3,0,5,1,3,2,3,2,2,4,The Grounded Loyalist
6801,similarity,1,0,3,0,2,1,2,1,0,1,The Midnight Coder
6802,similarity,3,5,3,5,0,2,3,4,1,3,The Direct Idealist
6803,similarity,1,5,2,3,3,3,4,4,5,5,The Minimalist Architect
6804,similarity,5,4,2,2,1,5,5,3,0,2,The Free Spirit
6805,similarity,1,4,2,1,0,4,5,2,4,4,The Focused Builder
6806,similarity,5,2,1,5,4,5,0,1,2,0,The Pure Creator
6807,similarity,3,3,1,4,2,1,1,0,3,1,The Digital Nomad
6808,similarity,0,1,0,2,5,2,0,5,1,3,The Spontaneous Socialite
6809,similarity,2,2,0,1,3,3,1,3,2,5,The Pure Creator
6810,similarity,0,0,0,0,2,3,2,2,0,2,The Digital Nomad
6811,similarity,4,5,5,4,0,4,1,1,1,4,The Grounded Loyalist
6812,similarity,0,5,5,5,4,5,2,0,5,0,The Aesthetic Rover
6813,similarity,4,4,0,3,1,1,3,5,1,3,The Direct Idealist
6814,similarity,2,4,4,2,1,0,4,5,4,5,The Minimalist Architect
6815,similarity,0,3,4,1,4,1,3,4,2,1,The Grounded Loyalist
6816,similarity,2,3,3,5,2,2,5,3,3,1,The Focused Builder
6817,similarity,0,2,3,4,0,4,0,0,1,4,The Direct Idealist
6818,similarity,4,2,4,3,5,3,5,5,2,0,The Digital Nomad
6819,similarity,0,0,2,1,3,4,0,4,0,2,The Calm Strategist
6820,similarity,4,1,2,0,0,0,1,4,2,5,The Aesthetic Rover
6821,similarity,2,5,1,4,4,1,0,3,5,1,The Pure Creator
6822,similarity,4,0,1,3,3,2,1,2,1,3,The Midnight Coder
6823,similarity,2,4,1,2,1,2,2,1,4,0,The Quiet Observer
6824,similarity,0,5,0,0,5,3,3,0,2,0,The Aesthetic Rover
6825,similarity,4,3,0,5,2,4,2,4,3,2,The Direct Idealist
6826,similarity,0,2,5,4,0,0,3,3,1,5,The Midnight Coder
6827,similarity,4,2,5,2,5,5,5,2,3,1,The Calm Strategist
6828,similarity,2,1,5,1,3,0,4,1,0,3,The Focused Builder
6829,similarity,4,1,4,5,1,2,5,0,2,0,The Free Spirit
6830,similarity,2,0,4,4,4,3,0,5,5,2,The Spontaneous Socialite
6831,similarity,0,0,5,3,4,4,5,5,3,4,The Calm Strategist
6832,similarity,4,4,3,1,1,3,0,4,4,0,The Aesthetic Rover
6833,similarity,0,5,3,0,5,5,1,1,2,1,The Free Spirit
6834,similarity,4,3,2,5,3,0,0,0,4,3,The Midnight Coder
6835,similarity,2,4,2,3,2,1,1,5,1,5,The Quiet Observer
6836,similarity,4,2,2,2,0,1,2,4,3,2,The Minimalist Architect
6837,similarity,2,3,1,2,3,2,3,4,0,4,The Grounded Loyalist
6838,similarity,0,1,1,1,1,3,3,3,2,0,The Midnight Coder
6839,similarity,4,2,0,0,5,5,4,2,5,3,The Calm Strategist
6840,similarity,0,0,0,4,4,0,5,1,3,5,The Minimalist Architect
6841,similarity,4,1,0,3,2,5,4,4,5,1,The Free Spirit
6842,similarity,2,5,5,1,5,1,5,4,2,2,The Spontaneous Socialite
6843,similarity,4,4,5,0,3,2,0,3,4,4,The Pure Creator
6844,similarity,2,4,0,5,2,3,5,2,1,0,The Digital Nomad
6845,similarity,0,2,4,3,0,2,0,1,3,2,The Free Spirit
6846,similarity,2,3,4,2,4,4,1,0,0,5,The Aesthetic Rover
6847,similarity,0,1,3,1,1,5,2,5,4,1,The Pure Creator
6848,similarity,4,2,3,5,1,0,2,5,0,3,The Minimalist Architect
6849,similarity,2,0,3,4,4,0,3,2,3,0,The Grounded Loyalist
6850,similarity,4,1,2,2,2,1,4,1,5,2,The Focused Builder
6851,similarity,2,5,2,1,0,2,3,0,2,2,The Direct Idealist
6852,similarity,0,0,1,0,5,4,4,5,4,5,The Minimalist Architect
6853,similarity,2,4,1,4,3,5,5,5,2,1,The Calm Strategist
6854,similarity,0,5,1,3,0,4,4,4,3,3,The Focused Builder
6855,similarity,4,3,0,2,4,0,5,3,1,0,The Pure Creator
6856,similarity,2,4,0,0,2,1,0,2,4,2,The Digital Nomad
6857,similarity,4,2,5,5,1,2,1,5,0,4,The Quiet Observer
6858,similarity,2,2,5,3,5,2,0,4,3,1,The Aesthetic Rover
6859,similarity,0,1,5,2,2,3,2,4,5,1,The Pure Creator
6860,similarity,2,5,4,1,0,4,3,3,3,3,The Midnight Coder
6861,similarity,0,0,4,5,5,5,2,2,4,5,The Quiet Observer
6862,similarity,4,4,5,0,3,1,3,1,2,2,The Focused Builder
6863,similarity,2,5,3,5,1,0,4,0,3,4,The Direct Idealist
6864,similarity,4,3,3,3,4,1,3,3,1,0,The Spontaneous Socialite
6865,similarity,2,4,2,2,4,3,4,3,4,3,The Calm Strategist
6866,similarity,0,2,2,0,1,4,5,2,0,5,The Focused Builder
6867,similarity,2,3,2,5,5,3,0,1,4,1,The Free Spirit
6868,similarity,0,1,1,4,3,5,5,0,5,2,The Spontaneous Socialite
6869,similarity,4,2,1,2,2,0,0,5,3,4,The Quiet Observer
6870,similarity,0,0,0,1,0,1,2,5,4,0,The Digital Nomad
6871,similarity,4,0,0,5,3,1,1,4,2,3,The Grounded Loyalist
6872,similarity,2,5,0,4,1,2,2,1,5,5,The Midnight Coder
6873,similarity,0,5,5,3,5,3,3,0,1,1,The Quiet Observer
6874,similarity,2,4,5,1,4,4,2,5,5,4,The Minimalist Architect
6875,similarity,0,4,0,0,2,0,3,4,0,0,The Grounded Loyalist
6876,similarity,4,3,4,5,5,5,4,4,4,2,The Spontaneous Socialite
6877,similarity,0,1,4,3,3,0,5,3,5,2,The Direct Idealist
6878,similarity,4,2,3,2,3,2,4,2,3,5,The Digital Nomad
6879,similarity,2,0,3,0,0,3,5,1,4,1,The Free Spirit
6880,similarity,0,1,3,5,4,2,0,4,2,3,The Spontaneous Socialite
6881,similarity,2,5,2,4,1,4,0,4,0,0,The Pure Creator
6882,similarity,0,0,2,2,1,5,1,3,1,2,The Digital Nomad
6883,similarity,4,4,1,1,4,0,2,2,5,4,The Grounded Loyalist
6884,similarity,0,4,1,0,2,2,1,1,0,1,The Aesthetic Rover
6885,similarity,4,3,1,4,0,1,2,0,4,3,The Direct Idealist
6886,similarity,2,3,0,3,3,2,3,5,5,3,The Minimalist Architect
6887,similarity,0,2,0,1,3,4,4,5,3,0,The Grounded Loyalist
6888,similarity,2,2,1,2,0,5,3,2,1,2,The Focused Builder
6889,similarity,0,1,5,1,4,4,4,1,2,4,The Direct Idealist
6890,similarity,4,1,5,5,2,5,5,0,0,1,The Digital Nomad
6891,similarity,0,0,4,4,1,1,4,5,1,3,The Calm Strategist
6892,similarity,4,4,4,3,5,2,0,4,5,5,The Aesthetic Rover
6893,similarity,2,5,5,1,2,1,1,4,1,1,The Pure Creator
6894,similarity,4,3,3,0,0,3,0,3,4,4,The Midnight Coder
6895,similarity,2,3,3,4,0,4,1,2,0,4,The Quiet Observer
6896,similarity,0,2,2,3,3,5,2,5,3,0,The Aesthetic Rover
6897,similarity,4,2,2,2,1,1,3,4,1,3,The Direct Idealist
6898,similarity,0,1,2,0,4,0,2,4,2,5,The Midnight Coder
6899,similarity,4,1,1,5,4,1,3,3,0,1,The Calm Strategist
6900,similarity,2,0,1,3,1,3,4,2,2,4,The Focused Builder
6901,similarity,4,0,0,2,5,4,3,1,5,0,The Free Spirit
6902,similarity,2,5,0,1,3,3,5,0,1,2,The Spontaneous Socialite
6903,similarity,0,5,0,5,0,4,0,5,4,3,The Calm Strategist
6904,similarity,4,4,5,4,0,0,5,3,0,5,The Aesthetic Rover
6905,similarity,0,4,5,3,3,1,0,2,3,1,The Free Spirit
6906,similarity,4,3,0,1,1,2,1,1,1,4,The Midnight Coder
6907,similarity,2,3,4,0,5,2,2,0,3,0,The Quiet Observer
6908,similarity,4,1,4,4,4,3,1,5,0,2,The Minimalist Architect
6909,similarity,2,0,3,3,2,4,2,5,2,4,The Grounded Loyalist
6910,similarity,0,0,3,2,5,0,3,4,5,1,The Midnight Coder
6911,similarity,4,5,3,0,3,5,2,3,1,3,The Calm Strategist
6912,similarity,0,5,2,5,3,0,3,0,4,3,The Minimalist Architect
6913,similarity,4,4,2,0,0,2,5,5,2,0,The Free Spirit
6914,similarity,2,4,1,4,4,3,4,4,4,2,The Spontaneous Socialite
6915,similarity,4,3,1,3,1,4,5,4,1,4,The Pure Creator
6916,similarity,2,3,1,1,1,4,0,3,3,1,The Digital Nomad
6917,similarity,0,2,0,0,5,5,1,2,0,3,The Free Spirit
6918,similarity,2,2,0,5,2,0,0,1,2,5,The Aesthetic Rover
6919,similarity,0,1,1,3,0,1,1,0,5,2,The Pure Creator
6920,similarity,4,1,5,2,3,1,2,4,1,4,The Minimalist Architect
6921,similarity,2,5,5,1,3,2,1,3,5,4,The Grounded Loyalist
6922,similarity,4,0,4,5,0,3,2,2,2,1,The Focused Builder
6923,similarity,1,4,4,4,4,5,3,1,4,3,The Minimalist Architect
6924,similarity,5,5,4,2,2,4,3,0,1,5,The Free Spirit
6925,similarity,1,3,3,1,1,5,4,5,3,1,The Focused Builder
6926,similarity,5,2,3,0,5,1,5,5,0,4,The Pure Creator
6927,similarity,3,2,2,4,2,2,0,2,2,0,The Digital Nomad
6928,similarity,1,1,2,3,0,3,5,1,0,2,The Free Spirit
6929,similarity,3,1,2,1,0,3,0,0,1,5,The Aesthetic Rover
6930,similarity,1,0,1,0,3,4,1,5,5,5,The Pure Creator
6931,similarity,5,0,1,5,1,5,0,4,2,1,The Minimalist Architect
6932,similarity,1,5,0,3,4,0,1,4,4,4,The Quiet Observer
6933,similarity,5,5,0,2,2,0,2,3,1,0,The Focused Builder
6934,similarity,3,3,0,1,2,1,1,2,3,2,The Direct Idealist
6935,similarity,1,4,5,5,5,2,3,5,1,5,The Minimalist Architect
6936,similarity,3,2,5,4,3,4,4,4,2,1,The Calm Strategist
6937,similarity,1,3,0,2,0,5,5,4,0,3,The Focused Builder
6938,similarity,5,1,4,3,0,4,4,3,3,0,The Pure Creator
6939,similarity,1,2,4,2,3,0,5,2,5,0,The Spontaneous Socialite
6940,similarity,5,0,3,0,1,1,0,1,3,2,The Quiet Observer
6941,similarity,3,5,3,5,5,2,5,0,4,4,The Aesthetic Rover
6942,similarity,5,5,3,4,4,2,0,5,2,1,The Grounded Loyalist
6943,similarity,3,4,2,2,2,3,1,3,3,3,The Midnight Coder
6944,similarity,1,4,2,1,5,4,0,2,1,5,The Quiet Observer
6945,similarity,5,3,1,5,3,0,1,1,2,2,The Focused Builder
6946,similarity,1,3,1,4,3,5,3,0,0,4,The Grounded Loyalist
6947,similarity,5,1,1,3,0,0,2,5,4,4,The Spontaneous Socialite
6948,similarity,3,2,0,1,4,1,3,5,5,1,The Calm Strategist
6949,similarity,5,0,0,0,1,3,4,4,3,3,The Digital Nomad
6950,similarity,3,1,1,5,5,4,5,3,4,5,The Free Spirit
6951,similarity,1,5,5,3,5,3,4,0,2,2,The Spontaneous Socialite
6952,similarity,5,0,5,2,2,5,5,5,3,4,The Quiet Observer
6953,similarity,1,4,4,0,0,0,0,4,1,0,The Digital Nomad
6954,similarity,5,5,4,5,3,1,5,4,5,3,The Grounded Loyalist
6955,similarity,3,3,4,4,3,1,0,3,0,5,The Midnight Coder
6956,similarity,5,4,3,2,1,2,2,2,4,5,The Direct Idealist
6957,similarity,3,2,3,1,4,3,1,1,5,1,The Minimalist Architect
6958,similarity,1,1,2,5,2,5,2,0,3,4,The Grounded Loyalist
6959,similarity,5,1,2,4,1,0,3,3,4,0,The Spontaneous Socialite
6960,similarity,1,5,2,3,5,5,4,3,2,2,The Direct Idealist
6961,similarity,5,0,1,1,2,0,3,2,4,5,The Digital Nomad
6962,similarity,3,4,1,0,0,2,4,1,1,1,The Free Spirit
6963,similarity,5,5,2,5,0,3,5,0,5,3,The Aesthetic Rover
6964,similarity,3,3,0,5,3,2,4,5,0,0,The Pure Creator
6965,similarity,1,4,0,4,1,4,5,5,4,0,The Digital Nomad
6966,similarity,3,2,5,2,4,5,0,4,5,2,The Quiet Observer
6967,similarity,1,3,5,1,2,0,0,1,3,5,The Aesthetic Rover
6968,similarity,5,1,0,0,2,0,1,0,5,1,The Direct Idealist
6969,similarity,3,2,4,4,5,1,2,5,2,3,The Minimalist Architect
6970,similarity,5,0,4,3,3,2,3,4,4,0,The Calm Strategist
6971,similarity,3,1,3,2,0,4,2,4,1,2,The Focused Builder
6972,similarity,1,5,3,0,0,5,3,3,5,4,The Direct Idealist
6973,similarity,3,5,3,5,4,4,4,2,0,0,The Spontaneous Socialite
6974,similarity,1,4,2,3,1,0,3,1,4,1,The Calm Strategist
6975,similarity,5,2,2,2,5,1,4,4,0,3,The Aesthetic Rover
6976,similarity,3,3,1,1,4,2,5,4,3,5,The Pure Creator
6977,similarity,5,1,1,5,2,1,4,3,5,2,The Midnight Coder
6978,similarity,3,2,1,4,5,3,0,2,2,4,The Quiet Observer
6979,similarity,1,0,0,3,3,4,1,1,0,0,The Aesthetic Rover
6980,similarity,3,1,0,1,1,5,2,0,2,3,The Grounded Loyalist
6981,similarity,1,5,1,0,0,1,1,5,5,5,The Midnight Coder
6982,similarity,5,0,5,4,4,0,2,3,1,1,The Calm Strategist
6983,similarity,3,4,5,3,1,1,3,2,4,2,The Focused Builder
6984,similarity,5,5,4,2,5,3,2,1,0,4,The Free Spirit
6985,similarity,3,3,4,0,5,4,3,0,3,0,The Spontaneous Socialite
6986,similarity,1,3,4,5,2,3,4,5,5,3,The Calm Strategist
6987,similarity,3,2,3,3,0,5,3,4,3,5,The Digital Nomad
6988,similarity,1,2,3,2,3,0,4,4,0,1,The Free Spirit
6989,similarity,5,1,2,3,3,1,0,3,2,3,The Midnight Coder
6990,similarity,1,1,2,1,1,0,1,0,5,0,The Pure Creator
6991,similarity,5,0,2,0,4,2,0,5,1,0,The Minimalist Architect
6992,similarity,3,4,1,5,2,3,1,4,4,2,The Grounded Loyalist
6993,similarity,1,5,1,3,1,4,2,4,0,5,The Midnight Coder
6994,similarity,3,3,2,2,5,0,1,3,4,1,The Direct Idealist
6995,similarity,1,4,0,0,3,5,2,2,1,3,The Minimalist Architect
6996,similarity,5,2,0,5,0,0,3,1,3,0,The Free Spirit
6997,similarity,1,3,5,4,4,2,2,0,0,2,The Focused Builder
6998,similarity,5,1,5,2,3,3,3,3,2,4,The Pure Creator
6999,similarity,3,1,5,1,1,2,4,3,5,1,The Digital Nomad
7000,similarity,1,0,4,0,4,4,0,2,1,1,The Free Spirit
7001,similarity,3,0,4,4,2,5,5,1,5,3,The Aesthetic Rover
7002,similarity,1,5,3,3,2,0,0,0,0,5,The Pure Creator
7003,similarity,5,5,3,1,5,2,1,5,4,2,The Minimalist Architect
7004,similarity,1,4,3,0,3,1,0,5,1,4,The Quiet Observer
7005,similarity,5,4,2,5,0,2,1,4,3,0,The Focused Builder
7006,similarity,3,3,2,3,0,3,2,1,0,3,The Direct Idealist
7007,similarity,1,1,1,2,4,5,1,0,2,5,The Minimalist Architect
7008,similarity,3,2,1,1,1,4,2,5,0,1,The Calm Strategist
7009,similarity,1,0,1,5,5,5,3,4,1,2,The Focused Builder
7010,similarity,5,1,0,4,4,1,4,4,5,4,The Pure Creator
7011,similarity,1,5,0,2,2,2,4,3,0,0,The Spontaneous Socialite
7012,similarity,5,5,1,1,0,3,5,2,4,3,The Quiet Observer
7013,similarity,3,4,5,0,3,3,0,1,1,5,The Aesthetic Rover
7014,similarity,5,4,5,4,1,4,5,4,3,1,The Grounded Loyalist
7015,similarity,3,3,4,5,0,5,0,3,1,4,The Midnight Coder
7016,similarity,1,3,4,3,4,1,1,3,2,0,The Quiet Observer
7017,similarity,5,2,4,2,1,0,0,2,0,2,The Focused Builder
7018,similarity,1,2,3,1,5,1,1,1,1,2,The Grounded Loyalist
7019,similarity,5,1,3,5,5,2,2,0,5,5,The Spontaneous Socialite
7020,similarity,3,1,2,4,2,4,3,5,2,1,The Calm Strategist
7021,similarity,5,0,2,3,0,3,3,5,4,3,The Digital Nomad
7022,similarity,3,0,2,1,3,4,4,2,2,0,The Free Spirit
7023,similarity,1,5,1,0,3,0,5,1,3,2,The Spontaneous Socialite
7024,similarity,5,3,1,4,1,1,4,0,1,4,The Quiet Observer
7025,similarity,1,3,2,3,4,2,5,5,2,1,The Digital Nomad
7026,similarity,5,2,0,2,2,2,0,4,0,1,The Grounded Loyalist
7027,similarity,3,2,0,0,5,3,5,4,2,3,The Midnight Coder
7028,similarity,5,1,5,5,5,4,0,3,5,0,The Direct Idealist
7029,similarity,3,1,5,4,3,0,1,2,3,2,The Minimalist Architect
7030,similarity,1,0,5,2,0,5,2,5,4,4,The Grounded Loyalist
7031,similarity,5,0,4,1,4,0,1,4,2,1,The Spontaneous Socialite
7032,similarity,1,5,4,5,3,2,3,4,3,3,The Direct Idealist
7033,similarity,5,5,3,4,1,3,4,3,1,5,The Digital Nomad
7034,similarity,3,4,3,3,5,4,3,2,3,1,The Free Spirit
7035,similarity,5,4,3,1,2,3,4,1,0,2,The Aesthetic Rover
7036,similarity,3,3,2,0,2,5,5,0,4,4,The Pure Creator
7037,similarity,0,3,2,5,5,0,4,3,5,0,The Free Spirit
7038,similarity,2,1,1,3,3,1,5,3,3,3,The Aesthetic Rover
7039,similarity,0,2,1,2,0,1,0,2,4,5,The Pure Creator
7040,similarity,4,0,1,2,0,2,1,1,2,1,The Minimalist Architect
7041,similarity,2,5,0,1,4,3,0,0,4,4,The Grounded Loyalist
7042,similarity,4,5,0,0,1,5,1,5,1,0,The Focused Builder
7043,similarity,2,4,0,4,5,4,3,5,3,2,The Direct Idealist
7044,similarity,0,4,5,3,2,5,2,4,0,3,The Minimalist Architect
7045,similarity,2,3,5,1,2,1,3,1,4,5,The Calm Strategist
7046,similarity,0,3,4,0,0,2,4,0,5,1,The Focused Builder
7047,similarity,4,2,4,5,3,3,3,5,3,4,The Pure Creator
7048,similarity,2,2,4,3,1,2,4,4,5,0,The Digital Nomad
7049,similarity,4,0,3,2,0,4,5,4,2,2,The Quiet Observer
7050,similarity,2,1,3,1,4,5,0,3,4,4,The Aesthetic Rover
7051,similarity,0,5,2,5,2,0,5,2,1,1,The Pure Creator
7052,similarity,2,0,2,4,5,0,0,1,3,3,The Midnight Coder
7053,similarity,0,4,2,2,5,1,1,4,0,3,The Quiet Observer
7054,similarity,4,5,1,1,2,2,1,3,4,0,The Focused Builder
7055,similarity,2,3,1,0,0,4,2,3,0,2,The Direct Idealist
7056,similarity,4,2,2,4,3,5,3,2,3,4,The Spontaneous Socialite
7057,similarity,2,2,0,3,3,4,2,1,5,1,The Calm Strategist
7058,similarity,0,1,0,2,1,0,3,0,2,3,The Focused Builder
7059,similarity,2,1,5,0,4,1,4,5,4,5,The Free Spirit
7060,similarity,0,0,5,5,2,2,5,5,1,2,The Spontaneous Socialite
7061,similarity,4,0,5,3,5,2,4,2,5,4,The Quiet Observer
7062,similarity,0,4,4,2,5,3,5,1,1,4,The Digital Nomad
7063,similarity,4,5,4,1,3,4,0,0,4,1,The Grounded Loyalist
7064,similarity,2,3,3,5,0,5,5,5,0,3,The Midnight Coder
7065,similarity,0,4,3,0,4,5,1,4,3,5,The Quiet Observer
7066,similarity,2,2,3,5,3,0,2,4,5,1,The Minimalist Architect
7067,similarity,0,3,2,3,1,1,1,3,3,4,The Grounded Loyalist
7068,similarity,4,1,2,2,5,3,2,2,4,0,The Spontaneous Socialite
7069,similarity,0,2,3,0,2,4,3,5,2,2,The Direct Idealist
7070,similarity,4,0,1,5,2,3,2,4,5,3,The Digital Nomad
7071,similarity,2,1,1,4,5,5,3,4,1,5,The Free Spirit
7072,similarity,0,5,0,2,3,0,4,3,4,1,The Spontaneous Socialite
7073,similarity,2,4,0,1,1,1,5,2,0,4,The Pure Creator
7074,similarity,0,4,0,5,0,1,4,1,4,0,The Digital Nomad
7075,similarity,4,2,5,4,4,2,0,0,5,2,The Grounded Loyalist
7076,similarity,0,3,5,3,1,3,1,5,3,5,The Aesthetic Rover
7077,similarity,4,1,4,1,5,4,0,3,4,1,The Direct Idealist
7078,similarity,2,2,4,0,2,0,1,2,2,3,The Minimalist Architect
7079,similarity,0,0,4,5,2,5,2,1,5,4,The Grounded Loyalist
7080,similarity,2,1,3,3,0,0,1,0,1,0,The Focused Builder
7081,similarity,0,5,3,2,3,2,2,5,5,2,The Direct Idealist
7082,similarity,4,0,2,0,1,3,3,4,0,4,The Digital Nomad
7083,similarity,0,4,2,5,0,2,4,4,4,1,The Calm Strategist
7084,similarity,4,5,2,4,4,4,3,3,5,3,The Aesthetic Rover
7085,similarity,2,3,1,2,2,5,4,0,3,5,The Pure Creator
7086,similarity,4,4,1,1,5,0,0,5,0,2,The Midnight Coder
7087,similarity,2,2,2,0,5,2,5,4,2,4,The Quiet Observer
7088,similarity,0,2,0,4,2,1,0,4,0,4,The Aesthetic Rover
7089,similarity,4,1,0,3,0,2,1,3,1,1,The Direct Idealist
7090,similarity,0,5,5,1,4,4,0,2,5,3,The Midnight Coder
7091,similarity,4,0,5,2,1,5,1,1,0,5,The Calm Strategist
7092,similarity,2,4,5,1,1,4,2,4,4,2,The Focused Builder
7093,similarity,4,5,4,5,4,5,3,3,5,4,The Free Spirit
7094,similarity,2,3,4,4,2,1,2,3,3,0,The Spontaneous Socialite
7095,similarity,0,4,3,3,5,2,3,2,1,3,The Calm Strategist
7096,similarity,4,2,3,1,5,1,4,1,2,5,The Aesthetic Rover
7097,similarity,0,3,3,0,3,3,4,0,0,5,The Free Spirit
7098,similarity,4,1,2,4,0,4,5,5,1,1,The Midnight Coder
7099,similarity,2,2,2,3,4,5,0,5,5,4,The Quiet Observer
7100,similarity,4,0,3,2,3,1,5,2,0,0,The Minimalist Architect
7101,similarity,2,0,1,0,1,0,0,1,4,2,The Grounded Loyalist
7102,similarity,0,5,1,5,5,1,1,0,2,5,The Midnight Coder
7103,similarity,4,5,0,3,2,3,2,5,3,1,The Calm Strategist
7104,similarity,0,4,0,2,2,4,1,4,1,3,The Minimalist Architect
7105,similarity,4,2,0,1,5,3,2,4,2,0,The Free Spirit
7106,similarity,2,3,5,5,3,4,3,3,0,0,The Spontaneous Socialite
7107,similarity,4,1,5,4,1,0,2,2,2,2,The Pure Creator
7108,similarity,2,2,4,3,4,1,4,5,5,5,The Digital Nomad
7109,similarity,0,0,4,1,4,2,5,4,1,1,The Free Spirit
7110,similarity,2,1,4,0,1,2,4,3,4,3,The Aesthetic Rover
7111,similarity,0,5,3,4,5,3,5,3,2,0,The Pure Creator
7112,similarity,4,0,3,3,2,4,0,2,3,2,The Minimalist Architect
7113,similarity,2,4,2,2,2,0,1,1,1,4,The Grounded Loyalist
7114,similarity,4,4,2,0,0,5,0,0,3,4,The Focused Builder
7115,similarity,2,3,2,5,3,0,1,5,0,1,The Direct Idealist
7116,similarity,0,3,1,0,1,2,2,3,2,3,The Minimalist Architect
7117,similarity,2,2,1,4,0,3,1,2,5,5,The Calm Strategist
7118,similarity,0,2,1,3,4,2,2,1,1,2,The Focused Builder
7119,similarity,4,1,0,1,2,4,4,0,4,4,The Pure Creator
7120,similarity,2,1,0,0,5,5,3,5,2,0,The Digital Nomad
7121,similarity,4,0,5,5,5,0,4,4,4,3,The Quiet Observer
7122,similarity,2,4,5,3,2,1,5,4,1,5,The Aesthetic Rover
7123,similarity,0,5,5,2,0,1,0,3,3,5,The Pure Creator
7124,similarity,2,3,4,1,4,2,5,0,0,2,The Midnight Coder
7125,similarity,0,4,4,5,1,3,0,5,2,4,The Quiet Observer
7126,similarity,4,2,3,4,1,5,1,4,5,0,The Focused Builder
7127,similarity,2,2,3,2,4,4,0,4,3,3,The Direct Idealist
7128,similarity,4,1,3,1,2,5,1,3,5,5,The Spontaneous Socialite
7129,similarity,2,1,2,0,0,1,2,2,2,1,The Calm Strategist
7130,similarity,0,0,2,4,5,2,2,1,4,3,The Focused Builder
7131,similarity,2,0,3,3,3,3,3,0,1,0,The Free Spirit
7132,similarity,0,5,1,1,0,3,4,3,3,0,The Spontaneous Socialite
7133,similarity,4,5,1,0,4,4,5,3,0,2,The Quiet Observer
7134,similarity,0,4,0,5,3,5,4,2,2,5,The Digital Nomad
7135,similarity,4,4,0,3,1,0,5,1,0,1,The Grounded Loyalist
7136,similarity,2,3,0,2,5,0,0,0,3,3,The Midnight Coder
7137,similarity,0,3,5,1,2,1,5,5,5,0,The Quiet Observer
7138,similarity,2,2,5,5,0,2,0,5,2,2,The Minimalist Architect
7139,similarity,0,0,4,4,5,4,1,4,4,4,The Grounded Loyalist
7140,similarity,4,0,4,2,3,3,1,1,1,1,The Spontaneous Socialite
7141,similarity,0,5,4,3,1,4,2,0,3,1,The Direct Idealist
7142,similarity,4,5,3,2,4,0,3,5,1,3,The Digital Nomad
7143,similarity,2,4,3,0,4,1,4,4,4,0,The Free Spirit
7144,similarity,0,4,4,5,1,2,3,4,0,2,The Spontaneous Socialite
7145,similarity,2,3,2,4,5,2,4,3,3,4,The Pure Creator
7146,similarity,0,3,2,2,3,3,5,2,5,0,The Digital Nomad
7147,similarity,4,2,1,1,2,4,4,5,2,3,The Grounded Loyalist
7148,similarity,0,2,1,5,0,0,5,4,4,5,The Aesthetic Rover
7149,similarity,4,1,1,4,3,5,0,3,2,5,The Direct Idealist
7150,similarity,2,1,0,3,1,0,5,3,3,2,The Minimalist Architect
7151,similarity,5,0,0,1,0,1,1,2,1,4,The Spontaneous Socialite
7152,similarity,1,0,5,0,4,3,2,1,4,0,The Direct Idealist
7153,similarity,5,4,5,4,2,4,3,0,0,3,The Digital Nomad
7154,similarity,3,5,5,3,5,3,2,5,4,5,The Free Spirit
7155,similarity,5,3,4,2,3,5,3,3,5,1,The Aesthetic Rover
7156,similarity,3,2,4,0,2,0,4,2,3,4,The Pure Creator
7157,similarity,1,2,3,5,0,1,3,1,4,0,The Digital Nomad
7158,similarity,3,1,3,4,4,1,4,0,2,0,The Quiet Observer
7159,similarity,1,1,3,2,1,2,5,5,3,3,The Aesthetic Rover
7160,similarity,5,0,2,1,1,3,4,4,1,5,The Direct Idealist
7161,similarity,3,0,2,5,4,5,5,4,5,1,The Minimalist Architect
7162,similarity,5,5,3,4,2,0,1,3,0,3,The Calm Strategist
7163,similarity,3,5,1,3,0,5,2,0,4,0,The Focused Builder
7164,similarity,1,4,1,1,5,0,1,5,5,2,The Direct Idealist
7165,similarity,3,4,0,0,3,2,2,4,3,4,The Spontaneous Socialite
7166,similarity,1,2,0,5,0,3,3,4,4,1,The Calm Strategist
7167,similarity,5,3,0,5,4,2,2,3,2,1,The Aesthetic Rover
7168,similarity,3,1,5,4,4,4,3,2,0,3,The Pure Creator
7169,similarity,5,2,5,2,1,5,4,1,1,0,The Midnight Coder
7170,similarity,3,0,4,1,5,0,3,0,5,2,The Quiet Observer
7171,similarity,1,5,4,0,2,0,4,3,0,4,The Aesthetic Rover
7172,similarity,3,5,4,4,0,1,5,3,4,1,The Grounded Loyalist
7173,similarity,1,4,3,3,5,2,1,2,5,3,The Midnight Coder
7174,similarity,5,4,3,2,3,4,0,1,3,5,The Calm Strategist
7175,similarity,3,3,4,0,1,5,1,0,5,1,The Focused Builder
7176,similarity,5,3,2,5,4,4,2,5,2,2,The Free Spirit
7177,similarity,3,2,2,3,4,0,1,4,0,4,The Spontaneous Socialite
7178,similarity,1,2,1,2,1,1,2,4,1,0,The Calm Strategist
7179,similarity,3,0,1,1,5,2,3,1,5,3,The Digital Nomad
7180,similarity,1,1,1,5,3,1,2,0,0,5,The Free Spirit
7181,similarity,5,5,0,4,2,3,3,5,4,1,The Midnight Coder
7182,similarity,1,0,0,2,0,4,4,4,0,4,The Pure Creator
7183,similarity,5,4,5,1,3,5,3,4,3,0,The Minimalist Architect
7184,similarity,3,5,5,0,1,1,5,3,1,2,The Grounded Loyalist
7185,similarity,1,3,5,4,5,0,0,2,2,3,The Midnight Coder
7186,similarity,3,4,4,3,4,1,1,1,0,5,The Direct Idealist
7187,similarity,1,2,4,2,2,3,0,4,1,1,The Minimalist Architect
7188,similarity,5,1,3,0,5,4,1,3,5,4,The Free Spirit
7189,similarity,1,1,3,5,3,3,2,3,1,0,The Focused Builder
7190,similarity,5,0,3,3,2,5,1,2,4,2,The Pure Creator
7191,similarity,3,0,2,2,0,0,2,1,0,4,The Digital Nomad
7192,similarity,1,4,2,3,4,1,3,0,3,1,The Free Spirit
7193,similarity,3,5,2,1,1,0,2,5,1,1,The Aesthetic Rover
7194,similarity,1,3,1,0,1,2,4,5,3,3,The Pure Creator
7195,similarity,5,4,1,5,4,3,5,2,0,0,The Minimalist Architect
7196,similarity,1,2,0,3,2,4,0,1,2,2,The Quiet Observer
7197,similarity,5,3,0,2,0,0,5,0,5,4,The Focused Builder
7198,similarity,3,1,0,0,5,5,0,5,1,1,The Direct Idealist
7199,similarity,1,2,5,5,3,0,1,4,4,3,The Minimalist Architect
7200,similarity,3,0,5,4,0,2,0,4,0,5,The Calm Strategist
7201,similarity,1,1,4,2,4,3,1,3,4,2,The Focused Builder
7202,similarity,5,5,4,1,2,2,2,0,1,2,The Pure Creator
7203,similarity,1,5,4,0,1,4,1,5,3,4,The Spontaneous Socialite
7204,similarity,5,4,3,4,5,5,2,4,0,1,The Quiet Observer
7205,similarity,3,2,3,3,2,0,4,3,2,3,The Aesthetic Rover
7206,similarity,1,3,4,1,0,2,5,3,5,5,The Pure Creator
7207,similarity,3,1,2,0,0,1,4,2,1,1,The Midnight Coder
7208,similarity,1,2,2,5,3,2,5,1,5,4,The Quiet Observer
7209,similarity,5,0,1,3,1,3,0,0,2,0,The Focused Builder
7210,similarity,1,1,1,2,4,5,5,3,4,2,The Grounded Loyalist
7211,similarity,5,5,1,0,4,4,0,3,1,3,The Spontaneous Socialite
7212,similarity,3,0,0,5,1,5,1,2,3,5,The Calm Strategist
7213,similarity,5,4,0,4,5,1,0,1,0,1,The Digital Nomad
7214,similarity,3,5,5,2,3,2,1,0,2,4,The Free Spirit
7215,similarity,1,3,5,1,2,1,2,5,0,0,The Spontaneous Socialite
7216,similarity,5,3,5,0,0,3,4,4,1,2,The Quiet Observer
7217,similarity,1,2,4,4,3,4,3,4,5,5,The Digital Nomad
7218,similarity,5,2,4,5,1,5,4,1,2,1,The Grounded Loyalist
7219,similarity,3,1,5,3,5,1,5,0,4,3,The Midnight Coder
7220,similarity,5,5,3,2,4,0,4,5,1,4,The Direct Idealist
7221,similarity,3,0,3,1,2,1,5,4,3,0,The Minimalist Architect
7222,similarity,1,4,2,5,5,2,0,4,1,2,The Grounded Loyalist
7223,similarity,5,5,2,4,3,4,5,3,2,4,The Spontaneous Socialite
7224,similarity,1,3,2,3,3,3,0,2,0,1,The Direct Idealist
7225,similarity,5,4,1,1,0,4,1,1,1,3,The Digital Nomad
7226,similarity,3,2,1,0,4,0,2,4,5,5,The Free Spirit
7227,similarity,5,3,0,4,1,1,2,3,2,2,The Aesthetic Rover
7228,similarity,3,1,0,3,1,2,3,3,4,4,The Pure Creator
7229,similarity,1,1,0,2,4,2,4,2,2,4,The Digital Nomad
7230,similarity,5,0,5,0,2,3,3,1,3,1,The Grounded Loyalist
7231,similarity,1,0,5,5,0,4,4,0,1,3,The Aesthetic Rover
7232,similarity,5,5,4,4,3,0,5,5,2,5,The Direct Idealist
7233,similarity,3,5,4,2,3,5,4,5,0,2,The Minimalist Architect
7234,similarity,5,4,4,1,0,0,5,2,3,4,The Calm Strategist
7235,similarity,3,4,3,5,4,2,0,1,5,0,The Focused Builder
7236,similarity,1,3,3,4,2,3,1,0,3,3,The Direct Idealist
7237,similarity,3,1,4,3,1,2,0,5,4,3,The Spontaneous Socialite
7238,similarity,1,2,2,1,5,3,2,4,2,5,The Calm Strategist
7239,similarity,5,0,2,0,2,5,3,4,3,1,The Aesthetic Rover
7240,similarity,3,1,1,4,0,0,2,3,1,4,The Pure Creator
7241,similarity,5,5,1,3,0,1,3,2,3,0,The Midnight Coder
7242,similarity,3,5,1,2,3,1,4,5,0,2,The Quiet Observer
7243,similarity,1,4,0,2,1,2,3,4,4,5,The Aesthetic Rover
7244,similarity,3,4,0,1,4,3,4,3,5,1,The Grounded Loyalist
7245,similarity,1,3,5,0,4,5,5,3,3,3,The Midnight Coder
7246,similarity,5,3,5,4,2,4,0,2,4,4,The Calm Strategist
7247,similarity,3,2,5,3,5,5,5,1,2,0,The Focused Builder
7248,similarity,5,2,4,1,3,1,0,0,4,2,The Free Spirit
7249,similarity,3,1,4,0,0,2,2,5,1,5,The Spontaneous Socialite
7250,similarity,1,1,5,5,0,3,1,3,5,1,The Calm Strategist
7251,similarity,3,0,3,3,3,3,2,2,0,3,The Digital Nomad
7252,similarity,1,0,3,2,1,4,3,1,4,0,The Free Spirit
7253,similarity,5,5,2,1,5,5,2,0,5,2,The Midnight Coder
7254,similarity,3,3,2,5,4,0,3,5,3,4,The Quiet Observer
7255,similarity,5,3,2,4,2,0,4,4,5,4,The Minimalist Architect
7256,similarity,3,2,1,2,5,1,5,4,2,1,The Grounded Loyalist
7257,similarity,1,2,1,1,3,2,4,1,4,3,The Midnight Coder
7258,similarity,3,1,0,0,3,4,5,0,1,5,The Direct Idealist
7259,similarity,1,1,0,4,0,5,1,5,5,2,The Minimalist Architect
7260,similarity,5,0,0,3,4,4,0,4,0,4,The Free Spirit
7261,similarity,1,0,5,2,1,0,1,4,4,0,The Focused Builder
7262,similarity,5,5,5,0,1,1,2,3,0,3,The Pure Creator
7263,similarity,3,5,4,5,5,2,1,2,3,5,The Digital Nomad
7264,similarity,1,4,4,3,2,2,2,1,5,5,The Free Spirit
7265,similarity,3,4,4,2,0,3,3,4,2,2,The Aesthetic Rover
7266,similarity,0,3,3,1,3,4,4,3,4,4,The Digital Nomad
7267,similarity,4,3,3,5,3,5,3,3,1,0,The Grounded Loyalist
7268,similarity,0,1,3,0,0,5,4,2,5,3,The Aesthetic Rover
7269,similarity,4,0,2,4,4,0,5,1,1,5,The Direct Idealist
7270,similarity,2,0,2,3,2,1,5,0,4,1,The Minimalist Architect
7271,similarity,0,5,1,2,1,3,0,5,0,3,The Grounded Loyalist
7272,similarity,2,5,1,0,5,4,1,4,3,0,The Focused Builder
7273,similarity,0,4,1,5,2,3,0,2,5,0,The Direct Idealist
7274,similarity,4,4,0,4,0,5,1,1,2,2,The Digital Nomad
7275,similarity,0,3,0,2,0,0,2,0,0,5,The Calm Strategist
7276,similarity,4,3,5,1,3,1,3,5,2,1,The Aesthetic Rover
7277,similarity,2,2,5,5,1,1,2,4,5,3,The Pure Creator
7278,similarity,0,2,5,4,4,2,3,4,1,0,The Digital Nomad
7279,similarity,2,1,4,3,2,3,4,3,4,2,The Quiet Observer
7280,similarity,0,1,4,1,2,5,3,2,0,4,The Aesthetic Rover
7281,similarity,4,5,5,0,5,0,5,5,4,5,The Direct Idealist
7282,similarity,0,0,3,5,3,5,0,4,5,1,The Midnight Coder
7283,similarity,4,4,3,3,0,0,5,3,3,3,The Calm Strategist
7284,similarity,2,5,2,2,0,2,0,3,0,0,The Focused Builder
7285,similarity,4,3,2,0,4,3,1,2,2,2,The Free Spirit
7286,similarity,2,2,2,5,1,2,2,1,5,4,The Spontaneous Socialite
7287,similarity,0,2,1,4,5,4,1,0,1,0,The Calm Strategist
7288,similarity,4,1,1,2,4,5,2,5,5,3,The Aesthetic Rover
7289,similarity,0,1,0,1,2,0,3,3,0,5,The Free Spirit
7290,similarity,4,0,0,0,5,0,2,2,4,5,The Midnight Coder
7291,similarity,2,0,0,4,3,1,3,1,1,2,The Quiet Observer
7292,similarity,4,5,5,3,3,2,5,0,3,4,The Minimalist Architect
7293,similarity,2,5,5,1,0,4,4,5,0,0,The Grounded Loyalist
7294,similarity,0,3,4,2,4,5,5,4,2,3,The Midnight Coder
7295,similarity,4,4,4,1,1,4,0,4,0,5,The Calm Strategist
7296,similarity,0,2,4,5,5,5,5,3,1,1,The Minimalist Architect
7297,similarity,4,3,3,4,5,1,0,0,5,4,The Free Spirit
7298,similarity,2,1,3,2,2,2,1,5,0,0,The Spontaneous Socialite
7299,similarity,4,2,3,1,0,1,2,4,4,0,The Pure Creator
7300,similarity,2,0,2,0,3,3,1,3,1,3,The Digital Nomad
7301,similarity,0,1,2,4,3,4,2,3,3,5,The Free Spirit
7302,similarity,4,5,1,3,1,5,3,2,1,1,The Midnight Coder
7303,similarity,0,4,1,2,4,1,3,1,2,3,The Pure Creator
7304,similarity,4,4,1,0,2,0,4,0,0,0,The Minimalist Architect
7305,similarity,2,3,0,5,1,1,5,3,1,2,The Grounded Loyalist
7306,similarity,4,3,0,3,5,3,4,3,5,4,The Focused Builder
7307,similarity,2,1,5,2,2,4,5,2,0,1,The Direct Idealist
7308,similarity,0,2,5,1,0,3,0,1,4,1,The Minimalist Architect
7309,similarity,2,0,5,5,0,5,1,0,2,3,The Calm Strategist
7310,similarity,0,1,4,4,3,0,0,5,3,0,The Focused Builder
7311,similarity,4,5,4,3,1,1,1,4,1,2,The Pure Creator
7312,similarity,2,0,5,1,4,0,2,2,2,4,The Digital Nomad
7313,similarity,4,4,3,0,2,2,2,1,0,1,The Quiet Observer
7314,similarity,2,5,3,4,2,3,3,0,1,3,The Aesthetic Rover
7315,similarity,0,3,2,3,5,4,4,5,5,5,The Pure Creator
7316,similarity,2,4,2,2,3,0,3,4,3,0,The Midnight Coder
7317,similarity,0,2,2,0,0,5,4,4,4,2,The Quiet Observer
7318,similarity,4,3,1,5,0,0,5,3,2,4,The Focused Builder
7319,similarity,2,1,1,0,4,2,0,2,3,0,The Direct Idealist
7320,similarity,4,5,0,4,1,3,5,5,1,3,The Spontaneous Socialite
7321,similarity,2,0,0,3,5,2,0,4,2,5,The Calm Strategist
7322,similarity,0,4,0,1,4,4,1,3,0,1,The Focused Builder
7323,similarity,2,5,5,0,2,5,0,3,2,4,The Free Spirit
7324,similarity,0,3,5,5,0,0,2,2,5,0,The Spontaneous Socialite
7325,similarity,4,4,0,3,3,1,3,1,3,0,The Quiet Observer
7326,similarity,2,2,4,2,1,1,2,0,4,3,The Aesthetic Rover
7327,similarity,4,3,4,0,0,2,3,5,2,5,The Grounded Loyalist
7328,similarity,2,1,3,5,4,3,4,3,4,1,The Midnight Coder
7329,similarity,0,2,3,4,1,5,5,2,1,4,The Quiet Observer
7330,similarity,2,0,3,2,5,4,4,1,3,0,The Minimalist Architect
7331,similarity,0,1,2,1,5,5,5,0,0,2,The Grounded Loyalist
7332,similarity,4,5,2,0,2,1,0,5,4,4,The Spontaneous Socialite
7333,similarity,0,5,1,4,0,2,5,4,5,1,The Direct Idealist
7334,similarity,4,4,1,3,3,3,0,4,3,1,The Digital Nomad
7335,similarity,2,2,1,1,3,3,2,3,5,3,The Free Spirit
7336,similarity,0,3,0,0,1,4,1,0,2,0,The Spontaneous Socialite
7337,similarity,2,1,0,5,4,5,2,5,4,2,The Pure Creator
7338,similarity,0,2,5,3,2,1,3,4,1,4,The Digital Nomad
7339,similarity,4,0,5,2,1,0,4,3,3,1,The Grounded Loyalist
7340,similarity,0,1,5,1,5,1,3,3,0,3,The Aesthetic Rover
7341,similarity,4,5,4,5,3,2,4,2,4,5,The Direct Idealist
7342,similarity,2,0,4,4,0,4,5,1,0,2,The Minimalist Architect
7343,similarity,0,4,4,2,4,3,4,0,3,2,The Grounded Loyalist
7344,similarity,2,5,3,3,3,4,5,3,5,4,The Focused Builder
7345,similarity,0,3,3,2,1,0,0,3,2,1,The Direct Idealist
7346,similarity,4,3,2,0,4,1,0,2,4,3,The Digital Nomad
7347,similarity,0,2,2,5,2,2,1,1,1,5,The Calm Strategist
7348,similarity,4,2,2,4,2,2,2,0,3,1,The Aesthetic Rover
7349,similarity,2,1,1,2,5,3,3,5,1,4,The Pure Creator
7350,similarity,0,1,1,1,3,4,2,4,4,0,The Digital Nomad
7351,similarity,2,0,0,5,0,0,3,4,0,2,The Quiet Observer
7352,similarity,0,4,0,4,0,5,4,1,3,3,The Aesthetic Rover
7353,similarity,4,5,0,3,4,0,3,0,5,5,The Direct Idealist
7354,similarity,0,3,5,1,1,1,4,5,2,1,The Midnight Coder
7355,similarity,4,4,5,0,5,3,5,4,4,4,The Calm Strategist
7356,similarity,2,2,0,4,4,4,4,4,2,0,The Focused Builder
7357,similarity,4,2,4,3,2,3,0,3,5,2,The Free Spirit
7358,similarity,2,1,4,2,0,5,1,2,1,5,The Spontaneous Socialite
7359,similarity,0,1,3,0,3,0,2,1,4,1,The Calm Strategist
7360,similarity,4,0,3,5,1,1,1,4,0,1,The Aesthetic Rover
7361,similarity,0,0,3,4,0,1,2,3,3,4,The Free Spirit
7362,similarity,4,5,2,2,4,2,3,3,5,0,The Midnight Coder
7363,similarity,2,5,2,1,1,3,2,2,3,2,The Quiet Observer
7364,similarity,4,4,1,5,5,5,3,1,4,4,The Minimalist Architect
7365,similarity,2,4,1,4,5,4,4,0,2,1,The Grounded Loyalist
7366,similarity,0,3,1,3,2,5,3,5,5,3,The Midnight Coder
7367,similarity,4,3,0,1,0,1,4,4,1,5,The Calm Strategist
7368,similarity,0,2,0,0,3,2,0,2,5,2,The Minimalist Architect
7369,similarity,4,0,5,5,3,3,1,1,0,2,The Free Spirit
7370,similarity,2,0,5,5,1,2,0,0,4,4,The Spontaneous Socialite
7371,similarity,4,5,5,4,4,4,1,5,5,1,The Pure Creator
7372,similarity,2,5,4,2,2,5,2,4,3,3,The Digital Nomad
7373,similarity,0,4,4,1,5,0,1,4,4,5,The Free Spirit
7374,similarity,4,4,4,0,5,0,2,3,2,2,The Midnight Coder
7375,similarity,0,3,3,4,3,1,3,0,0,4,The Pure Creator
7376,similarity,4,3,3,3,0,2,2,5,1,0,The Minimalist Architect
7377,similarity,2,2,2,2,4,4,3,4,5,3,The Grounded Loyalist
7378,similarity,4,2,2,0,3,5,5,3,0,3,The Focused Builder
7379,similarity,2,1,2,5,1,4,0,3,4,5,The Direct Idealist
7380,similarity,5,1,1,3,5,0,5,2,5,1,The Free Spirit
7381,similarity,1,0,1,2,2,1,0,1,3,4,The Focused Builder
7382,similarity,5,0,0,1,2,2,1,0,1,0,The Pure Creator
7383,similarity,3,4,0,5,5,1,0,3,2,2,The Digital Nomad
7384,similarity,1,3,0,4,3,3,1,3,0,5,The Free Spirit
7385,similarity,3,3,5,2,0,4,2,2,1,1,The Aesthetic Rover
7386,similarity,1,2,5,1,0,5,1,1,5,3,The Pure Creator
7387,similarity,5,2,0,0,4,5,2,0,0,4,The Minimalist Architect
7388,similarity,1,1,4,4,1,0,3,5,4,0,The Quiet Observer
7389,similarity,5,1,4,3,5,1,5,4,0,2,The Focused Builder
7390,similarity,3,0,3,2,2,3,4,4,3,5,The Direct Idealist
7391,similarity,1,0,3,0,2,4,5,1,1,1,The Minimalist Architect
7392,similarity,3,5,3,5,0,3,0,0,2,3,The Calm Strategist
7393,similarity,1,5,2,3,3,5,5,5,0,0,The Focused Builder
7394,similarity,5,4,2,2,1,0,0,4,1,2,The Pure Creator
7395,similarity,1,4,1,3,0,1,1,3,5,4,The Spontaneous Socialite
7396,similarity,5,2,1,1,4,1,0,3,1,4,The Quiet Observer
7397,similarity,3,3,1,0,2,2,1,2,4,1,The Aesthetic Rover
7398,similarity,1,1,0,5,5,3,2,1,2,3,The Pure Creator
7399,similarity,3,2,0,3,5,4,3,4,3,5,The Midnight Coder
7400,similarity,1,0,1,2,2,0,3,3,1,2,The Quiet Observer
7401,similarity,5,5,5,0,0,5,4,3,2,4,The Focused Builder
7402,similarity,1,5,5,5,3,0,5,2,0,0,The Grounded Loyalist
7403,similarity,5,4,4,4,3,2,4,1,2,3,The Spontaneous Socialite
7404,similarity,3,4,4,2,1,3,5,0,5,3,The Calm Strategist
7405,similarity,5,3,4,1,4,2,0,5,1,5,The Digital Nomad
7406,similarity,3,3,3,0,2,4,5,4,4,2,The Free Spirit
7407,similarity,1,2,3,4,5,5,0,2,2,4,The Spontaneous Socialite
7408,similarity,5,2,2,3,5,0,1,1,4,0,The Quiet Observer
7409,similarity,1,0,2,1,3,2,0,0,1,3,The Digital Nomad
7410,similarity,5,1,2,0,0,1,1,5,3,5,The Grounded Loyalist
7411,similarity,3,5,1,5,4,2,3,4,0,1,The Midnight Coder
7412,similarity,5,0,1,3,3,3,4,4,2,3,The Direct Idealist
7413,similarity,3,4,0,2,1,5,3,3,5,4,The Minimalist Architect
7414,similarity,1,5,0,0,5,4,4,2,1,0,The Grounded Loyalist
7415,similarity,5,3,0,5,2,5,5,5,5,2,The Spontaneous Socialite
7416,similarity,1,4,5,4,2,1,4,4,2,5,The Direct Idealist
7417,similarity,5,2,5,2,5,2,5,3,4,1,The Digital Nomad
7418,similarity,3,1,5,1,3,1,0,3,1,3,The Free Spirit
7419,similarity,5,1,4,0,1,3,5,2,3,0,The Aesthetic Rover
7420,similarity,3,0,4,4,4,4,0,1,0,2,The Pure Creator
7421,similarity,1,0,3,5,4,5,1,0,2,4,The Digital Nomad
7422,similarity,5,4,3,3,1,1,3,5,0,5,The Grounded Loyalist
7423,similarity,1,5,3,2,5,0,2,3,3,1,The Aesthetic Rover
7424,similarity,5,3,2,1,2,1,3,2,5,3,The Direct Idealist
7425,similarity,3,4,2,5,2,3,4,1,2,0,The Minimalist Architect
7426,similarity,5,2,1,4,0,4,3,0,4,2,The Calm Strategist
7427,similarity,3,3,1,3,3,3,4,5,1,4,The Focused Builder
7428,similarity,1,1,1,1,1,4,5,4,3,0,The Direct Idealist
7429,similarity,3,2,0,0,0,0,4,4,1,3,The Spontaneous Socialite
7430,similarity,1,0,0,4,4,1,5,1,2,5,The Calm Strategist
7431,similarity,5,1,1,3,2,2,0,0,0,5,The Aesthetic Rover
7432,similarity,3,5,5,2,5,2,2,5,3,2,The Pure Creator
7433,similarity,5,0,5,0,5,3,1,4,5,4,The Midnight Coder
7434,similarity,3,4,4,5,2,4,2,3,2,0,The Quiet Observer
7435,similarity,1,2,4,4,0,0,3,3,4,3,The Aesthetic Rover
7436,similarity,3,3,4,2,4,5,2,2,2,5,The Grounded Loyalist
7437,similarity,1,1,3,1,1,0,3,1,3,1,The Midnight Coder
7438,similarity,5,2,3,5,1,2,4,4,1,4,The Calm Strategist
7439,similarity,3,0,2,4,4,3,3,3,4,0,The Focused Builder
7440,similarity,5,1,2,3,2,2,4,3,0,0,The Free Spirit
7441,similarity,3,5,2,1,5,3,5,2,3,3,The Spontaneous Socialite
7442,similarity,1,0,1,0,5,5,0,1,5,5,The Calm Strategist
7443,similarity,3,4,1,4,3,0,0,0,3,1,The Digital Nomad
7444,similarity,1,5,0,3,0,1,1,5,4,3,The Free Spirit
7445,similarity,5,3,0,2,4,1,2,4,2,0,The Midnight Coder
7446,similarity,3,4,0,2,3,2,1,2,3,2,The Quiet Observer
7447,similarity,5,2,5,1,1,3,2,1,1,4,The Minimalist Architect
7448,similarity,3,2,5,0,5,5,3,0,4,5,The Grounded Loyalist
7449,similarity,1,1,5,4,2,4,2,5,0,1,The Midnight Coder
7450,similarity,3,5,4,3,2,5,3,4,4,3,The Direct Idealist
7451,similarity,1,0,4,1,5,1,4,4,5,0,The Minimalist Architect
7452,similarity,5,4,3,0,3,2,5,3,3,2,The Free Spirit
7453,similarity,1,5,3,5,1,3,4,2,4,4,The Focused Builder
7454,similarity,5,3,3,3,4,3,0,5,2,1,The Pure Creator
7455,similarity,3,4,2,2,4,4,1,4,4,3,The Digital Nomad
7456,similarity,1,2,2,1,1,5,0,3,1,5,The Free Spirit
7457,similarity,3,3,1,5,5,0,1,3,5,0,The Aesthetic Rover
7458,similarity,1,1,1,4,3,0,2,2,0,2,The Pure Creator
7459,similarity,5,2,1,2,2,1,1,1,4,4,The Minimalist Architect
7460,similarity,1,0,0,1,0,2,2,0,5,0,The Quiet Observer
7461,similarity,5,0,0,0,3,4,3,5,3,3,The Focused Builder
7462,similarity,3,5,1,4,1,3,4,2,5,5,The Direct Idealist
7463,similarity,1,5,5,3,0,4,3,2,2,1,The Minimalist Architect
7464,similarity,3,4,5,2,4,0,4,1,0,4,The Calm Strategist
7465,similarity,1,4,4,0,2,1,0,0,1,0,The Focused Builder
7466,similarity,5,3,4,5,5,2,5,5,5,0,The Pure Creator
7467,similarity,1,1,4,3,3,2,0,4,0,3,The Spontaneous Socialite
7468,similarity,5,2,3,2,2,3,1,4,4,5,The Quiet Observer
7469,similarity,3,0,3,1,0,4,0,3,0,1,The Aesthetic Rover
7470,similarity,1,1,2,5,4,5,1,0,3,4,The Pure Creator
7471,similarity,3,5,2,0,1,5,2,5,5,0,The Midnight Coder
7472,similarity,1,0,2,4,1,0,3,4,2,2,The Quiet Observer
7473,similarity,5,4,1,3,4,1,2,3,0,5,The Focused Builder
7474,similarity,1,4,1,2,2,3,3,3,1,1,The Grounded Loyalist
7475,similarity,5,3,0,0,0,4,4,2,5,1,The Spontaneous Socialite
7476,similarity,3,3,0,5,5,3,4,1,1,3,The Calm Strategist
7477,similarity,5,2,0,4,3,5,5,0,4,0,The Digital Nomad
7478,similarity,3,2,5,2,0,0,0,3,0,2,The Free Spirit
7479,similarity,1,1,5,1,4,1,5,3,3,4,The Spontaneous Socialite
7480,similarity,5,1,5,5,3,1,0,2,1,1,The Quiet Observer
7481,similarity,1,0,4,4,1,2,1,1,2,3,The Digital Nomad
7482,similarity,5,0,4,3,5,3,2,0,0,5,The Grounded Loyalist
7483,similarity,3,5,3,1,2,5,1,5,2,0,The Midnight Coder
7484,similarity,5,3,3,0,0,4,2,4,5,2,The Direct Idealist
7485,similarity,3,4,3,5,5,5,3,2,1,4,The Minimalist Architect
7486,similarity,1,2,2,3,3,0,3,1,4,1,The Grounded Loyalist
7487,similarity,5,2,2,2,1,2,4,0,0,3,The Spontaneous Socialite
7488,similarity,1,1,1,0,4,3,5,5,3,5,The Direct Idealist
7489,similarity,5,1,1,5,4,2,4,4,1,2,The Digital Nomad
7490,similarity,3,0,1,4,1,4,5,3,3,4,The Free Spirit
7491,similarity,5,0,0,2,5,5,0,3,0,0,The Aesthetic Rover
7492,similarity,3,5,0,1,3,0,1,2,2,0,The Pure Creator
7493,similarity,1,5,0,5,2,0,0,5,5,3,The Digital Nomad
7494,similarity,4,4,5,4,0,1,1,4,1,5,The Midnight Coder
7495,similarity,0,4,5,3,3,2,2,3,5,1,The Pure Creator
7496,similarity,4,3,4,1,1,4,1,3,0,4,The Minimalist Architect
7497,similarity,2,3,4,2,1,5,3,2,4,0,The Grounded Loyalist
7498,similarity,4,2,4,1,4,4,4,1,1,2,The Focused Builder
7499,similarity,2,0,3,5,2,5,3,0,3,5,The Direct Idealist
7500,similarity,0,0,3,4,5,1,4,5,0,1,The Minimalist Architect
7501,similarity,2,5,2,2,3,2,5,2,2,1,The Calm Strategist
7502,similarity,0,5,2,1,2,1,0,2,0,4,The Focused Builder
7503,similarity,4,4,2,0,0,3,5,1,1,0,The Pure Creator
7504,similarity,2,4,1,4,4,4,0,0,5,2,The Digital Nomad
7505,similarity,4,3,1,3,1,5,1,5,2,4,The Quiet Observer
7506,similarity,2,3,2,2,1,1,0,4,4,1,The Aesthetic Rover
7507,similarity,0,2,0,0,4,0,1,4,1,3,The Pure Creator
7508,similarity,2,2,0,5,2,1,3,3,3,5,The Midnight Coder
7509,similarity,0,1,5,3,0,3,2,0,1,2,The Quiet Observer
7510,similarity,4,1,5,2,5,4,3,5,2,2,The Focused Builder
7511,similarity,2,5,5,1,3,3,4,4,0,4,The Direct Idealist
7512,similarity,4,0,4,5,0,5,5,3,1,1,The Spontaneous Socialite
7513,similarity,2,4,4,4,4,0,4,3,5,3,The Calm Strategist
7514,similarity,0,5,3,3,2,1,5,2,2,5,The Focused Builder
7515,similarity,2,3,3,1,1,0,0,1,4,2,The Free Spirit
7516,similarity,0,2,3,0,5,2,5,0,2,4,The Spontaneous Socialite
7517,similarity,4,2,2,4,2,3,0,3,3,0,The Quiet Observer
7518,similarity,2,1,2,3,0,4,1,3,1,3,The Aesthetic Rover
7519,similarity,4,1,1,2,5,0,1,2,2,3,The Grounded Loyalist
7520,similarity,2,0,1,0,3,5,2,1,0,5,The Midnight Coder
7521,similarity,0,0,1,5,1,0,3,0,1,1,The Quiet Observer
7522,similarity,2,5,0,5,4,2,2,5,5,4,The Minimalist Architect
7523,similarity,0,5,0,4,4,3,3,4,3,0,The Grounded Loyalist
7524,similarity,4,3,0,3,1,2,4,4,4,2,The Spontaneous Socialite
7525,similarity,0,4,5,1,5,4,5,1,2,5,The Direct Idealist
7526,similarity,4,2,5,0,3,5,4,0,3,1,The Digital Nomad
7527,similarity,2,3,4,5,2,0,5,5,1,1,The Free Spirit
7528,similarity,0,1,4,3,0,1,0,4,2,4,The Spontaneous Socialite
7529,similarity,2,2,4,2,3,1,5,3,0,0,The Pure Creator
7530,similarity,0,0,3,0,1,2,1,3,4,2,The Digital Nomad
7531,similarity,4,1,3,5,5,3,2,2,5,5,The Grounded Loyalist
7532,similarity,0,5,2,4,4,5,1,1,3,1,The Aesthetic Rover
7533,similarity,4,4,2,2,2,4,2,4,4,3,The Direct Idealist
7534,similarity,2,4,2,1,5,5,3,3,2,0,The Minimalist Architect
7535,similarity,0,3,1,0,3,1,4,3,3,2,The Grounded Loyalist
7536,similarity,2,3,1,4,3,2,3,2,1,2,The Focused Builder
7537,similarity,0,1,1,3,0,1,4,1,3,4,The Direct Idealist
7538,similarity,4,2,0,1,4,3,5,0,0,1,The Digital Nomad
7539,similarity,0,0,0,0,1,4,4,5,4,3,The Calm Strategist
7540,similarity,4,1,5,5,1,5,5,2,5,5,The Aesthetic Rover
7541,similarity,2,5,5,3,4,1,1,2,3,2,The Pure Creator
7542,similarity,0,0,5,2,2,0,0,1,5,4,The Digital Nomad
7543,similarity,2,4,4,1,0,1,1,0,2,0,The Quiet Observer
7544,similarity,0,5,4,5,5,2,2,5,4,3,The Aesthetic Rover
7545,similarity,4,3,3,4,3,4,3,4,1,3,The Direct Idealist
7546,similarity,0,4,3,2,0,3,2,4,5,5,The Midnight Coder
7547,similarity,4,2,3,3,4,4,3,3,0,2,The Calm Strategist
7548,similarity,2,1,2,2,2,0,4,0,4,4,The Focused Builder
7549,similarity,4,1,2,0,1,1,3,5,0,0,The Free Spirit
7550,similarity,2,5,1,5,5,2,4,4,3,3,The Spontaneous Socialite
7551,similarity,0,0,1,3,2,2,0,3,5,5,The Calm Strategist
7552,similarity,4,4,1,2,0,3,5,3,2,1,The Aesthetic Rover
7553,similarity,0,5,0,1,0,4,0,2,4,3,The Free Spirit
7554,similarity,4,3,0,5,3,0,1,1,1,4,The Midnight Coder
7555,similarity,2,4,0,4,1,5,2,0,5,0,The Quiet Observer
7556,similarity,4,2,5,3,4,0,1,3,1,2,The Minimalist Architect
7557,similarity,2,3,5,1,4,1,2,2,4,5,The Grounded Loyalist
7558,similarity,0,1,4,0,1,3,3,2,0,1,The Midnight Coder
7559,similarity,4,2,4,4,5,2,2,1,3,3,The Calm Strategist
7560,similarity,0,0,4,3,3,3,3,0,5,0,The Minimalist Architect
7561,similarity,4,1,3,2,0,5,4,5,2,2,The Free Spirit
7562,similarity,2,5,3,0,0,0,4,4,4,4,The Spontaneous Socialite
7563,similarity,4,5,2,5,3,1,5,4,2,5,The Pure Creator
7564,similarity,2,4,2,4,1,1,0,1,5,1,The Digital Nomad
7565,similarity,0,2,2,2,5,2,1,0,1,3,The Free Spirit
7566,similarity,4,3,1,1,4,3,0,5,4,0,The Midnight Coder
7567,similarity,0,1,1,5,2,5,1,4,0,2,The Pure Creator
7568,similarity,4,2,1,4,5,4,2,3,3,4,The Minimalist Architect
7569,similarity,2,0,0,3,3,5,1,3,5,0,The Grounded Loyalist
7570,similarity,4,1,0,1,3,1,2,2,3,3,The Focused Builder
7571,similarity,2,5,5,0,0,2,3,1,0,3,The Direct Idealist
7572,similarity,0,0,5,5,4,3,2,4,2,5,The Minimalist Architect
7573,similarity,2,4,5,5,1,2,4,3,5,2,The Calm Strategist
7574,similarity,0,5,4,4,1,4,5,3,1,4,The Focused Builder
7575,similarity,4,3,4,2,5,5,0,2,4,0,The Pure Creator
7576,similarity,2,3,3,1,2,0,5,1,0,3,The Digital Nomad
7577,similarity,4,2,3,0,0,0,0,0,4,5,The Quiet Observer
7578,similarity,2,2,3,4,3,1,1,5,5,1,The Aesthetic Rover
7579,similarity,0,1,2,3,3,2,0,4,3,4,The Pure Creator
7580,similarity,2,1,2,1,0,4,1,2,0,4,The Midnight Coder
7581,similarity,0,0,3,0,4,5,2,1,2,0,The Quiet Observer
7582,similarity,4,4,1,5,2,4,1,0,0,3,The Focused Builder
7583,similarity,2,5,1,3,1,0,2,5,1,5,The Direct Idealist
7584,similarity,4,3,0,2,5,1,4,4,5,1,The Spontaneous Socialite
7585,similarity,2,4,0,1,2,2,5,3,0,3,The Calm Strategist
7586,similarity,0,2,0,5,0,1,4,3,4,0,The Focused Builder
7587,similarity,2,3,5,4,0,3,5,2,1,2,The Free Spirit
7588,similarity,0,1,5,2,3,4,0,5,3,4,The Spontaneous Socialite
7589,similarity,4,1,4,1,1,5,5,4,1,5,The Quiet Observer
7590,similarity,2,0,4,0,4,5,0,3,2,1,The Aesthetic Rover
7591,similarity,4,0,4,4,4,0,1,3,0,3,The Grounded Loyalist
7592,similarity,2,5,3,3,2,1,0,2,1,0,The Midnight Coder
7593,similarity,0,5,3,2,5,3,1,1,5,2,The Quiet Observer
7594,similarity,2,4,2,0,3,4,2,0,0,4,The Minimalist Architect
7595,similarity,0,4,2,5,0,3,4,3,4,1,The Grounded Loyalist
7596,similarity,4,3,2,3,0,5,3,2,2,3,The Spontaneous Socialite
7597,similarity,0,3,1,2,3,0,4,2,3,5,The Direct Idealist
7598,similarity,4,2,1,3,1,1,5,1,1,0,The Digital Nomad
7599,similarity,2,0,1,1,5,1,4,0,2,2,The Free Spirit
7600,similarity,0,1,0,0,4,2,5,5,0,4,The Spontaneous Socialite
7601,similarity,2,5,0,5,2,3,0,4,1,0,The Pure Creator
7602,similarity,0,5,5,3,5,4,5,4,5,3,The Digital Nomad
7603,similarity,4,4,5,2,3,0,0,1,1,5,The Grounded Loyalist
7604,similarity,0,4,5,0,3,5,1,0,4,1,The Aesthetic Rover
7605,similarity,4,3,4,5,0,0,3,5,2,4,The Direct Idealist
7606,similarity,2,3,4,4,4,2,2,4,3,0,The Minimalist Architect
7607,similarity,0,2,3,2,1,3,3,3,1,0,The Grounded Loyalist
7608,similarity,2,2,3,1,1,2,4,3,2,3,The Focused Builder
7609,similarity,5,1,3,5,5,4,3,2,0,5,The Digital Nomad
7610,similarity,3,1,2,4,2,5,4,1,2,1,The Free Spirit
7611,similarity,5,0,2,3,0,0,5,4,5,4,The Aesthetic Rover
7612,similarity,3,0,2,1,3,0,4,3,3,0,The Pure Creator
7613,similarity,1,5,1,0,3,1,5,3,4,2,The Digital Nomad
7614,similarity,5,3,1,5,0,2,0,2,2,5,The Grounded Loyalist
7615,similarity,1,3,0,3,4,3,1,1,3,5,The Aesthetic Rover
7616,similarity,5,2,0,2,2,5,1,0,1,1,The Direct Idealist
7617,similarity,3,2,0,0,1,4,2,5,3,3,The Minimalist Architect
7618,similarity,5,1,5,5,5,5,3,4,0,0,The Calm Strategist
7619,similarity,3,1,5,4,2,1,2,2,2,2,The Focused Builder
7620,similarity,1,0,4,2,0,2,3,1,5,4,The Direct Idealist
7621,similarity,3,0,4,1,0,1,4,0,3,1,The Spontaneous Socialite
7622,similarity,1,5,4,0,3,3,3,5,4,3,The Calm Strategist
7623,similarity,5,5,3,4,1,4,4,4,2,5,The Aesthetic Rover
7624,similarity,3,4,3,5,4,5,5,3,4,0,The Pure Creator
7625,similarity,5,4,2,3,2,1,0,3,1,2,The Midnight Coder
7626,similarity,3,3,2,2,2,0,5,2,3,4,The Quiet Observer
7627,similarity,1,3,2,1,5,1,1,5,0,1,The Aesthetic Rover
7628,similarity,3,1,1,5,3,3,2,4,4,3,The Grounded Loyalist
7629,similarity,1,2,1,4,0,4,1,3,0,5,The Midnight Coder
7630,similarity,5,0,1,3,0,3,2,3,3,2,The Calm Strategist
7631,similarity,3,5,0,1,4,4,3,2,5,4,The Focused Builder
7632,similarity,5,5,0,0,1,0,2,1,2,0,The Free Spirit
7633,similarity,3,4,5,4,5,1,3,0,4,0,The Spontaneous Socialite
7634,similarity,1,4,5,3,4,0,4,5,1,3,The Calm Strategist
7635,similarity,3,3,5,2,2,2,3,2,3,5,The Digital Nomad
7636,similarity,1,3,4,0,5,3,4,2,1,1,The Free Spirit
7637,similarity,5,2,4,5,3,4,5,1,4,4,The Midnight Coder
7638,similarity,3,2,3,3,3,0,1,0,0,0,The Quiet Observer
7639,similarity,5,1,3,2,0,5,0,5,3,2,The Minimalist Architect
7640,similarity,3,1,3,1,4,0,1,4,5,5,The Grounded Loyalist
7641,similarity,1,5,2,5,1,2,2,4,2,1,The Midnight Coder
7642,similarity,3,0,2,4,5,3,1,3,4,1,The Direct Idealist
7643,similarity,1,4,2,3,5,2,2,0,2,4,The Minimalist Architect
7644,similarity,5,5,1,1,2,3,3,5,3,0,The Free Spirit
7645,similarity,1,3,1,0,0,5,2,4,1,2,The Focused Builder
7646,similarity,5,4,0,4,3,0,3,3,4,5,The Pure Creator
7647,similarity,3,2,0,3,3,1,4,3,0,1,The Digital Nomad
7648,similarity,1,1,0,2,1,1,5,2,3,3,The Free Spirit
7649,similarity,3,1,5,2,4,2,5,1,5,5,The Aesthetic Rover
7650,similarity,1,0,5,1,2,3,0,4,3,0,The Pure Creator
7651,similarity,5,0,4,0,1,5,1,3,4,2,The Minimalist Architect
7652,similarity,1,5,4,4,5,4,0,2,2,4,The Quiet Observer
7653,similarity,5,5,4,3,2,5,1,2,5,1,The Focused Builder
7654,similarity,3,3,3,1,0,1,2,1,1,3,The Direct Idealist
7655,similarity,1,4,3,0,0,2,1,0,4,5,The Minimalist Architect
7656,similarity,3,2,2,5,3,3,2,5,0,2,The Calm Strategist
7657,similarity,1,3,2,3,1,3,3,4,4,4,The Focused Builder
7658,similarity,5,1,2,2,4,4,4,2,5,0,The Pure Creator
7659,similarity,1,2,1,1,2,5,3,1,3,1,The Spontaneous Socialite
7660,similarity,5,0,1,5,2,0,5,0,4,3,The Quiet Observer
7661,similarity,3,1,1,4,5,0,0,5,2,5,The Aesthetic Rover
7662,similarity,1,5,0,2,3,1,5,4,5,1,The Pure Creator
7663,similarity,3,4,0,1,0,2,0,3,1,4,The Midnight Coder
7664,similarity,1,4,5,0,0,4,1,3,5,0,The Quiet Observer
7665,similarity,5,2,5,4,4,3,0,2,0,2,The Focused Builder
7666,similarity,1,3,5,3,1,4,1,5,4,5,The Grounded Loyalist
7667,similarity,5,1,4,1,5,0,2,4,5,1,The Spontaneous Socialite
7668,similarity,3,2,4,0,4,1,3,3,3,1,The Calm Strategist
7669,similarity,5,0,3,5,2,2,2,3,5,4,The Digital Nomad
7670,similarity,3,1,3,3,0,2,4,2,2,0,The Free Spirit
7671,similarity,1,5,3,2,3,3,5,1,0,2,The Spontaneous Socialite
7672,similarity,5,0,2,1,1,4,4,0,1,5,The Quiet Observer
7673,similarity,1,4,2,5,0,5,5,5,5,1,The Digital Nomad
7674,similarity,5,5,2,0,4,5,0,2,0,3,The Grounded Loyalist
7675,similarity,3,3,1,4,1,0,5,2,4,0,The Midnight Coder
7676,similarity,5,4,1,3,5,1,0,1,0,2,The Direct Idealist
7677,similarity,3,2,0,2,5,3,1,0,3,2,The Minimalist Architect
7678,similarity,1,2,0,0,2,4,2,5,1,4,The Grounded Loyalist
7679,similarity,5,1,0,5,0,3,1,4,2,1,The Spontaneous Socialite
7680,similarity,1,5,5,4,3,5,2,3,0,3,The Direct Idealist
7681,similarity,5,0,5,2,3,0,4,3,1,5,The Digital Nomad
7682,similarity,3,4,4,1,1,1,3,0,5,2,The Free Spirit
7683,similarity,5,5,4,5,4,1,4,5,1,4,The Aesthetic Rover
7684,similarity,3,3,4,4,2,2,5,4,4,0,The Pure Creator
7685,similarity,1,4,3,3,1,3,4,3,0,3,The Digital Nomad
7686,similarity,5,2,3,1,5,5,5,3,3,3,The Grounded Loyalist
7687,similarity,1,3,3,0,3,4,0,2,1,5,The Aesthetic Rover
7688,similarity,5,1,2,5,0,5,1,1,2,2,The Direct Idealist
7689,similarity,3,2,2,3,4,0,0,0,0,4,The Minimalist Architect
7690,similarity,5,0,1,2,3,2,1,3,2,0,The Calm Strategist
7691,similarity,3,0,1,0,1,3,2,2,5,3,The Focused Builder
7692,similarity,1,5,1,5,4,2,2,2,1,5,The Direct Idealist
7693,similarity,3,5,0,4,2,4,3,1,4,1,The Spontaneous Socialite
7694,similarity,1,4,0,2,2,5,4,0,2,1,The Calm Strategist
7695,similarity,5,4,5,1,5,0,3,5,3,4,The Aesthetic Rover
7696,similarity,3,3,5,5,3,0,4,4,1,0,The Pure Creator
7697,similarity,5,1,5,4,0,1,5,4,3,2,The Midnight Coder
7698,similarity,3,2,4,3,0,2,0,1,0,5,The Quiet Observer
7699,similarity,1,0,4,1,4,4,5,0,2,1,The Aesthetic Rover
7700,similarity,3,1,3,2,1,5,0,5,5,3,The Grounded Loyalist
7701,similarity,1,5,3,1,5,4,1,4,1,0,The Midnight Coder
7702,similarity,5,0,3,5,4,5,0,3,4,2,The Calm Strategist
7703,similarity,3,4,2,4,2,1,2,3,2,2,The Focused Builder
7704,similarity,5,4,2,2,0,2,3,2,4,5,The Free Spirit
7705,similarity,3,3,2,1,3,1,2,5,1,1,The Spontaneous Socialite
7706,similarity,1,3,1,0,1,3,3,4,3,3,The Calm Strategist
7707,similarity,3,2,1,4,0,4,4,3,0,0,The Digital Nomad
7708,similarity,1,2,0,3,4,5,5,3,2,2,The Free Spirit
7709,similarity,5,1,0,2,2,5,4,2,0,4,The Midnight Coder
7710,similarity,3,1,0,0,5,0,5,1,1,0,The Quiet Observer
7711,similarity,5,0,5,5,5,1,0,0,5,3,The Minimalist Architect
7712,similarity,3,0,5,3,2,3,5,5,2,3,The Grounded Loyalist
7713,similarity,1,5,4,2,0,4,0,2,4,5,The Midnight Coder
7714,similarity,3,3,4,1,3,3,2,2,1,2,The Direct Idealist
7715,similarity,1,4,4,5,3,5,1,1,3,4,The Minimalist Architect
7716,similarity,5,2,3,4,1,0,2,0,1,0,The Free Spirit
7717,similarity,1,2,3,3,4,1,3,5,2,3,The Focused Builder
7718,similarity,5,1,3,1,2,0,4,4,0,5,The Pure Creator
7719,similarity,3,1,2,0,5,2,3,3,3,1,The Digital Nomad
7720,similarity,1,0,2,4,5,3,4,3,5,4,The Free Spirit
7721,similarity,3,0,1,3,3,4,5,0,2,4,The Aesthetic Rover
7722,similarity,1,5,1,2,0,0,4,5,4,0,The Pure Creator
7723,similarity,4,5,1,0,4,5,5,4,2,3,The Grounded Loyalist
7724,similarity,0,4,0,5,3,0,1,3,3,5,The Aesthetic Rover
7725,similarity,4,4,0,5,1,2,0,3,1,1,The Direct Idealist
7726,similarity,2,3,5,4,5,3,1,2,2,3,The Minimalist Architect
7727,similarity,0,3,5,3,2,2,2,1,0,0,The Grounded Loyalist
7728,similarity,2,2,5,1,2,4,3,0,3,2,The Focused Builder
7729,similarity,0,0,4,0,5,5,2,3,5,4,The Direct Idealist
7730,similarity,4,0,4,5,3,0,3,2,3,5,The Digital Nomad
7731,similarity,0,5,3,3,0,5,4,2,4,1,The Calm Strategist
7732,similarity,4,5,3,2,0,1,3,1,2,3,The Aesthetic Rover
7733,similarity,2,4,3,0,4,2,4,0,3,0,The Pure Creator
7734,similarity,0,4,2,5,1,3,5,5,1,2,The Digital Nomad
7735,similarity,2,3,2,4,5,5,5,4,4,4,The Quiet Observer
7736,similarity,0,3,2,2,2,4,0,4,0,1,The Aesthetic Rover
7737,similarity,4,2,1,1,2,5,1,1,4,3,The Direct Idealist
7738,similarity,0,2,1,0,0,1,2,0,5,3,The Midnight Coder
7739,similarity,4,1,0,4,3,2,1,5,3,0,The Calm Strategist
7740,similarity,2,1,0,3,1,1,2,4,4,2,The Focused Builder
7741,similarity,4,0,0,1,0,3,3,3,2,4,The Free Spirit
7742,similarity,2,0,5,0,4,4,2,3,3,0,The Spontaneous Socialite
7743,similarity,0,4,5,5,2,5,3,2,1,3,The Calm Strategist
7744,similarity,4,5,4,3,5,1,4,1,5,5,The Aesthetic Rover
7745,similarity,0,3,4,2,5,0,3,4,0,1,The Free Spirit
7746,similarity,4,2,4,1,2,1,5,3,4,4,The Midnight Coder
7747,similarity,2,2,3,5,0,2,0,2,5,4,The Quiet Observer
7748,similarity,4,1,3,4,4,4,5,2,3,0,The Minimalist Architect
7749,similarity,2,1,3,2,3,3,0,1,4,3,The Grounded Loyalist
7750,similarity,0,0,2,3,1,4,1,0,2,5,The Midnight Coder
7751,similarity,4,0,2,2,4,0,2,5,4,1,The Calm Strategist
7752,similarity,0,5,1,0,2,1,1,4,1,4,The Minimalist Architect
7753,similarity,4,5,1,5,5,2,2,2,5,0,The Free Spirit
7754,similarity,2,4,1,3,5,2,3,1,0,2,The Spontaneous Socialite
7755,similarity,4,4,0,2,3,3,2,0,4,5,The Pure Creator
7756,similarity,2,2,0,1,0,4,3,5,0,5,The Digital Nomad
7757,similarity,0,3,5,5,4,0,5,4,3,1,The Free Spirit
7758,similarity,4,1,5,4,3,5,4,3,5,3,The Midnight Coder
7759,similarity,0,2,5,3,1,0,5,3,2,0,The Pure Creator
7760,similarity,4,0,4,1,5,2,0,0,0,2,The Minimalist Architect
7761,similarity,2,1,4,0,2,3,1,5,1,4,The Grounded Loyalist
7762,similarity,4,5,4,4,2,2,0,4,5,1,The Focused Builder
7763,similarity,2,4,3,3,5,3,1,3,1,3,The Direct Idealist
7764,similarity,0,4,3,2,3,5,2,3,4,5,The Minimalist Architect
7765,similarity,2,3,2,0,1,0,1,2,0,0,The Calm Strategist
7766,similarity,0,3,2,5,4,1,2,1,3,2,The Focused Builder
7767,similarity,4,2,2,4,4,1,3,0,5,4,The Pure Creator
7768,similarity,2,2,1,2,1,2,3,3,2,1,The Digital Nomad
7769,similarity,4,0,1,1,5,3,4,2,0,3,The Quiet Observer
7770,similarity,2,1,0,5,2,5,5,2,2,5,The Aesthetic Rover
7771,similarity,0,5,0,4,2,4,0,1,5,2,The Pure Creator
7772,similarity,2,0,0,3,0,5,5,0,1,4,The Midnight Coder
7773,similarity,0,4,5,1,3,1,0,5,4,0,The Quiet Observer
7774,similarity,4,5,5,0,1,2,1,4,0,0,The Focused Builder
7775,similarity,2,3,4,5,0,3,0,3,3,3,The Direct Idealist
7776,similarity,4,4,4,5,4,2,1,1,1,5,The Spontaneous Socialite
7777,similarity,2,2,4,4,2,4,2,0,3,1,The Calm Strategist
7778,similarity,0,1,3,2,5,5,1,5,0,4,The Focused Builder
7779,similarity,2,1,3,1,5,0,3,4,2,0,The Free Spirit
7780,similarity,0,0,3,0,2,0,4,3,5,2,The Spontaneous Socialite
7781,similarity,4,0,2,4,0,1,5,3,1,5,The Quiet Observer
7782,similarity,2,4,2,3,4,2,4,2,4,5,The Aesthetic Rover
7783,similarity,4,5,1,1,1,4,5,1,0,1,The Grounded Loyalist
7784,similarity,2,3,1,0,1,3,0,4,4,4,The Midnight Coder
7785,similarity,0,4,1,5,4,4,5,3,1,0,The Quiet Observer
7786,similarity,2,2,0,3,2,0,0,2,3,2,The Minimalist Architect
7787,similarity,0,3,0,2,0,1,1,2,0,5,The Grounded Loyalist
7788,similarity,4,1,5,1,5,2,0,1,2,1,The Spontaneous Socialite
7789,similarity,0,2,5,5,3,2,2,0,5,3,The Direct Idealist
7790,similarity,4,0,5,4,0,3,3,5,1,5,The Digital Nomad
7791,similarity,2,1,4,2,4,4,4,4,5,0,The Free Spirit
7792,similarity,0,5,4,1,3,5,3,2,0,2,The Spontaneous Socialite
7793,similarity,2,0,4,0,1,5,4,1,4,4,The Pure Creator
7794,similarity,0,4,3,4,5,0,5,0,1,1,The Digital Nomad
7795,similarity,4,2,3,3,2,1,4,5,3,3,The Grounded Loyalist
7796,similarity,0,3,2,2,2,3,5,4,1,5,The Aesthetic Rover
7797,similarity,4,1,2,0,5,4,0,3,2,2,The Direct Idealist
7798,similarity,2,2,2,5,3,3,5,3,0,4,The Minimalist Architect
7799,similarity,0,0,1,3,1,5,0,2,1,0,The Grounded Loyalist
7800,similarity,2,1,1,2,4,0,2,5,5,1,The Focused Builder
7801,similarity,0,5,0,3,4,1,3,4,2,3,The Direct Idealist
7802,similarity,4,0,0,1,1,1,2,3,4,5,The Digital Nomad
7803,similarity,0,4,0,0,5,2,3,3,2,2,The Calm Strategist
7804,similarity,4,5,5,5,3,3,4,2,3,4,The Aesthetic Rover
7805,similarity,2,3,5,3,2,4,3,1,1,0,The Pure Creator
7806,similarity,0,4,4,2,0,4,4,0,2,2,The Digital Nomad
7807,similarity,2,2,4,0,3,5,5,5,0,5,The Quiet Observer
7808,similarity,0,2,4,5,1,0,4,2,1,1,The Aesthetic Rover
7809,similarity,4,1,3,4,0,2,5,2,5,1,The Direct Idealist
7810,similarity,0,1,3,2,4,3,0,1,3,4,The Midnight Coder
7811,similarity,4,0,3,1,2,2,2,0,4,0,The Calm Strategist
7812,similarity,2,4,2,5,5,4,1,5,2,2,The Focused Builder
7813,similarity,4,5,2,4,3,5,2,4,3,5,The Free Spirit
7814,similarity,2,3,1,3,2,0,3,3,1,1,The Spontaneous Socialite
7815,similarity,0,4,1,1,0,0,2,1,2,3,The Calm Strategist
7816,similarity,4,2,1,0,4,1,3,0,0,0,The Aesthetic Rover
7817,similarity,0,3,0,5,1,2,4,5,2,0,The Free Spirit
7818,similarity,4,1,0,3,1,4,3,4,5,2,The Midnight Coder
7819,similarity,2,1,5,2,4,5,4,3,3,4,The Quiet Observer
7820,similarity,4,0,5,0,2,4,5,3,4,1,The Minimalist Architect
7821,similarity,2,0,5,5,0,5,0,2,2,3,The Grounded Loyalist
7822,similarity,0,5,4,4,5,1,0,1,3,5,The Midnight Coder
7823,similarity,4,5,4,2,3,2,1,4,1,2,The Calm Strategist
7824,similarity,0,4,4,1,0,1,2,3,3,4,The Minimalist Architect
7825,similarity,4,4,3,0,4,3,1,2,0,0,The Free Spirit
7826,similarity,2,3,3,4,4,4,2,2,4,1,The Spontaneous Socialite
7827,similarity,4,1,2,5,1,5,3,1,5,3,The Pure Creator
7828,similarity,2,2,2,3,5,1,2,0,3,5,The Digital Nomad
7829,similarity,0,0,2,2,2,0,3,5,4,2,The Free Spirit
7830,similarity,4,1,1,1,0,1,4,4,2,4,The Midnight Coder
7831,similarity,0,5,1,5,5,3,5,2,4,0,The Pure Creator
7832,similarity,4,5,0,4,3,4,4,1,1,3,The Minimalist Architect
7833,similarity,2,4,0,2,1,3,0,0,3,5,The Grounded Loyalist
7834,similarity,4,4,0,1,4,4,1,5,0,1,The Focused Builder
7835,similarity,2,3,5,0,4,0,0,4,4,1,The Direct Idealist
7836,similarity,0,3,5,4,1,1,1,3,5,4,The Minimalist Architect
7837,similarity,2,2,5,3,5,0,2,3,3,0,The Calm Strategist
7838,similarity,5,2,4,2,3,2,1,2,5,2,The Pure Creator
7839,similarity,3,1,4,0,2,3,2,5,2,5,The Digital Nomad
7840,similarity,1,1,3,5,0,4,3,4,4,1,The Free Spirit
7841,similarity,3,0,3,3,3,0,4,3,1,3,The Aesthetic Rover
7842,similarity,1,0,3,2,1,5,3,2,5,0,The Pure Creator
7843,similarity,5,5,2,1,1,0,5,2,1,2,The Minimalist Architect
7844,similarity,1,3,2,5,4,2,0,1,4,2,The Quiet Observer
7845,similarity,5,3,1,4,2,3,5,0,0,5,The Focused Builder
7846,similarity,3,2,1,3,5,2,0,5,3,1,The Direct Idealist
7847,similarity,1,2,1,1,3,4,1,2,5,3,The Minimalist Architect
7848,similarity,3,1,0,0,2,5,0,2,2,0,The Calm Strategist
7849,similarity,1,1,0,4,0,0,1,1,4,2,The Focused Builder
7850,similarity,5,0,5,3,4,1,2,0,2,4,The Pure Creator
7851,similarity,1,0,5,2,1,1,3,5,5,0,The Spontaneous Socialite
7852,similarity,5,5,5,2,1,2,2,4,1,3,The Quiet Observer
7853,similarity,3,5,4,1,4,3,3,3,4,3,The Aesthetic Rover
7854,similarity,1,4,4,0,2,5,5,3,0,5,The Pure Creator
7855,similarity,3,4,4,4,0,4,4,0,3,2,The Midnight Coder
7856,similarity,1,3,3,3,5,5,5,5,5,4,The Quiet Observer
7857,similarity,5,3,3,1,3,1,0,4,3,0,The Focused Builder
7858,similarity,1,1,2,0,0,2,5,3,4,3,The Grounded Loyalist
7859,similarity,5,2,2,5,4,1,0,3,2,5,The Spontaneous Socialite
7860,similarity,3,0,2,3,2,3,1,2,5,1,The Calm Strategist
7861,similarity,5,5,1,2,1,4,0,1,1,2,The Digital Nomad
7862,similarity,3,5,1,0,5,5,1,0,4,4,The Free Spirit
7863,similarity,1,4,0,5,2,0,2,3,0,0,The Spontaneous Socialite
7864,similarity,5,4,0,4,0,0,3,2,4,3,The Quiet Observer
7865,similarity,1,3,0,2,5,1,3,2,5,5,The Digital Nomad
7866,similarity,5,3,5,1,3,2,4,1,3,1,The Grounded Loyalist
7867,similarity,3,2,5,0,1,4,5,0,0,3,The Midnight Coder
7868,similarity,5,2,5,4,4,3,4,5,2,0,The Direct Idealist
7869,similarity,3,1,4,3,4,4,5,4,5,2,The Minimalist Architect
7870,similarity,1,1,4,1,1,0,0,3,1,2,The Grounded Loyalist
7871,similarity,5,5,3,0,5,1,5,1,5,5,The Spontaneous Socialite
7872,similarity,1,0,3,5,3,2,0,0,0,1,The Direct Idealist
7873,similarity,5,4,3,3,2,2,1,5,4,3,The Digital Nomad
7874,similarity,3,5,2,2,0,3,2,4,5,0,The Free Spirit
7875,similarity,5,3,2,1,3,4,1,3,3,2,The Aesthetic Rover
7876,similarity,3,4,1,5,1,0,3,3,0,4,The Pure Creator
7877,similarity,1,2,1,0,5,5,4,2,2,1,The Digital Nomad
7878,similarity,5,1,1,4,4,0,3,5,0,3,The Grounded Loyalist
7879,similarity,1,1,0,3,2,1,4,4,1,3,The Aesthetic Rover
7880,similarity,5,0,0,2,5,3,5,3,5,0,The Direct Idealist
7881,similarity,3,0,5,0,3,2,4,2,0,2,The Minimalist Architect
7882,similarity,5,5,5,5,3,3,5,2,4,4,The Calm Strategist
7883,similarity,3,5,5,4,0,5,0,1,2,0,The Focused Builder
7884,similarity,1,3,4,2,4,0,1,0,3,3,The Direct Idealist
7885,similarity,3,4,4,1,1,1,0,5,1,5,The Spontaneous Socialite
7886,similarity,1,2,4,5,1,1,1,2,2,1,The Calm Strategist
7887,similarity,5,3,3,4,4,2,3,2,0,4,The Aesthetic Rover
7888,similarity,3,1,3,3,2,3,2,1,1,4,The Pure Creator
7889,similarity,5,2,2,1,0,5,3,0,5,0,The Midnight Coder
7890,similarity,3,0,2,0,5,4,4,5,1,3,The Quiet Observer
7891,similarity,1,1,2,4,3,5,3,4,4,5,The Aesthetic Rover
7892,similarity,3,5,1,3,0,0,4,3,2,1,The Grounded Loyalist
7893,similarity,1,4,1,2,4,2,5,3,3,4,The Midnight Coder
7894,similarity,5,4,0,0,2,3,0,0,1,0,The Calm Strategist
7895,similarity,3,3,0,5,1,2,5,5,2,2,The Focused Builder
7896,similarity,5,3,0,4,5,4,0,4,0,5,The Free Spirit
7897,similarity,3,1,5,2,2,5,1,3,2,5,The Spontaneous Socialite
7898,similarity,1,2,5,1,0,0,1,3,5,1,The Calm Strategist
7899,similarity,3,0,5,5,0,0,2,2,1,3,The Digital Nomad
7900,similarity,1,1,4,4,3,1,3,1,4,0,The Free Spirit
7901,similarity,5,5,4,3,1,2,2,0,2,2,The Midnight Coder
7902,similarity,3,0,3,1,4,4,3,3,3,4,The Quiet Observer
7903,similarity,5,4,3,2,4,5,4,2,1,1,The Minimalist Architect
7904,similarity,3,5,3,1,1,4,5,2,3,3,The Grounded Loyalist
7905,similarity,1,3,2,5,5,0,4,1,0,3,The Midnight Coder
7906,similarity,3,4,2,4,3,1,5,0,2,0,The Direct Idealist
7907,similarity,1,2,1,2,0,2,0,5,5,2,The Minimalist Architect
7908,similarity,5,3,1,1,0,1,0,4,3,4,The Free Spirit
7909,similarity,1,1,1,0,3,3,1,3,4,1,The Focused Builder
7910,similarity,5,5,0,4,1,4,2,1,2,3,The Pure Creator
7911,similarity,3,0,0,3,5,5,1,0,4,5,The Digital Nomad
7912,similarity,1,4,4,2,4,5,2,5,1,2,The Free Spirit
7913,similarity,3,5,5,0,2,0,3,4,3,4,The Aesthetic Rover
7914,similarity,1,3,5,5,5,1,4,3,0,4,The Pure Creator
7915,similarity,5,4,4,3,3,3,3,3,2,0,The Minimalist Architect
7916,similarity,1,2,4,2,3,4,4,2,5,3,The Quiet Observer
7917,similarity,5,3,4,1,0,3,5,1,3,5,The Focused Builder
7918,similarity,3,1,3,5,4,5,4,4,5,1,The Direct Idealist
7919,similarity,1,2,3,4,1,0,0,3,2,4,The Minimalist Architect
7920,similarity,3,0,2,2,1,1,1,2,4,0,The Calm Strategist
7921,similarity,1,1,2,1,5,0,0,2,1,2,The Focused Builder
7922,similarity,5,5,2,0,2,2,1,1,3,5,The Pure Creator
7923,similarity,1,5,1,4,0,3,2,0,1,5,The Spontaneous Socialite
7924,similarity,5,4,1,3,3,4,3,5,2,1,The Quiet Observer
7925,similarity,3,4,0,2,3,0,2,4,0,4,The Aesthetic Rover
7926,similarity,1,3,0,0,0,5,3,2,3,0,The Pure Creator
7927,similarity,3,1,0,5,4,0,4,1,5,2,The Midnight Coder
7928,similarity,1,2,5,5,2,2,3,0,2,5,The Quiet Observer
7929,similarity,5,0,5,4,1,3,4,5,4,1,The Focused Builder
7930,similarity,1,1,5,3,5,2,0,4,2,3,The Grounded Loyalist
7931,similarity,5,5,4,1,2,4,5,3,3,5,The Spontaneous Socialite
7932,similarity,3,0,4,0,0,5,0,3,1,0,The Calm Strategist
7933,similarity,5,4,3,5,0,0,1,0,4,2,The Digital Nomad
7934,similarity,3,5,3,3,3,0,2,5,0,4,The Free Spirit
7935,similarity,1,3,3,2,1,1,1,4,3,1,The Spontaneous Socialite
7936,similarity,5,3,2,0,4,2,2,3,5,3,The Quiet Observer
7937,similarity,1,2,2,5,4,3,3,2,3,5,The Digital Nomad
7938,similarity,5,2,1,4,2,5,2,2,4,2,The Grounded Loyalist
7939,similarity,3,1,1,2,5,4,3,1,2,4,The Midnight Coder
7940,similarity,5,1,1,1,3,5,4,0,3,4,The Direct Idealist
7941,similarity,3,0,0,0,0,1,4,3,1,1,The Minimalist Architect
7942,similarity,1,4,0,4,0,2,5,2,4,3,The Grounded Loyalist
7943,similarity,5,5,0,3,3,1,0,2,0,5,The Spontaneous Socialite
7944,similarity,1,3,5,1,1,3,1,1,4,2,The Direct Idealist
7945,similarity,5,4,5,0,5,4,0,0,5,4,The Digital Nomad
7946,similarity,3,2,4,5,4,5,1,5,3,0,The Free Spirit
7947,similarity,5,3,4,3,2,1,2,4,4,2,The Aesthetic Rover
7948,similarity,3,1,4,2,5,0,1,3,2,5,The Pure Creator
7949,similarity,1,1,3,0,3,1,2,1,5,5,The Digital Nomad
7950,similarity,5,0,3,5,3,2,3,0,1,1,The Grounded Loyalist
7951,similarity,1,0,2,4,0,4,2,5,5,4,The Aesthetic Rover
7952,similarity,4,5,2,2,4,3,4,4,0,0,The Minimalist Architect
7953,similarity,2,5,2,3,1,4,5,3,4,2,The Grounded Loyalist
7954,similarity,4,4,1,2,5,0,0,3,5,5,The Focused Builder
7955,similarity,2,4,1,0,5,1,5,2,3,1,The Direct Idealist
7956,similarity,0,3,0,5,2,0,0,1,4,3,The Minimalist Architect
7957,similarity,2,3,0,3,0,2,1,4,2,0,The Calm Strategist
7958,similarity,0,2,0,2,3,3,0,3,0,0,The Focused Builder
7959,similarity,4,0,5,1,3,4,1,2,1,2,The Pure Creator
7960,similarity,2,1,5,5,1,0,2,2,5,5,The Digital Nomad
7961,similarity,4,5,5,4,4,5,1,1,0,1,The Quiet Observer
7962,similarity,2,5,4,3,2,0,3,0,4,3,The Aesthetic Rover
7963,similarity,0,4,4,1,1,2,4,5,5,5,The Pure Creator
7964,similarity,2,4,3,0,5,3,5,4,3,2,The Midnight Coder
7965,similarity,0,3,3,4,2,2,4,1,5,4,The Quiet Observer
7966,similarity,4,3,3,3,0,3,5,1,2,0,The Focused Builder
7967,similarity,2,2,2,2,0,5,0,0,0,1,The Direct Idealist
7968,similarity,4,2,2,0,3,0,5,5,1,3,The Spontaneous Socialite
7969,similarity,2,1,1,5,1,1,0,4,5,5,The Calm Strategist
7970,similarity,0,1,1,4,4,1,1,3,1,2,The Focused Builder
7971,similarity,2,0,1,2,2,2,0,3,4,4,The Free Spirit
7972,similarity,0,0,0,1,2,3,1,2,0,0,The Spontaneous Socialite
7973,similarity,4,4,0,5,5,5,3,5,3,3,The Quiet Observer
7974,similarity,2,5,0,4,3,4,2,4,1,5,The Aesthetic Rover
7975,similarity,4,3,5,3,0,5,3,3,2,1,The Grounded Loyalist
7976,similarity,2,2,5,1,0,1,4,2,0,2,The Midnight Coder
7977,similarity,0,2,4,0,4,2,5,2,2,4,The Quiet Observer
7978,similarity,2,1,4,4,1,1,4,1,5,0,The Minimalist Architect
7979,similarity,0,1,4,5,5,2,5,0,1,2,The Grounded Loyalist
7980,similarity,4,0,3,4,4,4,0,5,4,5,The Spontaneous Socialite
7981,similarity,0,0,3,2,2,5,5,2,0,1,The Direct Idealist
7982,similarity,4,5,2,1,5,0,0,2,3,3,The Digital Nomad
7983,similarity,2,5,2,0,3,0,1,1,1,0,The Free Spirit
7984,similarity,0,4,2,4,3,1,1,0,3,0,The Spontaneous Socialite
7985,similarity,2,4,1,3,0,2,2,5,0,2,The Pure Creator
7986,similarity,0,2,1,1,4,4,3,4,2,5,The Digital Nomad
7987,similarity,4,3,5,0,1,3,4,3,5,1,The Grounded Loyalist
7988,similarity,0,1,0,5,5,4,3,1,1,3,The Aesthetic Rover
7989,similarity,4,2,0,3,5,0,4,0,4,0,The Direct Idealist
7990,similarity,2,0,5,2,2,1,5,5,2,2,The Minimalist Architect
7991,similarity,0,5,5,1,0,2,4,4,4,4,The Grounded Loyalist
7992,similarity,2,5,5,5,3,2,5,3,1,0,The Focused Builder
7993,similarity,0,4,4,4,3,3,0,3,3,1,The Direct Idealist
7994,similarity,4,4,4,2,1,4,5,2,0,3,The Digital Nomad
7995,similarity,0,3,3,1,4,5,1,1,2,5,The Calm Strategist
7996,similarity,4,3,3,0,2,5,2,4,5,2,The Aesthetic Rover
7997,similarity,2,2,3,4,1,0,3,3,1,4,The Pure Creator
7998,similarity,0,2,2,3,5,1,2,2,5,0,The Digital Nomad
7999,similarity,2,0,2,2,3,3,3,2,2,3,The Quiet Observer
8000,similarity,0,1,1,0,0,4,4,1,4,5,The Aesthetic Rover
8001,similarity,4,5,1,5,4,3,3,0,1,1,The Direct Idealist
8002,similarity,0,0,1,3,3,5,4,5,3,2,The Midnight Coder
8003,similarity,4,4,0,2,1,0,5,4,0,4,The Calm Strategist
8004,similarity,2,5,0,3,4,1,4,1,2,0,The Focused Builder
8005,similarity,4,3,0,1,2,1,5,1,0,3,The Free Spirit
8006,similarity,2,4,5,0,2,2,1,0,1,5,The Spontaneous Socialite
8007,similarity,0,2,5,4,5,3,2,5,5,1,The Calm Strategist
8008,similarity,4,1,4,3,3,4,1,4,2,3,The Aesthetic Rover
8009,similarity,0,1,4,2,0,4,2,3,4,0,The Free Spirit
8010,similarity,4,0,4,0,0,5,3,3,2,2,The Midnight Coder
8011,similarity,2,0,3,5,4,0,2,2,3,2,The Quiet Observer
8012,similarity,4,4,3,4,1,2,3,5,1,5,The Minimalist Architect
8013,similarity,2,5,2,2,5,3,4,4,2,1,The Grounded Loyalist
8014,similarity,0,3,2,1,4,2,3,3,0,3,The Midnight Coder
8015,similarity,4,4,2,5,2,4,4,2,3,0,The Calm Strategist
8016,similarity,0,2,1,4,0,5,0,2,5,2,The Minimalist Architect
8017,similarity,4,3,1,3,3,0,1,1,3,4,The Free Spirit
8018,similarity,2,1,1,1,1,0,0,0,4,1,The Spontaneous Socialite
8019,similarity,4,2,0,0,0,1,1,5,2,3,The Pure Creator
8020,similarity,2,0,0,5,4,2,2,2,3,3,The Digital Nomad
8021,similarity,0,1,5,3,1,4,1,2,1,0,The Free Spirit
8022,similarity,4,5,5,2,5,5,2,1,2,2,The Midnight Coder
8023,similarity,0,0,5,0,5,4,3,0,0,4,The Pure Creator
8024,similarity,4,4,4,5,2,5,2,5,4,0,The Minimalist Architect
8025,similarity,2,2,4,4,0,1,3,4,5,3,The Grounded Loyalist
8026,similarity,4,3,3,2,3,2,4,3,3,5,The Focused Builder
8027,similarity,2,1,3,1,3,1,0,3,4,1,The Direct Idealist
8028,similarity,0,2,3,0,1,3,5,0,2,2,The Minimalist Architect
8029,similarity,2,0,2,4,4,4,0,5,3,4,The Calm Strategist
8030,similarity,0,1,2,5,2,5,1,4,1,0,The Focused Builder
8031,similarity,4,5,1,3,1,5,0,3,5,3,The Pure Creator
8032,similarity,2,0,1,2,5,0,1,2,0,5,The Digital Nomad
8033,similarity,4,4,1,1,3,1,2,2,4,1,The Quiet Observer
8034,similarity,2,5,0,5,0,3,1,1,5,4,The Aesthetic Rover
8035,similarity,0,3,0,4,4,4,2,0,3,0,The Pure Creator
8036,similarity,2,4,0,2,3,3,3,3,4,2,The Midnight Coder
8037,similarity,0,2,5,1,1,4,4,2,2,3,The Quiet Observer
8038,similarity,4,2,5,0,5,0,4,2,4,5,The Focused Builder
8039,similarity,2,1,4,4,2,1,5,1,1,1,The Direct Idealist
8040,similarity,4,1,4,3,2,0,0,0,5,3,The Spontaneous Socialite
8041,similarity,2,0,4,2,5,2,5,5,0,0,The Calm Strategist
8042,similarity,0,4,3,0,3,3,0,4,4,2,The Focused Builder
8043,similarity,2,5,3,5,0,4,1,1,5,4,The Free Spirit
8044,similarity,0,3,2,3,0,0,0,1,3,1,The Spontaneous Socialite
8045,similarity,4,4,2,2,4,5,1,0,5,3,The Quiet Observer
8046,similarity,2,2,2,1,1,0,2,5,2,3,The Aesthetic Rover
8047,similarity,4,3,1,5,5,2,3,4,4,0,The Grounded Loyalist
8048,similarity,2,1,1,4,2,3,2,3,1,2,The Midnight Coder
8049,similarity,0,2,1,3,2,2,4,3,5,4,The Quiet Observer
8050,similarity,2,0,0,1,0,4,5,2,0,1,The Minimalist Architect
8051,similarity,0,0,0,0,3,5,4,5,4,3,The Grounded Loyalist
8052,similarity,4,5,5,4,1,0,5,4,0,5,The Spontaneous Socialite
8053,similarity,0,5,5,3,0,5,0,3,3,2,The Direct Idealist
8054,similarity,4,4,5,2,4,1,5,2,5,4,The Digital Nomad
8055,similarity,2,4,4,2,2,2,0,2,2,4,The Free Spirit
8056,similarity,0,3,4,1,5,3,1,1,0,0,The Spontaneous Socialite
8057,similarity,2,1,3,0,5,5,2,0,2,3,The Pure Creator
8058,similarity,0,2,3,4,2,4,1,5,5,5,The Digital Nomad
8059,similarity,4,0,3,3,0,5,2,2,1,1,The Grounded Loyalist
8060,similarity,0,1,2,1,3,1,4,1,4,4,The Aesthetic Rover
8061,similarity,4,5,2,0,3,2,3,1,0,0,The Direct Idealist
8062,similarity,2,0,0,5,1,1,4,0,3,2,The Minimalist Architect
8063,similarity,0,4,1,3,4,3,5,5,5,5,The Grounded Loyalist
8064,similarity,2,4,1,2,2,4,4,4,3,5,The Focused Builder
8065,similarity,0,3,0,0,5,5,5,3,0,1,The Direct Idealist
8066,similarity,3,3,0,5,5,0,0,3,2,4,The Free Spirit
8067,similarity,5,2,0,4,3,0,1,0,5,0,The Aesthetic Rover
8068,similarity,3,2,5,2,0,1,0,5,1,2,The Pure Creator
8069,similarity,1,1,5,1,4,2,1,4,4,5,The Digital Nomad
8070,similarity,5,1,4,0,3,4,2,3,0,1,The Grounded Loyalist
8071,similarity,1,0,4,4,1,3,2,2,4,3,The Aesthetic Rover
8072,similarity,5,0,4,3,5,4,3,2,5,3,The Direct Idealist
8073,similarity,3,5,3,1,2,0,4,1,3,0,The Minimalist Architect
8074,similarity,5,3,3,0,2,1,3,0,0,2,The Calm Strategist
8075,similarity,3,4,2,5,5,2,4,3,2,4,The Focused Builder
8076,similarity,1,2,2,3,3,2,5,2,5,1,The Direct Idealist
8077,similarity,3,2,2,2,1,3,0,2,1,3,The Spontaneous Socialite
8078,similarity,1,1,1,1,0,4,5,1,5,5,The Calm Strategist
8079,similarity,5,1,1,5,4,0,0,0,0,2,The Aesthetic Rover
8080,similarity,3,0,1,0,1,5,1,5,4,4,The Pure Creator
8081,similarity,5,0,0,4,5,0,1,4,1,4,The Midnight Coder
8082,similarity,3,5,0,3,2,1,2,3,3,1,The Quiet Observer
8083,similarity,1,5,5,2,2,3,3,1,0,3,The Aesthetic Rover
8084,similarity,3,4,5,0,0,2,2,0,2,5,The Grounded Loyalist
8085,similarity,1,4,5,5,3,3,3,5,0,2,The Midnight Coder
8086,similarity,5,3,4,4,1,5,4,4,1,4,The Calm Strategist
8087,similarity,3,3,4,2,0,0,5,3,5,0,The Focused Builder
8088,similarity,5,2,3,1,4,1,4,3,0,2,The Free Spirit
8089,similarity,3,2,3,5,2,1,5,2,4,5,The Spontaneous Socialite
8090,similarity,1,0,3,4,5,2,0,1,1,5,The Calm Strategist
8091,similarity,3,5,2,3,5,3,5,4,3,1,The Digital Nomad
8092,similarity,1,5,2,1,2,5,1,3,1,4,The Free Spirit
8093,similarity,5,4,0,0,0,4,2,2,2,0,The Midnight Coder
8094,similarity,3,4,1,4,4,5,1,2,0,2,The Quiet Observer
8095,similarity,5,3,1,3,1,0,2,1,1,5,The Minimalist Architect
8096,similarity,3,3,0,2,1,2,3,0,5,1,The Grounded Loyalist
8097,similarity,1,2,0,0,4,3,2,5,3,3,The Midnight Coder
8098,similarity,3,2,0,5,2,2,3,2,4,0,The Direct Idealist
8099,similarity,1,1,5,4,5,4,4,1,2,0,The Minimalist Architect
8100,similarity,5,1,5,2,5,5,5,1,3,2,The Free Spirit
8101,similarity,1,0,4,1,3,0,4,0,1,5,The Focused Builder
8102,similarity,5,0,4,5,0,0,5,5,2,1,The Pure Creator
8103,similarity,3,4,4,4,4,1,1,4,0,3,The Digital Nomad
8104,similarity,1,5,3,3,3,2,0,3,2,5,The Free Spirit
8105,similarity,3,3,3,1,1,4,1,3,5,2,The Aesthetic Rover
8106,similarity,1,2,1,2,5,3,2,0,3,4,The Pure Creator
8107,similarity,5,2,2,1,2,4,1,5,4,4,The Minimalist Architect
8108,similarity,1,1,2,5,2,0,2,4,2,1,The Quiet Observer
8109,similarity,5,1,1,4,5,1,3,3,3,3,The Focused Builder
8110,similarity,3,0,1,2,3,2,4,2,1,5,The Direct Idealist
8111,similarity,1,0,1,1,1,1,3,2,3,2,The Minimalist Architect
8112,similarity,3,5,0,0,4,3,4,1,0,4,The Calm Strategist
8113,similarity,1,5,0,4,4,4,5,0,2,0,The Focused Builder
8114,similarity,5,4,5,3,1,5,5,3,5,3,The Pure Creator
8115,similarity,1,4,5,2,5,5,0,2,3,5,The Spontaneous Socialite
8116,similarity,5,2,5,0,3,0,1,2,4,5,The Quiet Observer
8117,similarity,3,3,4,5,2,1,0,1,2,2,The Aesthetic Rover
8118,similarity,1,1,4,3,0,3,1,0,4,4,The Pure Creator
8119,similarity,3,2,3,2,3,4,2,5,1,0,The Midnight Coder
8120,similarity,1,0,3,1,1,3,3,4,3,2,The Quiet Observer
8121,similarity,5,1,3,5,0,5,2,3,0,5,The Focused Builder
8122,similarity,1,5,2,4,4,0,3,1,4,1,The Grounded Loyalist
8123,similarity,5,4,2,2,2,1,4,0,5,3,The Spontaneous Socialite
8124,similarity,3,4,2,1,5,0,3,5,3,0,The Calm Strategist
8125,similarity,5,3,1,0,5,2,5,4,5,0,The Digital Nomad
8126,similarity,3,3,1,4,2,3,0,3,2,2,The Free Spirit
8127,similarity,1,2,0,3,0,4,5,2,4,5,The Spontaneous Socialite
8128,similarity,5,2,0,2,4,4,0,2,1,1,The Quiet Observer
8129,similarity,1,0,0,0,1,5,1,1,3,3,The Digital Nomad
8130,similarity,5,1,5,5,1,0,2,4,0,0,The Grounded Loyalist
8131,similarity,3,5,5,5,4,2,1,3,4,2,The Midnight Coder
8132,similarity,5,0,4,4,2,3,2,2,0,4,The Direct Idealist
8133,similarity,3,4,4,3,0,2,3,2,3,1,The Minimalist Architect
8134,similarity,1,5,4,1,5,4,2,1,5,1,The Grounded Loyalist
8135,similarity,5,3,3,0,3,5,4,0,2,3,The Spontaneous Socialite
8136,similarity,1,4,3,5,0,0,5,5,4,5,The Direct Idealist
8137,similarity,5,2,1,3,4,0,4,4,1,2,The Digital Nomad
8138,similarity,3,3,2,2,3,1,5,1,5,4,The Free Spirit
8139,similarity,5,1,2,0,1,2,0,1,1,0,The Aesthetic Rover
8140,similarity,3,5,1,5,5,3,1,0,4,3,The Pure Creator
8141,similarity,1,0,1,4,2,5,0,5,0,5,The Digital Nomad
8142,similarity,5,4,1,2,2,4,1,4,3,1,The Grounded Loyalist
8143,similarity,1,5,0,1,5,5,2,3,5,2,The Aesthetic Rover
8144,similarity,5,3,0,0,3,1,1,3,3,4,The Direct Idealist
8145,similarity,3,4,5,4,1,2,2,2,4,0,The Minimalist Architect
8146,similarity,5,2,5,3,4,1,4,5,2,3,The Calm Strategist
8147,similarity,3,3,5,1,4,3,3,4,5,5,The Focused Builder
8148,similarity,1,1,4,0,1,4,4,3,1,1,The Direct Idealist
8149,similarity,3,2,4,5,5,5,5,2,4,3,The Spontaneous Socialite
8150,similarity,1,0,3,3,3,5,0,2,0,0,The Calm Strategist
8151,similarity,5,1,3,2,2,0,5,1,4,0,The Aesthetic Rover
8152,similarity,3,5,3,0,0,1,0,0,5,2,The Pure Creator
8153,similarity,5,5,2,5,3,2,1,3,3,5,The Midnight Coder
8154,similarity,3,4,2,4,1,4,0,2,4,1,The Quiet Observer
8155,similarity,1,4,2,2,0,3,1,1,2,3,The Aesthetic Rover
8156,similarity,3,3,1,3,4,4,2,1,5,0,The Grounded Loyalist
8157,similarity,1,1,1,2,2,0,2,0,1,2,The Midnight Coder
8158,similarity,5,2,0,0,5,1,3,5,5,4,The Calm Strategist
8159,similarity,3,0,0,5,3,0,4,4,0,1,The Focused Builder
8160,similarity,5,1,0,3,2,2,5,3,4,1,The Free Spirit
8161,similarity,3,5,5,2,0,3,4,1,5,3,The Spontaneous Socialite
8162,similarity,1,0,5,1,4,4,5,0,3,0,The Calm Strategist
8163,similarity,3,4,4,5,1,0,0,5,0,2,The Digital Nomad
8164,similarity,1,5,4,4,1,5,5,4,2,4,The Free Spirit
8165,similarity,5,3,4,3,4,0,0,3,0,0,The Midnight Coder
8166,similarity,3,3,3,1,2,2,1,2,1,3,The Quiet Observer
8167,similarity,5,2,3,0,0,3,0,2,5,5,The Minimalist Architect
8168,similarity,3,2,1,4,5,2,2,1,0,1,The Grounded Loyalist
8169,similarity,1,1,2,3,3,3,3,4,4,2,The Midnight Coder
8170,similarity,3,1,2,2,0,5,4,3,5,4,The Direct Idealist
8171,similarity,1,0,1,0,4,0,3,2,3,0,The Minimalist Architect
8172,similarity,5,4,1,5,4,1,4,2,1,3,The Free Spirit
8173,similarity,1,5,1,3,1,1,5,1,2,5,The Focused Builder
8174,similarity,5,3,0,2,5,2,4,0,0,1,The Pure Creator
8175,similarity,3,4,0,1,2,3,5,5,1,4,The Digital Nomad
8176,similarity,1,2,5,5,0,5,0,4,5,0,The Free Spirit
8177,similarity,3,3,5,4,5,4,5,1,0,2,The Aesthetic Rover
8178,similarity,1,1,5,3,3,5,0,1,4,3,The Pure Creator
8179,similarity,5,1,4,1,1,1,2,0,2,5,The Minimalist Architect
8180,similarity,1,0,4,0,4,2,3,5,3,1,The Quiet Observer
8181,similarity,4,0,2,4,4,1,2,4,1,3,The Direct Idealist
8182,similarity,2,5,3,5,1,2,3,3,2,0,The Minimalist Architect
8183,similarity,0,5,3,4,5,4,4,3,0,2,The Grounded Loyalist
8184,similarity,2,4,2,2,3,5,3,2,2,4,The Focused Builder
8185,similarity,0,4,2,1,2,0,4,5,5,1,The Direct Idealist
8186,similarity,4,3,2,0,0,0,5,4,1,3,The Digital Nomad
8187,similarity,0,3,1,4,3,1,4,3,4,3,The Calm Strategist
8188,similarity,4,2,1,3,1,2,5,2,2,0,The Aesthetic Rover
8189,similarity,2,0,0,1,1,4,0,2,3,2,The Pure Creator
8190,similarity,0,1,0,0,4,3,2,1,1,4,The Digital Nomad
8191,similarity,2,5,0,5,2,4,1,0,3,1,The Quiet Observer
8192,similarity,0,5,5,3,5,0,2,5,0,3,The Aesthetic Rover
8193,similarity,4,4,5,2,3,1,3,2,2,5,The Direct Idealist
8194,similarity,0,4,4,1,2,2,2,1,5,2,The Midnight Coder
8195,similarity,4,3,4,5,0,2,3,1,1,2,The Calm Strategist
8196,similarity,2,3,4,4,4,3,4,0,4,4,The Focused Builder
8197,similarity,4,2,3,2,1,4,3,5,2,0,The Free Spirit
8198,similarity,2,2,3,1,1,5,4,4,4,3,The Spontaneous Socialite
8199,similarity,0,1,3,0,4,5,5,3,1,5,The Calm Strategist
8200,similarity,4,1,2,4,2,0,1,3,3,1,The Aesthetic Rover
8201,similarity,0,0,2,3,0,1,0,0,0,4,The Free Spirit
8202,similarity,4,0,1,1,5,3,1,5,2,0,The Midnight Coder
8203,similarity,2,5,1,0,3,2,2,4,5,2,The Quiet Observer
8204,similarity,4,5,1,5,0,3,1,3,3,3,The Minimalist Architect
8205,similarity,2,3,0,3,4,5,2,2,5,5,The Grounded Loyalist
8206,similarity,0,2,0,2,2,0,3,2,2,1,The Midnight Coder
8207,similarity,4,2,5,3,1,1,2,1,4,4,The Calm Strategist
8208,similarity,0,1,5,1,5,1,3,4,1,0,The Minimalist Architect
8209,similarity,4,1,5,0,2,2,4,3,3,2,The Free Spirit
8210,similarity,2,0,4,4,0,3,3,2,0,5,The Spontaneous Socialite
8211,similarity,4,0,4,3,0,4,5,2,2,1,The Pure Creator
8212,similarity,2,5,2,2,3,4,0,1,0,3,The Digital Nomad
8213,similarity,0,5,3,0,1,5,1,0,3,3,The Free Spirit
8214,similarity,4,4,3,5,4,0,0,5,5,0,The Midnight Coder
8215,similarity,0,4,2,4,4,2,1,4,2,2,The Pure Creator
8216,similarity,4,3,2,2,1,3,2,1,4,4,The Minimalist Architect
8217,similarity,2,3,2,1,5,2,1,1,1,1,The Grounded Loyalist
8218,similarity,4,1,1,5,3,4,2,0,3,3,The Focused Builder
8219,similarity,2,2,1,4,2,5,3,5,1,5,The Direct Idealist
8220,similarity,0,0,0,3,0,0,2,4,2,2,The Minimalist Architect
8221,similarity,4,5,0,1,3,0,3,3,0,4,The Free Spirit
8222,similarity,0,5,0,0,1,1,5,2,3,4,The Focused Builder
8223,similarity,4,4,5,5,5,2,0,2,5,1,The Pure Creator
8224,similarity,2,4,5,3,4,4,5,5,3,3,The Digital Nomad
8225,similarity,4,3,4,2,2,3,0,4,4,5,The Quiet Observer
8226,similarity,2,3,4,0,5,4,1,3,2,2,The Aesthetic Rover
8227,similarity,0,2,4,5,3,5,0,2,3,4,The Pure Creator
8228,similarity,2,2,3,4,3,1,1,2,1,0,The Midnight Coder
8229,similarity,0,1,3,2,0,2,2,1,4,2,The Quiet Observer
8230,similarity,4,1,3,1,4,1,1,0,0,5,The Focused Builder
8231,similarity,2,5,2,5,1,3,2,5,4,5,The Direct Idealist
8232,similarity,4,0,2,4,1,4,3,2,5,1,The Spontaneous Socialite
8233,similarity,2,4,1,5,4,5,5,1,3,4,The Calm Strategist
8234,similarity,0,5,1,3,2,5,4,1,4,0,The Focused Builder
8235,similarity,2,3,1,2,0,0,5,0,2,2,The Free Spirit
8236,similarity,0,4,0,1,5,1,0,5,3,5,The Spontaneous Socialite
8237,similarity,4,2,0,5,3,3,5,4,1,1,The Quiet Observer
8238,similarity,2,1,5,4,0,4,0,3,5,3,The Aesthetic Rover
8239,similarity,4,1,5,2,4,3,1,3,0,4,The Grounded Loyalist
8240,similarity,2,0,5,1,2,4,0,0,4,0,The Midnight Coder
8241,similarity,0,0,4,0,1,0,1,5,5,2,The Quiet Observer
8242,similarity,2,5,4,4,5,1,2,4,3,5,The Minimalist Architect
8243,similarity,0,5,2,3,2,0,3,3,4,1,The Grounded Loyalist
8244,similarity,4,3,3,2,0,2,3,2,2,3,The Spontaneous Socialite
8245,similarity,2,4,3,0,0,3,4,2,0,5,The Calm Strategist
8246,similarity,4,2,2,5,3,4,5,1,1,2,The Digital Nomad
8247,similarity,2,3,2,3,1,0,4,0,5,4,The Free Spirit
8248,similarity,0,1,2,2,4,5,5,3,0,4,The Spontaneous Socialite
8249,similarity,2,2,1,1,4,0,0,2,4,1,The Pure Creator
8250,similarity,0,0,1,5,2,2,5,1,5,3,The Digital Nomad
8251,similarity,4,1,0,4,5,3,0,1,3,5,The Grounded Loyalist
8252,similarity,0,5,0,3,3,2,1,0,5,2,The Aesthetic Rover
8253,similarity,4,0,0,1,0,4,2,5,2,4,The Direct Idealist
8254,similarity,2,4,5,0,0,5,2,4,0,0,The Minimalist Architect
8255,similarity,0,3,5,4,3,0,3,3,1,3,The Grounded Loyalist
8256,similarity,2,3,3,3,1,5,4,1,5,5,The Focused Builder
8257,similarity,0,1,4,2,5,1,3,0,0,5,The Direct Idealist
8258,similarity,4,2,4,2,4,2,4,5,4,2,The Digital Nomad
8259,similarity,0,0,3,1,2,3,5,4,0,4,The Calm Strategist
8260,similarity,4,1,3,5,5,5,4,3,3,0,The Aesthetic Rover
8261,similarity,2,5,3,4,3,4,5,2,5,2,The Pure Creator
8262,similarity,0,0,2,3,3,5,0,2,2,5,The Digital Nomad
8263,similarity,2,4,2,1,0,1,1,5,0,1,The Quiet Observer
8264,similarity,0,5,1,0,4,2,0,4,1,3,The Aesthetic Rover
8265,similarity,4,3,1,5,1,1,2,3,5,0,The Direct Idealist
8266,similarity,0,4,1,3,1,3,3,2,1,0,The Midnight Coder
8267,similarity,4,2,0,2,5,4,2,2,4,2,The Calm Strategist
8268,similarity,2,3,0,0,2,5,3,1,0,5,The Focused Builder
8269,similarity,0,1,5,5,0,0,4,0,3,1,The Direct Idealist
8270,similarity,2,5,5,4,3,0,3,5,1,3,The Spontaneous Socialite
8271,similarity,0,0,5,2,3,1,4,2,3,0,The Calm Strategist
8272,similarity,4,4,4,1,0,2,5,1,0,2,The Aesthetic Rover
8273,similarity,0,5,4,0,4,4,0,1,2,4,The Free Spirit
8274,similarity,4,3,2,4,2,3,5,0,5,5,The Midnight Coder
8275,similarity,2,4,3,3,1,4,0,5,1,1,The Quiet Observer
8276,similarity,4,2,3,1,5,0,2,4,4,3,The Minimalist Architect
8277,similarity,2,3,2,0,2,1,1,3,0,5,The Grounded Loyalist
8278,similarity,0,1,2,5,0,0,2,3,4,2,The Midnight Coder
8279,similarity,4,2,2,3,0,2,3,0,1,4,The Calm Strategist
8280,similarity,0,0,1,2,3,3,2,5,3,0,The Minimalist Architect
8281,similarity,4,1,1,1,1,4,3,4,0,3,The Free Spirit
8282,similarity,2,5,0,5,4,0,4,3,2,5,The Spontaneous Socialite
8283,similarity,4,5,0,0,4,5,5,2,5,5,The Pure Creator
8284,similarity,2,4,0,4,2,0,4,2,1,2,The Digital Nomad
8285,similarity,0,4,5,3,5,1,5,1,5,4,The Free Spirit
8286,similarity,4,3,5,2,3,3,0,0,2,0,The Midnight Coder
8287,similarity,0,1,3,0,0,2,0,3,4,3,The Pure Creator
8288,similarity,4,2,4,5,0,3,1,2,1,5,The Minimalist Architect
8289,similarity,2,0,4,3,4,5,2,1,3,1,The Grounded Loyalist
8290,similarity,4,1,3,2,1,0,1,1,0,4,The Focused Builder
8291,similarity,2,5,3,1,5,1,2,0,2,0,The Direct Idealist
8292,similarity,0,0,3,5,4,1,3,5,0,0,The Minimalist Architect
8293,similarity,4,4,2,4,2,2,4,4,1,2,The Free Spirit
8294,similarity,0,4,2,3,5,3,3,3,5,5,The Focused Builder
8295,similarity,3,3,1,1,3,5,4,1,2,1,The Digital Nomad
8296,similarity,1,3,1,0,3,4,5,0,4,3,The Free Spirit
8297,similarity,3,2,1,4,0,5,4,5,1,0,The Aesthetic Rover
8298,similarity,1,2,0,3,4,1,0,4,3,2,The Pure Creator
8299,similarity,5,1,0,2,1,2,1,3,1,4,The Minimalist Architect
8300,similarity,1,1,5,0,5,1,0,2,2,1,The Quiet Observer
8301,similarity,5,0,5,5,5,2,1,2,0,1,The Focused Builder
8302,similarity,3,0,5,4,2,4,2,1,1,3,The Direct Idealist
8303,similarity,1,5,4,2,0,5,3,4,5,0,The Minimalist Architect
8304,similarity,3,3,4,1,3,0,2,3,2,2,The Calm Strategist
8305,similarity,1,4,4,5,3,0,3,2,4,4,The Focused Builder
8306,similarity,5,2,3,4,1,1,4,2,2,1,The Pure Creator
8307,similarity,1,2,3,3,4,2,3,1,3,3,The Spontaneous Socialite
8308,similarity,5,1,2,1,2,4,4,0,1,5,The Quiet Observer
8309,similarity,3,1,2,2,1,3,0,5,2,1,The Aesthetic Rover
8310,similarity,1,0,2,1,5,4,5,4,0,2,The Pure Creator
8311,similarity,3,0,1,5,2,0,0,1,4,4,The Midnight Coder
8312,similarity,1,5,1,4,0,1,1,1,5,0,The Quiet Observer
8313,similarity,5,5,0,2,0,2,2,0,3,3,The Focused Builder
8314,similarity,1,4,0,1,3,1,1,5,4,5,The Grounded Loyalist
8315,similarity,5,4,0,0,1,3,2,4,2,1,The Spontaneous Socialite
8316,similarity,3,3,5,4,4,4,3,3,3,4,The Calm Strategist
8317,similarity,1,3,5,3,2,5,2,2,1,0,The Focused Builder
8318,similarity,3,2,3,1,2,5,3,2,3,0,The Free Spirit
8319,similarity,1,2,4,0,5,0,5,5,0,3,The Spontaneous Socialite
8320,similarity,5,0,4,5,3,1,4,4,4,5,The Quiet Observer
8321,similarity,1,5,3,3,0,3,5,3,5,1,The Digital Nomad
8322,similarity,5,5,3,2,0,4,0,2,3,3,The Grounded Loyalist
8323,similarity,3,4,3,1,4,3,5,2,4,0,The Midnight Coder
8324,similarity,5,4,2,5,1,5,0,1,2,2,The Direct Idealist
8325,similarity,3,3,2,4,5,0,1,0,4,4,The Minimalist Architect
8326,similarity,1,3,1,2,4,1,2,3,1,1,The Grounded Loyalist
8327,similarity,5,2,1,1,2,1,1,2,5,1,The Spontaneous Socialite
8328,similarity,1,2,1,0,0,2,2,1,0,3,The Direct Idealist
8329,similarity,5,1,0,4,3,3,3,1,4,0,The Digital Nomad
8330,similarity,3,1,0,3,3,4,3,0,5,2,The Free Spirit
8331,similarity,5,0,4,2,0,4,4,5,3,4,The Aesthetic Rover
8332,similarity,3,0,5,0,4,5,5,4,5,1,The Pure Creator
8333,similarity,1,4,5,5,1,0,4,3,2,3,The Digital Nomad
8334,similarity,5,5,4,5,5,2,5,1,4,5,The Grounded Loyalist
8335,similarity,1,3,4,4,5,3,0,0,1,2,The Aesthetic Rover
8336,similarity,5,2,4,3,2,2,1,5,5,2,The Direct Idealist
8337,similarity,3,2,3,1,0,4,0,4,0,4,The Minimalist Architect
8338,similarity,5,1,3,0,3,5,1,3,4,0,The Calm Strategist
8339,similarity,3,1,2,5,3,0,2,2,0,3,The Focused Builder
8340,similarity,1,0,2,3,1,0,1,2,3,5,The Direct Idealist
8341,similarity,5,0,2,2,4,1,3,1,5,1,The Digital Nomad
8342,similarity,1,5,1,0,2,2,4,4,2,4,The Calm Strategist
8343,similarity,5,5,1,5,1,3,3,3,4,0,The Aesthetic Rover
8344,similarity,3,4,0,4,5,5,4,2,1,2,The Pure Creator
8345,similarity,5,4,0,2,3,4,5,1,5,3,The Midnight Coder
8346,similarity,3,2,0,1,0,5,0,1,1,5,The Quiet Observer
8347,similarity,1,3,5,5,4,1,5,0,4,1,The Aesthetic Rover
8348,similarity,3,1,5,4,3,2,0,5,0,4,The Grounded Loyalist
8349,similarity,1,2,3,3,1,1,1,4,3,0,The Midnight Coder
8350,similarity,5,0,4,1,4,3,0,1,5,2,The Calm Strategist
8351,similarity,3,1,4,0,2,4,1,1,2,5,The Focused Builder
8352,similarity,5,5,3,5,2,5,3,0,0,1,The Free Spirit
8353,similarity,3,4,3,3,5,5,2,5,2,3,The Spontaneous Socialite
8354,similarity,1,4,3,2,3,0,3,4,5,3,The Calm Strategist
8355,similarity,3,3,2,0,0,1,4,3,1,0,The Digital Nomad
8356,similarity,1,3,2,5,0,3,5,2,4,2,The Free Spirit
8357,similarity,5,2,1,4,4,4,4,2,0,4,The Midnight Coder
8358,similarity,3,2,1,2,1,3,5,5,4,1,The Quiet Observer
8359,similarity,5,0,1,3,5,4,0,4,5,3,The Minimalist Architect
8360,similarity,3,1,0,2,4,0,5,3,3,5,The Grounded Loyalist
8361,similarity,1,5,0,0,2,1,0,2,0,2,The Midnight Coder
8362,similarity,3,0,4,5,0,0,1,2,2,2,The Direct Idealist
8363,similarity,1,4,5,3,3,2,1,1,5,4,The Minimalist Architect
8364,similarity,5,5,5,2,1,3,2,0,1,1,The Free Spirit
8365,similarity,3,3,4,1,0,4,3,5,5,3,The Spontaneous Socialite
8366,similarity,5,4,4,5,4,0,4,2,0,5,The Pure Creator
8367,similarity,3,2,4,4,2,5,3,1,4,2,The Digital Nomad
8368,similarity,1,3,3,3,5,0,4,1,5,4,The Free Spirit
8369,similarity,3,1,3,1,5,2,5,0,3,0,The Aesthetic Rover
8370,similarity,1,0,2,0,2,3,4,5,0,2,The Pure Creator
8371,similarity,5,0,2,4,0,2,5,4,2,3,The Minimalist Architect
8372,similarity,1,4,2,3,3,3,0,3,0,5,The Quiet Observer
8373,similarity,5,5,1,2,3,5,0,3,1,1,The Focused Builder
8374,similarity,3,3,1,0,1,0,1,0,5,4,The Direct Idealist
8375,similarity,1,4,0,5,4,5,2,5,0,0,The Minimalist Architect
8376,similarity,3,2,0,3,2,1,3,4,4,2,The Calm Strategist
8377,similarity,1,3,0,2,1,2,2,3,1,5,The Focused Builder
8378,similarity,5,1,5,1,5,3,3,2,3,1,The Pure Creator
8379,similarity,1,2,5,5,3,5,4,2,1,3,The Spontaneous Socialite
8380,similarity,5,0,5,4,0,4,3,1,2,4,The Quiet Observer
8381,similarity,3,1,4,3,4,5,4,4,0,0,The Aesthetic Rover
8382,similarity,1,5,4,1,3,1,5,3,1,2,The Pure Creator
8383,similarity,3,0,3,0,1,2,4,2,5,5,The Midnight Coder
8384,similarity,1,4,3,4,5,1,0,1,0,1,The Quiet Observer
8385,similarity,5,2,3,5,2,3,1,1,4,3,The Focused Builder
8386,similarity,1,3,2,4,2,4,2,0,2,5,The Grounded Loyalist
8387,similarity,5,1,2,2,5,5,1,5,3,2,The Spontaneous Socialite
8388,similarity,3,2,1,1,3,0,2,4,1,4,The Calm Strategist
8389,similarity,1,0,1,0,0,0,3,1,2,4,The Focused Builder
8390,similarity,3,1,1,4,0,1,2,1,0,1,The Free Spirit
8391,similarity,1,5,0,3,4,2,3,0,1,3,The Spontaneous Socialite
8392,similarity,5,0,0,1,1,4,4,5,5,5,The Quiet Observer
8393,similarity,1,4,4,0,5,3,3,4,3,2,The Digital Nomad
8394,similarity,5,5,5,5,2,4,4,3,4,4,The Grounded Loyalist
8395,similarity,3,3,5,3,2,0,0,2,2,0,The Midnight Coder
8396,similarity,5,4,4,2,0,1,1,2,3,3,The Direct Idealist
8397,similarity,3,2,4,1,3,0,0,5,1,5,The Minimalist Architect
8398,similarity,1,2,4,5,1,2,1,4,3,5,The Grounded Loyalist
8399,similarity,5,1,3,4,0,3,2,3,0,2,The Spontaneous Socialite
8400,similarity,1,1,3,2,4,4,1,2,2,4,The Direct Idealist
8401,similarity,5,0,2,1,2,5,2,2,5,0,The Digital Nomad
8402,similarity,3,4,2,0,5,5,3,1,3,2,The Free Spirit
8403,similarity,5,5,2,4,5,0,2,0,4,5,The Aesthetic Rover
8404,similarity,3,3,1,3,2,1,3,5,2,1,The Pure Creator
8405,similarity,1,4,1,1,0,3,4,2,4,3,The Digital Nomad
8406,similarity,5,2,5,0,3,2,0,1,1,4,The Grounded Loyalist
8407,similarity,1,3,0,5,3,3,5,1,3,0,The Aesthetic Rover
8408,similarity,5,1,0,3,1,5,0,0,0,2,The Direct Idealist
8409,similarity,2,2,5,2,4,0,1,5,2,5,The Grounded Loyalist
8410,similarity,4,0,5,3,2,1,0,4,5,1,The Focused Builder
8411,similarity,2,0,5,1,5,1,1,3,3,3,The Direct Idealist
8412,similarity,0,5,4,0,5,2,2,2,5,0,The Minimalist Architect
8413,similarity,4,5,4,4,3,3,1,0,2,2,The Free Spirit
8414,similarity,0,4,3,3,0,5,2,5,4,4,The Focused Builder
8415,similarity,4,4,3,2,4,4,3,4,1,5,The Pure Creator
8416,similarity,2,3,3,0,3,5,4,3,3,1,The Digital Nomad
8417,similarity,4,3,2,5,1,0,4,2,0,3,The Quiet Observer
8418,similarity,2,2,2,4,5,2,5,2,4,5,The Aesthetic Rover
8419,similarity,0,0,1,2,2,3,0,1,0,2,The Pure Creator
8420,similarity,2,1,1,1,2,2,5,0,3,4,The Midnight Coder
8421,similarity,0,5,1,5,5,4,0,3,5,0,The Quiet Observer
8422,similarity,4,0,0,4,3,5,1,2,2,3,The Focused Builder
8423,similarity,2,4,0,3,1,0,0,1,4,5,The Direct Idealist
8424,similarity,4,4,4,1,0,0,1,1,1,5,The Spontaneous Socialite
8425,similarity,2,3,5,0,4,1,2,0,3,2,The Calm Strategist
8426,similarity,0,3,5,5,1,2,3,5,1,4,The Focused Builder
8427,similarity,2,2,4,3,5,4,2,4,4,0,The Free Spirit
8428,similarity,0,2,4,2,2,3,4,3,0,3,The Spontaneous Socialite
8429,similarity,4,1,4,0,2,4,5,1,3,5,The Quiet Observer
8430,similarity,2,1,3,5,0,5,4,0,5,1,The Aesthetic Rover
8431,similarity,4,0,3,4,3,1,5,5,2,4,The Grounded Loyalist
8432,similarity,2,0,2,2,1,2,0,4,4,0,The Midnight Coder
8433,similarity,0,5,2,1,0,1,5,3,2,0,The Quiet Observer
8434,similarity,2,5,2,5,4,3,0,2,5,2,The Minimalist Architect
8435,similarity,0,4,1,4,2,4,1,2,1,5,The Grounded Loyalist
8436,similarity,4,2,1,5,5,5,0,5,4,1,The Spontaneous Socialite
8437,similarity,2,2,5,3,5,5,1,4,0,3,The Calm Strategist
8438,similarity,4,1,0,2,2,0,3,3,3,0,The Digital Nomad
8439,similarity,2,1,0,1,0,1,4,2,5,2,The Free Spirit
8440,similarity,0,0,5,5,4,3,3,1,3,4,The Spontaneous Socialite
8441,similarity,2,0,5,4,1,4,4,1,4,5,The Pure Creator
8442,similarity,0,5,5,2,1,3,5,0,2,1,The Digital Nomad
8443,similarity,4,5,4,1,4,5,4,5,5,3,The Grounded Loyalist
8444,similarity,0,4,4,0,2,0,5,2,1,0,The Aesthetic Rover
8445,similarity,4,4,3,4,5,1,0,1,5,2,The Direct Idealist
8446,similarity,2,3,3,3,5,0,5,1,0,4,The Minimalist Architect
8447,similarity,0,3,3,2,3,2,0,0,4,1,The Grounded Loyalist
8448,similarity,2,1,2,0,0,3,1,5,5,3,The Focused Builder
8449,similarity,0,2,2,5,4,4,3,4,3,5,The Direct Idealist
8450,similarity,4,0,1,3,3,4,2,3,4,5,The Digital Nomad
8451,similarity,0,5,1,2,1,5,3,2,2,2,The Calm Strategist
8452,similarity,4,5,1,1,5,0,4,0,0,4,The Aesthetic Rover
8453,similarity,2,4,0,5,2,2,3,5,1,0,The Pure Creator
8454,similarity,0,4,0,4,2,3,4,4,5,3,The Digital Nomad
8455,similarity,2,3,0,3,5,2,5,3,0,5,The Quiet Observer
8456,similarity,0,3,5,1,3,4,4,2,4,1,The Aesthetic Rover
8457,similarity,4,2,5,0,1,5,5,2,5,4,The Direct Idealist
8458,similarity,0,2,4,4,4,0,0,1,3,0,The Midnight Coder
8459,similarity,4,1,4,3,4,5,1,0,1,0,The Calm Strategist
8460,similarity,2,1,4,2,1,1,1,3,2,3,The Focused Builder
8461,similarity,0,5,3,2,5,2,2,2,0,5,The Direct Idealist
8462,similarity,2,0,3,1,3,3,3,1,1,1,The Spontaneous Socialite
8463,similarity,0,4,2,5,2,5,2,1,5,4,The Calm Strategist
8464,similarity,4,5,2,4,0,4,3,0,0,0,The Aesthetic Rover
8465,similarity,0,3,2,3,3,5,4,5,4,2,The Free Spirit
8466,similarity,4,4,1,1,1,1,3,4,0,4,The Midnight Coder
8467,similarity,2,2,1,0,0,2,4,3,3,1,The Quiet Observer
8468,similarity,4,1,5,5,4,1,5,0,1,1,The Minimalist Architect
8469,similarity,2,1,0,3,2,3,0,0,2,3,The Grounded Loyalist
8470,similarity,0,0,0,2,5,4,5,5,0,0,The Midnight Coder
8471,similarity,4,0,5,0,5,5,1,4,1,2,The Calm Strategist
8472,similarity,0,5,5,5,2,5,2,3,5,4,The Minimalist Architect
8473,similarity,4,5,5,4,0,0,1,2,1,1,The Free Spirit
8474,similarity,2,3,4,2,4,1,2,2,4,3,The Spontaneous Socialite
8475,similarity,4,4,4,1,1,2,3,1,2,5,The Pure Creator
8476,similarity,2,2,3,0,1,4,2,4,3,2,The Digital Nomad
8477,similarity,0,3,3,4,4,3,3,3,1,2,The Free Spirit
8478,similarity,4,1,3,3,2,4,4,2,2,4,The Midnight Coder
8479,similarity,0,2,2,1,0,0,5,1,0,0,The Pure Creator
8480,similarity,4,0,2,0,5,1,4,1,2,3,The Minimalist Architect
8481,similarity,2,1,0,5,3,0,5,0,5,5,The Grounded Loyalist
8482,similarity,4,5,1,3,0,2,1,5,1,1,The Focused Builder
8483,similarity,2,0,1,2,4,3,0,4,4,4,The Direct Idealist
8484,similarity,0,4,0,1,3,4,1,1,2,0,The Minimalist Architect
8485,similarity,4,3,0,5,1,0,2,1,4,0,The Free Spirit
8486,similarity,0,3,0,0,5,5,1,0,1,3,The Focused Builder
8487,similarity,4,1,5,4,2,0,2,5,3,5,The Pure Creator
8488,similarity,2,2,5,3,0,1,3,4,0,1,The Digital Nomad
8489,similarity,4,0,4,2,5,3,4,3,2,4,The Quiet Observer
8490,similarity,2,1,4,0,3,2,3,2,5,0,The Aesthetic Rover
8491,similarity,0,5,4,5,1,3,4,0,1,2,The Pure Creator
8492,similarity,2,0,3,3,4,5,0,5,5,5,The Midnight Coder
8493,similarity,0,4,3,2,4,0,5,4,2,1,The Quiet Observer
8494,similarity,4,5,2,1,1,1,0,3,4,1,The Focused Builder
8495,similarity,2,3,2,5,5,1,1,2,1,3,The Direct Idealist
8496,similarity,4,4,2,4,3,2,0,2,3,0,The Spontaneous Socialite
8497,similarity,2,2,1,3,2,3,1,1,0,2,The Calm Strategist
8498,similarity,0,3,1,1,0,5,2,0,2,4,The Focused Builder
8499,similarity,2,1,5,0,3,4,3,3,0,1,The Free Spirit
8500,similarity,0,5,0,4,1,5,2,2,3,3,The Spontaneous Socialite
8501,similarity,4,0,0,3,1,1,3,1,5,5,The Quiet Observer
8502,similarity,2,4,5,2,4,2,4,1,2,2,The Aesthetic Rover
8503,similarity,4,5,5,0,2,1,4,0,4,2,The Grounded Loyalist
8504,similarity,2,3,5,5,5,2,5,5,1,4,The Midnight Coder
8505,similarity,0,4,4,4,3,4,0,4,3,1,The Quiet Observer
8506,similarity,2,2,4,2,2,5,5,3,1,3,The Minimalist Architect
8507,similarity,0,3,3,1,0,0,0,0,2,5,The Grounded Loyalist
8508,similarity,4,1,3,5,4,0,1,0,0,2,The Spontaneous Socialite
8509,similarity,2,2,3,4,1,1,2,5,3,4,The Calm Strategist
8510,similarity,4,0,2,3,1,2,1,4,5,0,The Digital Nomad
8511,similarity,2,1,2,1,4,4,2,3,2,2,The Free Spirit
8512,similarity,0,5,0,2,2,3,3,2,4,3,The Spontaneous Socialite
8513,similarity,2,5,1,1,0,4,2,2,2,5,The Pure Creator
8514,similarity,0,4,1,5,5,0,4,1,3,1,The Digital Nomad
8515,similarity,4,4,0,4,3,1,5,4,1,4,The Grounded Loyalist
8516,similarity,0,3,0,2,0,2,4,3,2,0,The Aesthetic Rover
8517,similarity,4,1,0,1,4,1,5,2,0,2,The Direct Idealist
8518,similarity,2,2,5,0,4,3,0,1,3,5,The Minimalist Architect
8519,similarity,0,0,5,4,1,4,1,1,5,1,The Grounded Loyalist
8520,similarity,2,1,4,3,5,5,0,0,3,3,The Focused Builder
8521,similarity,0,5,4,1,2,5,1,5,4,4,The Direct Idealist
8522,similarity,4,0,4,0,0,0,2,4,2,0,The Digital Nomad
8523,similarity,0,4,3,5,5,1,1,1,3,2,The Calm Strategist
8524,similarity,3,5,3,3,3,3,2,1,1,5,The Pure Creator
8525,similarity,1,3,2,2,1,2,4,0,5,1,The Digital Nomad
8526,similarity,5,3,2,1,4,3,3,5,0,3,The Grounded Loyalist
8527,similarity,1,2,2,5,4,5,4,4,4,5,The Aesthetic Rover
8528,similarity,5,2,1,4,1,0,5,3,5,2,The Direct Idealist
8529,similarity,3,1,1,2,5,1,0,2,3,2,The Minimalist Architect
8530,similarity,5,1,5,1,3,1,5,2,4,4,The Calm Strategist
8531,similarity,3,0,0,0,2,2,0,5,2,1,The Focused Builder
8532,similarity,1,0,0,4,0,3,1,4,4,3,The Direct Idealist
8533,similarity,5,5,5,3,3,4,0,3,1,5,The Digital Nomad
8534,similarity,1,3,5,2,1,4,1,2,5,2,The Calm Strategist
8535,similarity,5,4,5,0,5,5,2,1,0,4,The Aesthetic Rover
8536,similarity,3,2,4,5,4,0,2,1,4,0,The Pure Creator
8537,similarity,5,3,4,5,2,2,3,0,5,3,The Midnight Coder
8538,similarity,3,1,3,4,5,3,4,5,3,3,The Quiet Observer
8539,similarity,1,1,3,3,3,2,5,2,5,5,The Aesthetic Rover
8540,similarity,3,0,3,1,3,4,4,1,2,2,The Grounded Loyalist
8541,similarity,1,0,2,0,0,5,5,1,0,4,The Midnight Coder
8542,similarity,5,5,2,4,4,0,0,0,1,0,The Calm Strategist
8543,similarity,3,5,0,3,1,0,5,5,5,2,The Focused Builder
8544,similarity,5,4,1,2,1,1,0,4,0,5,The Free Spirit
8545,similarity,3,4,1,0,4,2,1,3,4,1,The Spontaneous Socialite
8546,similarity,1,3,0,5,2,3,1,0,0,3,The Calm Strategist
8547,similarity,3,3,0,4,0,3,2,0,3,4,The Digital Nomad
8548,similarity,1,2,0,2,5,4,3,5,5,0,The Free Spirit
8549,similarity,5,0,5,1,3,5,2,4,2,2,The Midnight Coder
8550,similarity,3,1,5,5,0,1,3,3,0,5,The Quiet Observer
8551,similarity,5,5,4,4,4,2,4,2,1,1,The Minimalist Architect
8552,similarity,3,5,4,3,2,1,5,2,5,3,The Grounded Loyalist
8553,similarity,1,4,4,1,1,3,4,1,1,0,The Midnight Coder
8554,similarity,3,4,3,0,5,4,5,4,4,2,The Direct Idealist
8555,similarity,1,3,3,5,2,5,0,3,0,4,The Minimalist Architect
8556,similarity,5,3,1,3,0,5,5,2,3,5,The Free Spirit
8557,similarity,3,2,2,2,0,0,1,1,5,1,The Spontaneous Socialite
8558,similarity,5,2,2,0,3,1,2,1,2,3,The Pure Creator
8559,similarity,3,1,1,5,1,3,1,0,0,5,The Digital Nomad
8560,similarity,1,1,1,4,4,4,2,5,2,2,The Free Spirit
8561,similarity,3,0,1,2,4,3,3,4,5,4,The Aesthetic Rover
8562,similarity,1,0,0,3,1,4,4,1,1,0,The Pure Creator
8563,similarity,5,5,0,2,5,0,3,0,4,3,The Minimalist Architect
8564,similarity,1,5,5,0,3,1,4,0,0,5,The Quiet Observer
8565,similarity,5,3,5,5,2,0,5,5,3,5,The Focused Builder
8566,similarity,3,2,5,3,0,2,4,4,1,2,The Direct Idealist
8567,similarity,1,2,4,2,3,3,5,3,3,4,The Minimalist Architect
8568,similarity,3,1,4,1,1,4,1,2,0,0,The Calm Strategist
8569,similarity,1,1,3,5,5,0,0,2,2,3,The Focused Builder
8570,similarity,5,0,3,4,4,5,1,5,5,5,The Pure Creator
8571,similarity,1,0,3,2,2,0,2,4,1,1,The Spontaneous Socialite
8572,similarity,5,5,2,1,5,2,3,3,5,4,The Quiet Observer
8573,similarity,3,5,2,0,3,3,2,2,0,4,The Aesthetic Rover
8574,similarity,1,4,0,4,3,2,3,1,4,0,The Pure Creator
8575,similarity,3,4,1,3,0,3,4,1,1,2,The Midnight Coder
8576,similarity,1,3,1,2,4,5,3,0,3,5,The Quiet Observer
8577,similarity,5,3,0,0,1,0,4,5,0,1,The Focused Builder
8578,similarity,1,1,0,5,1,5,5,2,2,3,The Grounded Loyalist
8579,similarity,5,2,0,3,5,1,5,1,0,0,The Spontaneous Socialite
8580,similarity,3,0,5,2,2,2,0,1,1,2,The Calm Strategist
8581,similarity,1,1,5,1,0,3,1,0,5,4,The Focused Builder
8582,similarity,3,5,4,5,3,5,2,5,2,5,The Free Spirit
8583,similarity,1,4,4,4,3,4,1,4,4,1,The Spontaneous Socialite
8584,similarity,5,4,4,3,0,5,2,3,1,3,The Quiet Observer
8585,similarity,1,3,3,1,4,1,3,2,3,0,The Digital Nomad
8586,similarity,5,3,3,0,2,2,2,0,1,2,The Grounded Loyalist
8587,similarity,3,2,1,4,1,1,3,5,2,4,The Midnight Coder
8588,similarity,5,2,2,5,5,3,4,4,0,1,The Direct Idealist
8589,similarity,3,1,2,4,2,4,3,3,1,3,The Minimalist Architect
8590,similarity,1,1,1,2,0,5,5,2,5,5,The Grounded Loyalist
8591,similarity,5,5,1,1,0,0,0,2,2,5,The Spontaneous Socialite
8592,similarity,1,0,1,0,3,0,1,1,4,2,The Direct Idealist
8593,similarity,5,4,0,4,1,1,0,0,2,4,The Digital Nomad
8594,similarity,3,5,0,3,4,2,1,3,3,0,The Free Spirit
8595,similarity,5,3,5,1,4,4,2,2,1,3,The Aesthetic Rover
8596,similarity,3,4,5,0,2,3,1,1,2,5,The Pure Creator
8597,similarity,1,2,5,5,5,4,2,1,0,1,The Digital Nomad
8598,similarity,5,3,4,3,3,0,3,0,1,4,The Grounded Loyalist
8599,similarity,1,1,4,2,0,1,2,5,5,0,The Aesthetic Rover
8600,similarity,5,0,3,0,0,0,3,4,3,0,The Direct Idealist
8601,similarity,3,0,3,5,3,2,5,1,4,3,The Minimalist Architect
8602,similarity,5,4,3,4,1,3,0,0,2,5,The Calm Strategist
8603,similarity,3,5,2,2,5,4,5,0,3,1,The Focused Builder
8604,similarity,1,3,2,1,4,5,0,5,1,4,The Direct Idealist
8605,similarity,5,4,0,0,2,5,1,4,2,0,The Digital Nomad
8606,similarity,1,2,1,4,5,0,0,3,0,2,The Calm Strategist
8607,similarity,5,3,1,3,3,1,1,2,4,4,The Aesthetic Rover
8608,similarity,3,1,0,1,3,3,2,2,5,5,The Pure Creator
8609,similarity,5,2,0,0,0,2,1,5,3,1,The Midnight Coder
8610,similarity,3,0,0,5,4,3,2,4,4,3,The Quiet Observer
8611,similarity,1,1,5,3,1,5,4,3,2,0,The Aesthetic Rover
8612,similarity,3,5,5,2,1,0,5,2,4,2,The Grounded Loyalist
8613,similarity,1,0,4,3,5,1,4,1,1,4,The Midnight Coder
8614,similarity,5,4,4,1,2,1,5,1,3,1,The Calm Strategist
8615,similarity,3,2,4,0,0,2,0,0,0,3,The Focused Builder
8616,similarity,5,3,3,4,3,3,5,5,4,5,The Free Spirit
8617,similarity,3,1,3,3,3,5,0,2,5,0,The Spontaneous Socialite
8618,similarity,1,2,1,2,1,4,1,1,3,2,The Calm Strategist
8619,similarity,3,0,2,0,4,5,0,1,5,4,The Digital Nomad
8620,similarity,1,1,2,5,2,0,1,0,2,1,The Free Spirit
8621,similarity,5,5,1,4,1,2,2,5,4,3,The Midnight Coder
8622,similarity,3,0,1,2,5,1,4,4,1,5,The Quiet Observer
8623,similarity,5,4,1,1,2,2,3,3,5,1,The Minimalist Architect
8624,similarity,3,5,0,5,0,4,4,2,0,4,The Grounded Loyalist
8625,similarity,1,3,0,4,0,5,5,0,4,0,The Midnight Coder
8626,similarity,3,4,5,3,3,0,4,5,0,0,The Direct Idealist
8627,similarity,1,2,5,1,1,0,5,4,3,3,The Minimalist Architect
8628,similarity,5,2,5,0,4,1,0,3,5,5,The Free Spirit
8629,similarity,3,1,4,4,2,2,5,2,2,1,The Spontaneous Socialite
8630,similarity,5,1,4,3,2,4,0,1,4,4,The Pure Creator
8631,similarity,3,0,2,2,5,3,1,1,1,0,The Digital Nomad
8632,similarity,1,4,3,0,3,4,2,0,5,2,The Free Spirit
8633,similarity,3,5,3,5,0,5,2,3,1,5,The Aesthetic Rover
8634,similarity,1,3,2,4,0,1,3,2,4,1,The Pure Creator
8635,similarity,5,4,2,2,4,2,4,1,0,1,The Minimalist Architect
8636,similarity,1,2,2,1,1,1,3,1,3,4,The Quiet Observer
8637,similarity,5,3,1,5,5,3,4,0,5,0,The Focused Builder
8638,similarity,2,1,1,4,4,4,5,5,2,2,The Minimalist Architect
8639,similarity,0,2,0,5,2,5,4,4,4,4,The Grounded Loyalist
8640,similarity,2,0,0,3,5,5,5,3,2,1,The Focused Builder
8641,similarity,0,0,0,2,3,0,0,0,5,3,The Direct Idealist
8642,similarity,4,5,5,1,3,1,1,0,1,5,The Digital Nomad
8643,similarity,0,5,5,5,0,3,0,5,4,2,The Calm Strategist
8644,similarity,4,4,4,4,4,2,2,4,0,2,The Aesthetic Rover
8645,similarity,2,4,4,2,1,3,3,3,3,4,The Pure Creator
8646,similarity,0,3,4,1,5,5,2,2,5,1,The Digital Nomad
8647,similarity,2,3,3,0,5,0,3,2,3,3,The Quiet Observer
8648,similarity,0,2,3,4,2,1,4,1,0,5,The Aesthetic Rover
8649,similarity,4,0,1,3,0,0,3,4,2,2,The Direct Idealist
8650,similarity,0,1,2,2,3,2,4,3,5,4,The Midnight Coder
8651,similarity,4,5,2,0,3,3,5,2,1,0,The Calm Strategist
8652,similarity,2,0,1,5,1,4,0,1,4,0,The Focused Builder
8653,similarity,0,4,1,3,4,4,5,1,0,3,The Direct Idealist
8654,similarity,2,4,1,2,2,5,0,0,4,5,The Spontaneous Socialite
8655,similarity,0,3,0,1,1,0,2,5,5,1,The Calm Strategist
8656,similarity,4,3,0,5,5,2,1,2,3,4,The Aesthetic Rover
8657,similarity,0,2,5,4,2,3,2,1,0,0,The Free Spirit
8658,similarity,4,2,5,2,0,2,3,0,2,2,The Midnight Coder
8659,similarity,2,1,5,1,0,4,2,0,0,5,The Quiet Observer
8660,similarity,4,1,4,0,3,5,3,5,1,1,The Minimalist Architect
8661,similarity,2,0,4,4,1,0,4,4,5,1,The Grounded Loyalist
8662,similarity,0,0,2,3,4,5,3,3,0,4,The Midnight Coder
8663,similarity,4,5,3,2,2,1,4,2,4,0,The Calm Strategist
8664,similarity,0,3,3,2,2,2,5,0,5,2,The Minimalist Architect
8665,similarity,4,4,2,1,5,3,1,5,3,5,The Free Spirit
8666,similarity,2,2,2,5,3,5,0,4,1,1,The Spontaneous Socialite
8667,similarity,4,2,2,4,0,4,1,3,2,3,The Pure Creator
8668,similarity,2,1,1,3,0,5,2,2,0,5,The Digital Nomad
8669,similarity,0,1,1,1,4,1,1,1,1,2,The Free Spirit
8670,similarity,4,0,0,0,1,2,2,1,5,2,The Midnight Coder
8671,similarity,0,0,0,5,5,1,3,0,0,4,The Pure Creator
8672,similarity,4,5,0,3,4,3,2,3,4,1,The Minimalist Architect
8673,similarity,2,5,5,2,2,4,3,2,2,3,The Grounded Loyalist
8674,similarity,4,4,5,0,0,5,4,1,3,5,The Focused Builder
8675,similarity,2,4,3,5,3,5,5,1,1,2,The Direct Idealist
8676,similarity,0,3,4,4,3,0,5,0,2,4,The Minimalist Architect
8677,similarity,4,3,4,2,0,1,0,5,0,0,The Free Spirit
8678,similarity,0,2,3,1,4,2,1,4,1,3,The Focused Builder
8679,similarity,4,2,3,0,1,4,0,3,5,3,The Pure Creator
8680,similarity,2,0,1,4,5,3,1,0,1,5,The Digital Nomad
8681,similarity,4,5,2,3,5,4,2,0,4,2,The Quiet Observer
8682,similarity,2,5,2,1,2,0,1,5,2,4,The Aesthetic Rover
8683,similarity,0,4,1,0,0,1,2,4,3,0,The Pure Creator
8684,similarity,2,4,1,5,3,0,3,3,1,2,The Midnight Coder
8685,similarity,0,3,1,3,3,2,4,2,2,5,The Quiet Observer
8686,similarity,4,3,0,2,1,3,3,2,0,1,The Focused Builder
8687,similarity,2,2,0,0,4,4,5,1,2,3,The Direct Idealist
8688,similarity,4,2,5,5,2,0,0,4,5,4,The Spontaneous Socialite
8689,similarity,2,1,5,0,1,5,5,3,3,0,The Calm Strategist
8690,similarity,0,1,5,4,5,0,0,2,4,2,The Focused Builder
8691,similarity,2,0,4,3,3,1,1,1,2,5,The Free Spirit
8692,similarity,0,0,4,2,0,3,0,1,3,1,The Spontaneous Socialite
8693,similarity,4,4,2,0,4,2,1,0,1,3,The Quiet Observer
8694,similarity,2,5,3,5,3,3,2,5,3,0,The Aesthetic Rover
8695,similarity,4,3,3,3,1,5,3,4,0,2,The Grounded Loyalist
8696,similarity,2,4,2,2,4,0,2,1,2,2,The Midnight Coder
8697,similarity,0,2,2,1,2,5,3,0,5,5,The Quiet Observer
8698,similarity,2,1,2,5,2,1,5,0,3,1,The Minimalist Architect
8699,similarity,0,1,1,4,5,2,4,5,5,3,The Grounded Loyalist
8700,similarity,4,0,1,3,3,3,5,4,2,5,The Spontaneous Socialite
8701,similarity,2,0,0,1,0,5,0,3,4,2,The Calm Strategist
8702,similarity,4,5,0,0,0,4,5,2,1,4,The Digital Nomad
8703,similarity,2,5,0,4,4,5,0,2,3,0,The Free Spirit
8704,similarity,0,4,5,3,1,1,1,5,0,3,The Spontaneous Socialite
8705,similarity,2,4,5,2,5,2,2,4,2,3,The Pure Creator
8706,similarity,0,2,3,0,4,1,1,3,0,5,The Digital Nomad
8707,similarity,4,3,4,5,2,2,2,2,3,2,The Grounded Loyalist
8708,similarity,0,1,4,4,0,4,3,1,5,4,The Aesthetic Rover
8709,similarity,4,2,3,2,3,5,3,1,2,0,The Direct Idealist
8710,similarity,2,0,3,1,1,0,4,0,4,3,The Minimalist Architect
8711,similarity,0,1,1,5,0,0,5,3,1,5,The Grounded Loyalist
8712,similarity,2,5,2,4,4,1,4,2,3,1,The Focused Builder
8713,similarity,0,4,2,3,2,2,5,1,1,4,The Direct Idealist
8714,similarity,4,4,1,1,5,4,0,1,4,4,The Digital Nomad
8715,similarity,0,3,1,2,5,3,1,0,0,0,The Calm Strategist
8716,similarity,4,3,1,0,2,4,0,5,3,2,The Aesthetic Rover
8717,similarity,2,2,0,5,0,0,1,4,5,5,The Pure Creator
8718,similarity,0,2,0,4,3,1,2,3,2,1,The Digital Nomad
8719,similarity,2,0,5,2,3,0,1,0,4,3,The Quiet Observer
8720,similarity,0,1,5,1,1,1,3,0,2,0,The Aesthetic Rover
8721,similarity,4,5,5,0,4,3,4,5,3,2,The Direct Idealist
8722,similarity,0,0,4,4,2,4,3,4,1,4,The Midnight Coder
8723,similarity,4,4,4,3,1,5,4,3,4,5,The Calm Strategist
8724,similarity,2,5,2,1,5,5,5,2,0,1,The Focused Builder
8725,similarity,0,3,3,0,3,0,0,1,3,3,The Direct Idealist
8726,similarity,2,4,3,5,0,1,5,1,5,0,The Spontaneous Socialite
8727,similarity,0,2,2,3,4,3,0,4,3,2,The Calm Strategist
8728,similarity,4,3,2,2,3,2,1,3,4,4,The Aesthetic Rover
8729,similarity,0,1,2,1,1,3,0,2,2,1,The Free Spirit
8730,similarity,4,0,1,5,5,5,2,1,5,3,The Midnight Coder
8731,similarity,2,0,1,4,2,0,3,1,1,5,The Quiet Observer
8732,similarity,4,4,0,2,2,1,2,0,4,5,The Minimalist Architect
8733,similarity,2,5,0,1,5,1,3,5,0,2,The Grounded Loyalist
8734,similarity,0,3,0,0,3,2,4,4,4,4,The Midnight Coder
8735,similarity,4,4,5,4,0,3,5,1,5,0,The Calm Strategist
8736,similarity,0,2,5,3,0,4,4,0,3,3,The Minimalist Architect
8737,similarity,4,3,3,2,4,4,5,0,4,5,The Free Spirit
8738,similarity,2,1,4,0,1,5,0,5,2,1,The Spontaneous Socialite
8739,similarity,4,2,4,5,5,0,5,4,5,4,The Pure Creator
8740,similarity,2,0,3,5,2,2,0,3,1,4,The Digital Nomad
8741,similarity,0,1,3,4,2,3,2,2,5,0,The Free Spirit
8742,similarity,4,5,3,3,0,2,1,2,0,3,The Midnight Coder
8743,similarity,0,0,2,1,3,4,2,5,4,5,The Pure Creator
8744,similarity,4,4,2,0,1,5,3,4,5,1,The Minimalist Architect
8745,similarity,2,4,1,4,0,0,4,3,3,4,The Grounded Loyalist
8746,similarity,4,3,1,3,4,0,3,2,5,0,The Focused Builder
8747,similarity,2,1,1,2,2,1,4,1,2,2,The Direct Idealist
8748,similarity,0,2,0,0,5,2,5,1,0,4,The Minimalist Architect
8749,similarity,4,0,0,5,5,3,4,0,1,5,The Free Spirit
8750,similarity,0,1,4,4,2,3,5,5,5,1,The Focused Builder
8751,similarity,4,5,5,2,0,4,0,2,0,3,The Pure Creator
8752,similarity,2,0,5,1,4,5,0,1,4,0,The Digital Nomad
8753,similarity,3,4,4,5,3,1,1,0,0,2,The Aesthetic Rover
8754,similarity,1,5,4,4,1,2,2,0,3,4,The Pure Creator
8755,similarity,5,3,2,3,4,1,3,5,1,1,The Minimalist Architect
8756,similarity,1,3,3,1,2,3,2,4,2,3,The Quiet Observer
8757,similarity,5,2,3,0,5,4,3,3,0,5,The Focused Builder
8758,similarity,3,2,2,5,5,5,4,2,1,0,The Direct Idealist
8759,similarity,1,1,2,3,3,5,3,0,5,2,The Minimalist Architect
8760,similarity,3,1,2,2,0,0,4,5,1,4,The Calm Strategist
8761,similarity,1,0,1,0,4,1,5,4,4,1,The Focused Builder
8762,similarity,5,0,1,5,3,3,4,3,0,3,The Pure Creator
8763,similarity,1,5,0,4,1,4,0,2,3,5,The Spontaneous Socialite
8764,similarity,5,3,0,2,5,3,1,1,1,1,The Quiet Observer
8765,similarity,3,4,0,3,2,4,2,1,2,4,The Aesthetic Rover
8766,similarity,1,2,5,2,2,0,1,0,0,0,The Pure Creator
8767,similarity,3,3,5,0,5,1,2,3,2,0,The Midnight Coder
8768,similarity,1,1,3,5,3,0,3,2,5,3,The Quiet Observer
8769,similarity,5,1,4,3,1,2,2,1,1,5,The Focused Builder
8770,similarity,1,0,4,2,0,3,3,1,4,1,The Grounded Loyalist
8771,similarity,5,0,3,1,4,4,4,0,2,4,The Spontaneous Socialite
8772,similarity,3,5,3,5,1,4,3,5,3,0,The Calm Strategist
8773,similarity,1,5,3,4,5,5,4,4,1,2,The Focused Builder
8774,similarity,3,4,2,2,2,0,0,1,3,5,The Free Spirit
8775,similarity,1,4,2,1,2,2,5,0,0,5,The Spontaneous Socialite
8776,similarity,5,3,1,0,0,3,0,0,2,1,The Quiet Observer
8777,similarity,1,3,1,4,3,2,1,5,5,4,The Digital Nomad
8778,similarity,5,2,1,3,1,3,2,4,1,0,The Grounded Loyalist
8779,similarity,3,0,0,2,0,5,1,3,4,2,The Midnight Coder
8780,similarity,5,1,0,0,4,0,2,2,2,4,The Direct Idealist
8781,similarity,3,5,4,5,2,5,3,2,4,1,The Minimalist Architect
8782,similarity,1,5,5,3,5,1,2,5,1,3,The Grounded Loyalist
8783,similarity,5,4,5,2,5,2,3,4,3,5,The Spontaneous Socialite
8784,similarity,1,4,4,1,2,3,5,3,0,0,The Direct Idealist
8785,similarity,5,3,4,5,0,5,4,2,2,2,The Digital Nomad
8786,similarity,3,3,2,4,4,4,5,1,0,4,The Free Spirit
8787,similarity,5,2,3,3,1,5,0,1,1,1,The Aesthetic Rover
8788,similarity,3,2,3,1,1,1,1,0,5,3,The Pure Creator
8789,similarity,1,1,2,0,4,2,0,5,2,5,The Digital Nomad
8790,similarity,5,1,2,4,2,1,1,2,4,2,The Grounded Loyalist
8791,similarity,1,0,2,5,0,3,2,1,1,4,The Aesthetic Rover
8792,similarity,5,0,1,4,5,4,1,0,3,0,The Direct Idealist
8793,similarity,3,5,1,2,3,5,2,0,1,1,The Minimalist Architect
8794,similarity,5,5,0,1,0,4,3,5,2,3,The Calm Strategist
8795,similarity,3,3,0,0,4,0,3,4,0,5,The Focused Builder
8796,similarity,1,2,0,4,3,1,4,3,3,1,The Direct Idealist
8797,similarity,5,2,5,3,1,2,5,2,5,4,The Digital Nomad
8798,similarity,1,1,5,1,5,4,0,0,2,0,The Calm Strategist
8799,similarity,5,1,3,0,2,3,5,5,4,2,The Aesthetic Rover
8800,similarity,3,0,4,5,2,4,0,4,2,5,The Pure Creator
8801,similarity,5,0,4,3,5,0,1,3,3,1,The Midnight Coder
8802,similarity,3,5,3,2,3,1,0,2,1,1,The Quiet Observer
8803,similarity,1,5,3,0,1,0,1,1,2,4,The Aesthetic Rover
8804,similarity,3,4,3,5,4,2,2,1,0,0,The Grounded Loyalist
8805,similarity,1,4,2,4,4,3,1,0,3,2,The Midnight Coder
8806,similarity,5,3,2,2,1,4,3,3,5,5,The Calm Strategist
8807,similarity,3,3,1,1,5,5,4,2,3,1,The Focused Builder
8808,similarity,5,1,1,0,3,5,5,1,4,3,The Free Spirit
8809,similarity,3,2,1,4,2,0,4,1,2,5,The Spontaneous Socialite
8810,similarity,1,0,0,3,0,1,5,0,3,2,The Calm Strategist
8811,similarity,3,1,0,1,3,3,0,5,1,2,The Digital Nomad
8812,similarity,1,5,4,0,1,2,5,4,2,4,The Free Spirit
8813,similarity,5,4,5,5,0,3,0,3,0,1,The Midnight Coder
8814,similarity,3,4,5,3,4,5,1,0,4,3,The Quiet Observer
8815,similarity,5,3,4,2,2,0,0,0,5,5,The Minimalist Architect
8816,similarity,3,3,4,3,5,1,1,5,3,2,The Grounded Loyalist
8817,similarity,1,2,4,1,5,1,3,4,4,4,The Midnight Coder
8818,similarity,3,2,3,0,2,2,4,3,2,0,The Direct Idealist
8819,similarity,1,1,3,4,0,3,3,2,3,1,The Minimalist Architect
8820,similarity,5,1,2,3,4,5,4,1,1,3,The Free Spirit
8821,similarity,3,5,2,2,1,4,5,1,5,5,The Spontaneous Socialite
8822,similarity,5,0,2,0,1,5,4,4,0,2,The Pure Creator
8823,similarity,3,4,1,5,4,0,5,3,4,4,The Digital Nomad
8824,similarity,1,5,1,4,2,2,0,2,5,0,The Free Spirit
8825,similarity,3,3,5,2,0,1,5,1,3,2,The Aesthetic Rover
8826,similarity,1,4,0,1,5,2,0,1,5,5,The Pure Creator
8827,similarity,5,2,0,5,3,4,1,0,2,1,The Minimalist Architect
8828,similarity,1,1,5,4,0,5,3,5,4,1,The Quiet Observer
8829,similarity,5,1,5,3,4,0,2,2,1,4,The Focused Builder
8830,similarity,3,0,3,1,4,0,3,1,5,0,The Direct Idealist
8831,similarity,1,0,4,0,1,1,4,0,0,2,The Minimalist Architect
8832,similarity,3,5,4,4,5,2,3,0,4,5,The Calm Strategist
8833,similarity,1,5,3,3,2,4,4,5,0,1,The Focused Builder
8834,similarity,5,3,3,2,0,3,5,4,3,3,The Pure Creator
8835,similarity,1,4,3,0,5,4,4,3,5,0,The Spontaneous Socialite
8836,similarity,5,2,2,5,3,0,5,2,2,2,The Quiet Observer
8837,similarity,3,3,2,4,1,1,0,0,0,2,The Aesthetic Rover
8838,similarity,1,1,1,2,4,2,1,5,1,5,The Pure Creator
8839,similarity,3,2,1,1,4,1,1,4,5,1,The Midnight Coder
8840,similarity,1,0,1,5,1,3,2,3,1,3,The Quiet Observer
8841,similarity,5,1,0,4,5,4,3,2,4,5,The Focused Builder
8842,similarity,1,5,0,5,3,5,2,1,0,2,The Grounded Loyalist
8843,similarity,5,0,4,3,2,5,3,1,3,4,The Spontaneous Socialite
8844,similarity,3,4,5,2,0,0,4,0,5,0,The Calm Strategist
8845,similarity,1,3,5,1,3,1,3,3,2,3,The Focused Builder
8846,similarity,3,3,4,5,1,3,4,2,0,3,The Free Spirit
8847,similarity,1,1,4,4,1,2,5,1,2,5,The Spontaneous Socialite
8848,similarity,5,2,4,2,4,3,0,0,5,2,The Quiet Observer
8849,similarity,1,0,3,1,2,5,0,0,1,4,The Digital Nomad
8850,similarity,5,1,3,0,5,0,1,5,4,0,The Grounded Loyalist
8851,similarity,3,5,2,4,3,1,2,4,0,3,The Midnight Coder
8852,similarity,5,0,2,3,2,0,1,3,3,5,The Direct Idealist
8853,similarity,3,4,2,2,0,2,2,0,5,1,The Minimalist Architect
8854,similarity,1,5,1,0,4,3,3,0,3,4,The Grounded Loyalist
8855,similarity,5,3,1,5,1,4,2,5,0,4,The Spontaneous Socialite
8856,similarity,1,4,5,3,1,4,3,4,2,0,The Direct Idealist
8857,similarity,5,2,0,2,4,5,4,3,5,2,The Digital Nomad
8858,similarity,3,3,0,1,2,0,5,2,1,5,The Free Spirit
8859,similarity,5,1,5,5,0,2,4,1,4,1,The Aesthetic Rover
8860,similarity,3,1,5,4,5,3,0,1,0,3,The Pure Creator
8861,similarity,1,0,3,2,3,2,1,4,4,0,The Digital Nomad
8862,similarity,5,4,4,1,0,4,0,3,1,2,The Grounded Loyalist
8863,similarity,1,5,4,0,4,5,1,2,3,2,The Aesthetic Rover
8864,similarity,5,3,3,4,4,0,2,1,0,5,The Direct Idealist
8865,similarity,3,4,3,3,1,0,1,1,2,1,The Minimalist Architect
8866,similarity,5,2,3,2,5,1,2,0,5,3,The Calm Strategist
8867,similarity,2,3,2,2,2,2,3,5,1,0,The Direct Idealist
8868,similarity,0,1,2,1,0,3,4,4,5,2,The Minimalist Architect
8869,similarity,4,2,1,5,0,3,3,1,0,4,The Free Spirit
8870,similarity,0,0,1,4,3,4,4,0,4,1,The Focused Builder
8871,similarity,4,1,1,3,1,5,0,0,1,3,The Pure Creator
8872,similarity,2,5,0,1,4,1,5,5,3,3,The Digital Nomad
8873,similarity,4,5,0,0,4,2,0,4,1,5,The Quiet Observer
8874,similarity,2,4,4,5,1,1,1,3,2,2,The Aesthetic Rover
8875,similarity,0,4,5,3,5,3,0,2,0,4,The Pure Creator
8876,similarity,2,3,5,2,3,4,1,2,1,0,The Midnight Coder
8877,similarity,0,3,4,0,2,5,2,5,5,3,The Quiet Observer
8878,similarity,4,2,4,5,0,5,3,4,2,5,The Focused Builder
8879,similarity,2,0,4,4,3,0,2,3,4,1,The Direct Idealist
8880,similarity,4,1,3,2,1,1,3,2,2,4,The Spontaneous Socialite
8881,similarity,2,5,3,1,5,2,4,1,3,4,The Calm Strategist
8882,similarity,0,0,2,5,4,4,4,1,1,0,The Focused Builder
8883,similarity,2,4,2,4,2,3,5,0,2,3,The Free Spirit
8884,similarity,0,5,2,3,5,4,0,3,0,5,The Spontaneous Socialite
8885,similarity,4,3,1,1,3,0,5,2,1,1,The Quiet Observer
8886,similarity,2,3,1,0,3,1,0,1,5,4,The Aesthetic Rover
8887,similarity,4,2,5,5,0,0,1,0,3,0,The Grounded Loyalist
8888,similarity,2,2,0,3,4,2,0,0,4,2,The Midnight Coder
8889,similarity,0,1,0,2,1,3,1,5,2,4,The Quiet Observer
8890,similarity,2,1,5,0,1,4,2,4,3,5,The Minimalist Architect
8891,similarity,0,0,5,5,4,4,3,3,1,1,The Grounded Loyalist
8892,similarity,4,0,5,0,2,5,2,0,2,3,The Spontaneous Socialite
8893,similarity,2,5,4,4,0,0,4,0,0,0,The Calm Strategist
8894,similarity,4,3,4,3,5,2,5,5,2,2,The Digital Nomad
8895,similarity,2,4,3,2,3,3,4,4,5,4,The Free Spirit
8896,similarity,0,2,3,0,0,2,5,3,3,1,The Spontaneous Socialite
8897,similarity,2,3,3,5,4,3,0,2,4,3,The Pure Creator
8898,similarity,0,1,2,3,2,5,5,1,2,3,The Digital Nomad
8899,similarity,4,1,2,2,1,0,0,1,3,0,The Grounded Loyalist
8900,similarity,0,0,0,1,5,5,1,4,1,2,The Aesthetic Rover
8901,similarity,4,0,1,5,2,1,2,3,3,4,The Direct Idealist
8902,similarity,2,5,1,4,0,2,1,2,0,1,The Minimalist Architect
8903,similarity,0,5,0,3,0,3,3,1,4,3,The Grounded Loyalist
8904,similarity,2,4,0,1,3,5,4,1,5,5,The Focused Builder
8905,similarity,0,4,4,0,1,4,3,0,3,1,The Direct Idealist
8906,similarity,4,3,5,4,4,5,4,5,4,4,The Digital Nomad
8907,similarity,0,3,5,3,4,1,5,4,2,4,The Calm Strategist
8908,similarity,4,2,4,2,1,2,4,1,4,0,The Aesthetic Rover
8909,similarity,2,2,4,0,5,1,5,0,1,3,The Pure Creator
8910,similarity,0,0,4,5,3,2,0,0,3,5,The Digital Nomad
8911,similarity,2,5,3,3,2,4,1,5,0,1,The Quiet Observer
8912,similarity,0,5,3,2,0,5,0,4,4,4,The Aesthetic Rover
8913,similarity,4,4,2,1,3,0,1,3,0,0,The Direct Idealist
8914,similarity,0,4,2,5,1,0,3,2,3,2,The Midnight Coder
8915,similarity,4,3,2,4,5,1,2,1,5,5,The Calm Strategist
8916,similarity,2,3,1,3,4,2,3,5,2,5,The Focused Builder
8917,similarity,0,2,1,1,2,4,4,4,4,1,The Direct Idealist
8918,similarity,2,2,5,2,5,3,3,3,1,4,The Spontaneous Socialite
8919,similarity,0,1,0,0,3,4,4,2,3,0,The Calm Strategist
8920,similarity,4,1,0,5,3,0,5,1,1,2,The Aesthetic Rover
8921,similarity,0,0,5,4,0,1,0,1,4,4,The Free Spirit
8922,similarity,4,0,5,2,4,0,5,0,0,1,The Midnight Coder
8923,similarity,2,4,5,1,1,2,0,5,3,3,The Quiet Observer
8924,similarity,4,5,4,0,1,3,1,2,5,5,The Minimalist Architect
8925,similarity,2,3,4,4,5,4,1,1,2,0,The Grounded Loyalist
8926,similarity,0,4,3,3,2,5,2,0,4,2,The Midnight Coder
8927,similarity,4,2,3,1,0,5,3,0,2,4,The Calm Strategist
8928,similarity,0,1,3,0,3,0,2,5,5,1,The Minimalist Architect
8929,similarity,4,1,2,5,3,1,3,4,1,3,The Free Spirit
8930,similarity,2,0,2,3,0,3,4,3,4,5,The Spontaneous Socialite
8931,similarity,4,0,0,2,4,2,5,2,0,2,The Pure Creator
8932,similarity,2,5,1,1,2,3,4,0,3,4,The Digital Nomad
8933,similarity,0,5,1,5,1,5,5,5,5,0,The Free Spirit
8934,similarity,4,4,0,4,5,0,0,4,3,1,The Midnight Coder
8935,similarity,0,4,0,2,2,1,5,3,4,3,The Pure Creator
8936,similarity,4,2,4,1,0,1,1,2,2,5,The Minimalist Architect
8937,similarity,2,3,5,0,0,2,2,1,5,1,The Grounded Loyalist
8938,similarity,4,1,5,4,3,3,1,1,1,4,The Focused Builder
8939,similarity,2,2,4,3,1,4,2,4,4,0,The Direct Idealist
8940,similarity,0,0,4,1,4,4,3,3,0,2,The Minimalist Architect
8941,similarity,4,1,4,0,4,5,4,2,4,5,The Free Spirit
8942,similarity,0,5,3,5,2,0,3,1,5,5,The Focused Builder
8943,similarity,4,4,3,5,5,2,4,0,3,1,The Pure Creator
8944,similarity,2,4,2,4,3,1,5,0,0,4,The Digital Nomad
8945,similarity,4,3,2,3,0,2,4,5,2,0,The Quiet Observer
8946,similarity,2,3,2,1,0,4,5,4,5,2,The Aesthetic Rover
8947,similarity,0,2,1,0,3,5,1,1,1,5,The Pure Creator
8948,similarity,2,2,1,4,1,0,0,0,5,1,The Midnight Coder
8949,similarity,0,0,5,3,5,0,1,0,0,3,The Quiet Observer
8950,similarity,4,1,0,2,4,1,2,5,4,0,The Focused Builder
8951,similarity,2,5,0,0,2,2,3,4,5,0,The Direct Idealist
8952,similarity,4,0,5,5,5,4,2,3,3,2,The Spontaneous Socialite
8953,similarity,2,4,5,4,3,3,3,2,0,4,The Calm Strategist
8954,similarity,0,5,5,2,3,4,4,1,2,1,The Focused Builder
8955,similarity,2,3,4,1,0,5,3,5,0,3,The Free Spirit
8956,similarity,0,4,4,5,4,1,4,4,1,5,The Spontaneous Socialite
8957,similarity,4,2,3,4,1,2,5,3,5,2,The Quiet Observer
8958,similarity,2,3,3,3,1,1,5,2,0,4,The Aesthetic Rover
8959,similarity,4,1,3,1,5,3,0,1,4,0,The Grounded Loyalist
8960,similarity,2,0,2,0,2,4,1,1,0,1,The Midnight Coder
8961,similarity,0,0,2,5,0,5,2,0,3,3,The Quiet Observer
8962,similarity,2,4,0,3,3,5,1,5,1,5,The Minimalist Architect
8963,similarity,0,5,1,2,3,0,2,2,2,2,The Grounded Loyalist
8964,similarity,4,3,1,0,1,1,3,1,0,4,The Spontaneous Socialite
8965,similarity,2,4,0,5,4,3,2,0,1,0,The Calm Strategist
8966,similarity,4,2,0,4,2,2,3,0,5,2,The Digital Nomad
8967,similarity,2,3,4,2,1,3,4,5,1,5,The Free Spirit
8968,similarity,0,1,5,3,5,4,4,4,4,1,The Spontaneous Socialite
8969,similarity,2,2,5,1,2,0,5,3,2,1,The Pure Creator
8970,similarity,0,0,4,0,0,1,0,2,3,4,The Digital Nomad
8971,similarity,4,1,4,5,0,0,1,0,1,0,The Grounded Loyalist
8972,similarity,0,5,4,3,3,2,0,5,2,2,The Aesthetic Rover
8973,similarity,4,0,3,2,1,3,1,4,0,5,The Direct Idealist
8974,similarity,2,4,3,1,4,4,2,3,2,1,The Minimalist Architect
8975,similarity,0,4,1,5,2,4,1,2,5,3,The Grounded Loyalist
8976,similarity,2,3,2,4,2,5,2,1,1,0,The Focused Builder
8977,similarity,0,1,2,2,5,0,3,1,4,2,The Direct Idealist
8978,similarity,4,2,1,1,3,2,2,0,2,2,The Digital Nomad
8979,similarity,0,0,1,0,0,3,4,3,3,5,The Calm Strategist
8980,similarity,4,1,5,4,0,2,5,2,1,1,The Aesthetic Rover
8981,similarity,1,5,0,3,4,4,0,1,3,3,The Digital Nomad
8982,similarity,5,0,0,2,1,5,5,0,0,5,The Grounded Loyalist
8983,similarity,1,4,5,0,5,0,0,0,2,2,The Aesthetic Rover
8984,similarity,5,5,5,5,4,5,1,5,5,4,The Direct Idealist
8985,similarity,3,3,5,3,2,1,0,4,3,0,The Minimalist Architect
8986,similarity,5,4,4,2,5,2,1,3,4,1,The Calm Strategist
8987,similarity,3,2,4,1,3,3,2,0,2,3,The Focused Builder
8988,similarity,1,2,3,5,3,5,1,0,4,5,The Direct Idealist
8989,similarity,5,1,3,4,0,4,2,5,1,2,The Digital Nomad
8990,similarity,1,1,3,3,4,5,4,4,3,4,The Calm Strategist
8991,similarity,5,0,2,1,1,1,5,3,0,0,The Aesthetic Rover
8992,similarity,3,4,2,0,5,2,4,2,2,3,The Pure Creator
8993,similarity,5,5,0,4,5,1,5,1,5,5,The Midnight Coder
8994,similarity,3,3,1,5,2,3,0,5,3,1,The Quiet Observer
8995,similarity,1,4,1,4,0,4,5,4,5,2,The Aesthetic Rover
8996,similarity,3,2,0,2,3,5,0,3,2,4,The Grounded Loyalist
8997,similarity,1,3,0,1,3,4,1,2,4,0,The Midnight Coder
8998,similarity,5,1,0,5,1,0,0,1,1,2,The Calm Strategist
8999,similarity,3,2,5,4,4,1,1,1,3,5,The Focused Builder
9000,similarity,5,0,5,3,2,2,2,0,1,1,The Free Spirit
9001,similarity,3,0,4,1,1,4,4,5,2,3,The Spontaneous Socialite
9002,similarity,1,5,4,0,5,3,3,2,0,0,The Calm Strategist
9003,similarity,3,5,4,5,3,4,4,1,3,2,The Digital Nomad
9004,similarity,1,4,3,3,0,0,5,0,5,2,The Free Spirit
9005,similarity,5,4,3,2,0,1,4,0,2,5,The Midnight Coder
9006,similarity,3,3,1,0,3,0,5,5,4,1,The Quiet Observer
9007,similarity,5,3,2,5,1,2,0,4,2,3,The Minimalist Architect
9008,similarity,3,2,2,4,4,3,5,3,3,0,The Grounded Loyalist
9009,similarity,1,0,1,2,2,4,0,2,1,2,The Midnight Coder
9010,similarity,3,1,1,1,2,0,1,5,4,4,The Direct Idealist
9011,similarity,1,5,5,0,5,5,0,5,0,1,The Minimalist Architect
9012,similarity,5,0,0,4,3,0,2,4,3,3,The Free Spirit
9013,similarity,3,4,0,3,0,1,3,3,5,3,The Spontaneous Socialite
9014,similarity,5,4,5,1,0,3,4,2,3,5,The Pure Creator
9015,similarity,3,3,5,0,4,2,3,1,4,2,The Digital Nomad
9016,similarity,1,3,5,5,1,3,4,1,2,4,The Free Spirit
9017,similarity,3,2,4,3,5,5,5,0,3,0,The Aesthetic Rover
9018,similarity,1,2,4,2,4,0,4,3,1,3,The Pure Creator
9019,similarity,5,1,3,3,2,5,5,2,4,5,The Minimalist Architect
9020,similarity,1,1,3,1,0,1,0,1,0,1,The Quiet Observer
9021,similarity,5,0,3,0,3,2,5,0,4,4,The Focused Builder
9022,similarity,3,0,2,4,1,3,1,0,5,4,The Direct Idealist
9023,similarity,1,5,2,3,0,5,2,5,3,0,The Minimalist Architect
9024,similarity,3,5,0,2,4,4,3,4,4,3,The Calm Strategist
9025,similarity,1,4,1,0,1,5,2,3,2,5,The Focused Builder
9026,similarity,5,2,1,5,5,0,3,0,5,1,The Pure Creator
9027,similarity,1,2,0,3,5,2,4,0,1,4,The Spontaneous Socialite
9028,similarity,5,1,0,2,2,1,3,5,5,0,The Quiet Observer
9029,similarity,3,1,0,1,0,2,4,4,0,2,The Aesthetic Rover
9030,similarity,1,0,5,5,3,4,5,3,4,2,The Pure Creator
9031,similarity,3,0,5,4,3,5,4,2,5,5,The Midnight Coder
9032,similarity,1,5,4,3,1,0,5,1,3,1,The Quiet Observer
9033,similarity,5,5,4,1,4,0,1,1,4,3,The Focused Builder
9034,similarity,1,4,4,0,2,1,2,4,2,0,The Grounded Loyalist
9035,similarity,5,4,3,4,1,2,1,3,0,2,The Spontaneous Socialite
9036,similarity,3,3,3,3,5,4,2,2,1,4,The Calm Strategist
9037,similarity,1,3,1,2,3,3,3,1,5,1,The Focused Builder
9038,similarity,3,2,2,0,0,4,2,0,0,3,The Free Spirit
9039,similarity,1,2,2,5,4,0,3,0,4,3,The Spontaneous Socialite
9040,similarity,5,0,1,4,3,1,4,5,5,0,The Quiet Observer
9041,similarity,1,1,1,2,1,0,3,4,3,2,The Digital Nomad
9042,similarity,5,5,5,1,5,1,4,1,5,4,The Grounded Loyalist
9043,similarity,3,4,0,5,2,3,5,0,2,1,The Midnight Coder
9044,similarity,5,4,0,4,2,4,1,0,0,3,The Direct Idealist
9045,similarity,3,3,5,5,5,5,0,5,1,5,The Minimalist Architect
9046,similarity,1,3,5,3,3,5,1,4,5,1,The Grounded Loyalist
9047,similarity,5,2,5,2,0,0,2,3,1,4,The Spontaneous Socialite
9048,similarity,1,2,4,1,0,1,1,2,4,4,The Direct Idealist
9049,similarity,5,1,4,5,4,3,2,5,0,0,The Digital Nomad
9050,similarity,3,1,2,4,1,2,3,5,3,3,The Free Spirit
9051,similarity,5,0,3,2,5,3,2,4,1,5,The Aesthetic Rover
9052,similarity,3,0,3,1,4,5,3,3,2,1,The Pure Creator
9053,similarity,1,4,2,0,2,0,4,2,0,4,The Digital Nomad
9054,similarity,5,5,2,4,0,1,5,1,2,0,The Grounded Loyalist
9055,similarity,1,3,0,3,3,0,5,1,5,2,The Aesthetic Rover
9056,similarity,5,4,1,1,1,2,0,0,1,5,The Direct Idealist
9057,similarity,3,2,1,0,0,3,1,3,4,5,The Minimalist Architect
9058,similarity,5,1,0,5,4,4,0,2,0,1,The Calm Strategist
9059,similarity,3,1,0,3,2,4,1,1,3,4,The Focused Builder
9060,similarity,1,0,0,2,5,5,2,0,1,0,The Direct Idealist
9061,similarity,5,0,5,1,5,0,1,0,3,2,The Digital Nomad
9062,similarity,1,5,5,5,2,2,2,5,0,4,The Calm Strategist
9063,similarity,5,5,4,4,0,1,3,4,2,1,The Aesthetic Rover
9064,similarity,3,3,4,2,3,2,4,3,5,3,The Pure Creator
9065,similarity,5,4,4,1,3,4,3,0,1,3,The Midnight Coder
9066,similarity,3,2,3,0,1,5,5,0,4,0,The Quiet Observer
9067,similarity,1,3,3,4,4,0,0,5,0,2,The Aesthetic Rover
9068,similarity,3,1,1,3,2,0,5,4,4,4,The Grounded Loyalist
9069,similarity,1,2,2,2,5,1,0,3,1,1,The Midnight Coder
9070,similarity,5,0,2,2,5,2,1,2,3,3,The Calm Strategist
9071,similarity,3,1,1,1,3,3,0,1,0,5,The Focused Builder
9072,similarity,5,5,1,5,0,3,1,1,2,2,The Free Spirit
9073,similarity,3,0,1,4,4,4,2,4,5,4,The Spontaneous Socialite
9074,similarity,1,4,0,3,3,5,3,3,1,4,The Calm Strategist
9075,similarity,3,3,0,1,1,1,2,2,5,1,The Digital Nomad
9076,similarity,1,3,5,0,5,2,4,1,2,3,The Free Spirit
9077,similarity,5,1,5,5,2,1,5,0,4,5,The Midnight Coder
9078,similarity,3,2,5,3,2,3,4,0,1,1,The Quiet Observer
9079,similarity,5,0,4,2,5,4,5,5,3,4,The Minimalist Architect
9080,similarity,3,1,4,0,3,5,0,4,0,0,The Grounded Loyalist
9081,similarity,1,5,2,5,1,5,5,1,2,2,The Midnight Coder
9082,similarity,3,0,3,4,0,0,0,0,0,5,The Direct Idealist
9083,similarity,1,4,3,2,4,1,1,0,1,5,The Minimalist Architect
9084,similarity,5,5,2,1,1,2,2,5,5,1,The Free Spirit
9085,similarity,3,3,2,5,5,4,1,4,2,4,The Spontaneous Socialite
9086,similarity,5,4,0,4,2,3,2,3,4,0,The Pure Creator
9087,similarity,3,2,1,3,2,4,4,2,2,2,The Digital Nomad
9088,similarity,1,3,1,1,0,0,3,1,3,5,The Free Spirit
9089,similarity,3,1,0,0,3,1,4,5,1,1,The Aesthetic Rover
9090,similarity,1,1,0,5,1,0,5,4,2,3,The Pure Creator
9091,similarity,5,0,0,3,0,2,4,3,0,0,The Minimalist Architect
9092,similarity,1,4,5,2,4,3,5,2,3,0,The Quiet Observer
9093,similarity,5,5,5,0,2,4,0,1,5,2,The Focused Builder
9094,similarity,3,3,4,5,5,4,1,1,3,4,The Direct Idealist
9095,similarity,1,4,4,0,5,5,0,0,4,1,The Minimalist Architect
9096,similarity,2,2,4,4,2,0,1,5,2,3,The Focused Builder
9097,similarity,0,3,3,3,0,2,2,2,3,5,The Direct Idealist
9098,similarity,4,1,3,2,4,3,2,1,1,2,The Digital Nomad
9099,similarity,0,2,1,0,3,2,3,0,2,4,The Calm Strategist
9100,similarity,4,0,2,5,1,3,4,0,0,0,The Aesthetic Rover
9101,similarity,2,1,2,3,4,5,3,5,4,1,The Pure Creator
9102,similarity,0,5,1,2,2,0,4,4,5,3,The Digital Nomad
9103,similarity,2,5,1,1,5,5,5,3,3,5,The Quiet Observer
9104,similarity,0,4,1,5,5,1,0,0,4,2,The Aesthetic Rover
9105,similarity,4,4,0,4,3,2,5,5,2,4,The Direct Idealist
9106,similarity,0,3,0,3,0,3,0,5,3,0,The Midnight Coder
9107,similarity,4,1,5,1,4,5,1,4,1,3,The Calm Strategist
9108,similarity,2,2,5,0,3,4,0,3,3,5,The Focused Builder
9109,similarity,0,0,5,4,1,5,2,2,0,5,The Direct Idealist
9110,similarity,2,1,4,3,5,1,3,1,4,1,The Spontaneous Socialite
9111,similarity,0,5,4,2,2,2,2,1,5,4,The Calm Strategist
9112,similarity,4,0,2,0,2,1,3,4,3,0,The Aesthetic Rover
9113,similarity,0,4,3,5,5,2,4,3,4,2,The Free Spirit
9114,similarity,4,5,3,3,3,4,5,2,2,5,The Midnight Coder
9115,similarity,2,3,2,2,1,5,4,1,4,1,The Quiet Observer
9116,similarity,4,3,2,1,4,4,5,0,1,3,The Minimalist Architect
9117,similarity,2,2,0,5,4,0,0,0,5,0,The Grounded Loyalist
9118,similarity,0,2,1,4,1,1,5,5,0,0,The Midnight Coder
9119,similarity,4,1,1,3,5,2,0,4,4,2,The Calm Strategist
9120,similarity,0,1,0,1,3,4,2,1,5,5,The Minimalist Architect
9121,similarity,4,0,0,2,2,3,1,0,3,1,The Free Spirit
9122,similarity,2,0,0,0,0,4,2,0,5,3,The Spontaneous Socialite
9123,similarity,4,5,5,5,3,0,3,5,2,0,The Pure Creator
9124,similarity,2,3,5,4,1,1,2,4,4,2,The Digital Nomad
9125,similarity,0,4,3,2,0,0,3,3,1,4,The Free Spirit
9126,similarity,4,2,4,1,4,2,4,2,5,0,The Midnight Coder
9127,similarity,0,3,4,0,2,3,5,1,1,1,The Pure Creator
9128,similarity,4,1,3,4,5,4,4,5,4,3,The Minimalist Architect
9129,similarity,2,1,3,3,5,5,5,4,0,5,The Grounded Loyalist
9130,similarity,4,0,1,1,2,5,0,3,3,2,The Focused Builder
9131,similarity,2,0,2,0,0,0,0,2,5,4,The Direct Idealist
9132,similarity,0,5,2,5,4,1,1,1,2,0,The Minimalist Architect
9133,similarity,4,5,1,3,1,3,2,0,0,3,The Free Spirit
9134,similarity,0,4,1,2,1,2,1,0,2,5,The Focused Builder
9135,similarity,4,4,1,1,4,3,2,5,5,1,The Pure Creator
9136,similarity,2,3,0,5,2,5,3,2,1,2,The Digital Nomad
9137,similarity,4,3,0,4,0,0,4,1,4,4,The Quiet Observer
9138,similarity,2,2,5,2,5,5,3,0,0,0,The Aesthetic Rover
9139,similarity,0,2,5,1,3,1,4,0,3,2,The Pure Creator
9140,similarity,2,1,5,0,0,2,5,5,5,5,The Midnight Coder
9141,similarity,0,5,4,4,4,3,5,4,3,1,The Quiet Observer
9142,similarity,4,5,4,3,3,4,0,3,0,3,The Focused Builder
9143,similarity,2,4,2,1,1,4,1,2,2,0,The Direct Idealist
9144,similarity,4,4,3,0,5,5,0,5,5,2,The Spontaneous Socialite
9145,similarity,2,3,3,5,2,0,1,5,1,2,The Calm Strategist
9146,similarity,0,3,2,5,2,2,2,4,4,5,The Focused Builder
9147,similarity,2,2,2,4,5,1,3,3,0,1,The Free Spirit
9148,similarity,0,2,0,3,3,2,2,2,4,3,The Spontaneous Socialite
9149,similarity,4,1,1,1,1,4,3,1,5,0,The Quiet Observer
9150,similarity,2,1,1,0,4,5,4,1,3,2,The Aesthetic Rover
9151,similarity,4,0,0,4,4,0,3,0,0,4,The Grounded Loyalist
9152,similarity,2,0,0,3,1,0,5,3,2,1,The Midnight Coder
9153,similarity,0,5,0,2,5,1,0,2,5,1,The Quiet Observer
9154,similarity,2,5,5,0,3,2,5,1,1,3,The Minimalist Architect
9155,similarity,0,3,5,5,2,4,0,0,5,5,The Grounded Loyalist
9156,similarity,4,4,3,4,0,3,1,0,0,2,The Spontaneous Socialite
9157,similarity,2,2,4,2,3,4,2,5,4,4,The Calm Strategist
9158,similarity,4,1,4,1,1,5,1,4,1,0,The Digital Nomad
9159,similarity,2,1,3,5,1,1,2,1,3,3,The Free Spirit
9160,similarity,0,0,3,4,4,2,3,0,0,5,The Spontaneous Socialite
9161,similarity,2,0,1,3,2,1,2,0,2,1,The Pure Creator
9162,similarity,0,5,2,1,5,3,3,5,0,2,The Digital Nomad
9163,similarity,4,5,2,0,3,4,5,4,1,4,The Grounded Loyalist
9164,similarity,0,4,1,5,2,5,4,3,5,0,The Aesthetic Rover
9165,similarity,4,4,1,3,0,5,5,2,0,3,The Direct Idealist
9166,similarity,2,3,1,2,4,0,0,1,4,5,The Minimalist Architect
9167,similarity,0,3,0,0,1,1,1,5,1,1,The Grounded Loyalist
9168,similarity,2,1,0,5,1,3,0,4,3,4,The Focused Builder
9169,similarity,0,2,5,4,4,2,1,3,1,0,The Direct Idealist
9170,similarity,4,0,5,2,2,3,2,2,2,2,The Digital Nomad
9171,similarity,0,1,5,3,0,4,1,1,0,2,The Calm Strategist
9172,similarity,4,5,4,1,5,0,2,0,1,5,The Aesthetic Rover
9173,similarity,2,4,4,0,3,1,3,0,5,1,The Pure Creator
9174,similarity,0,4,2,5,0,0,3,5,3,3,The Digital Nomad
9175,similarity,2,3,3,3,4,2,4,2,4,0,The Quiet Observer
9176,similarity,0,3,3,2,4,3,5,1,2,2,The Aesthetic Rover
9177,similarity,4,2,2,1,1,4,0,0,3,4,The Direct Idealist
9178,similarity,0,2,2,5,5,4,5,0,1,1,The Midnight Coder
9179,similarity,4,1,2,4,2,5,0,5,2,3,The Calm Strategist
9180,similarity,2,1,1,2,0,0,1,4,0,3,The Focused Builder
9181,similarity,0,5,1,1,5,2,0,3,2,0,The Direct Idealist
9182,similarity,2,0,0,0,3,3,1,2,5,2,The Spontaneous Socialite
9183,similarity,0,4,0,4,1,2,2,5,3,4,The Calm Strategist
9184,similarity,4,5,0,3,4,4,1,5,4,1,The Aesthetic Rover
9185,similarity,0,3,5,2,4,5,3,4,2,3,The Free Spirit
9186,similarity,4,4,5,0,1,0,4,3,3,5,The Midnight Coder
9187,similarity,2,2,3,5,5,5,5,2,1,1,The Quiet Observer
9188,similarity,4,3,4,3,3,1,4,1,3,4,The Minimalist Architect
9189,similarity,2,1,4,2,2,2,5,1,0,4,The Grounded Loyalist
9190,similarity,0,0,3,1,0,3,0,0,2,0,The Midnight Coder
9191,similarity,4,0,3,5,3,3,5,3,5,3,The Calm Strategist
9192,similarity,0,5,1,4,1,4,0,2,3,5,The Minimalist Architect
9193,similarity,4,5,2,3,1,5,1,1,4,1,The Free Spirit
9194,similarity,2,3,2,1,4,1,0,0,2,4,The Spontaneous Socialite
9195,similarity,4,4,1,0,2,2,2,0,4,0,The Pure Creator
9196,similarity,2,2,1,4,5,1,3,5,1,2,The Digital Nomad
9197,similarity,0,3,1,5,3,3,4,4,3,3,The Free Spirit
9198,similarity,4,1,0,4,2,4,3,3,0,5,The Midnight Coder
9199,similarity,0,2,0,2,0,5,4,0,4,1,The Pure Creator
9200,similarity,4,0,4,1,4,4,5,5,5,4,The Minimalist Architect
9201,similarity,2,1,5,5,1,0,4,5,3,0,The Grounded Loyalist
9202,similarity,4,5,5,4,1,1,5,4,5,2,The Focused Builder
9203,similarity,2,0,4,3,4,2,0,3,2,4,The Direct Idealist
9204,similarity,0,4,4,1,2,4,5,2,4,1,The Minimalist Architect
9205,similarity,4,5,2,0,0,3,0,1,1,3,The Free Spirit
9206,similarity,0,3,3,5,5,4,2,1,3,3,The Focused Builder
9207,similarity,4,1,3,3,3,0,3,4,0,0,The Pure Creator
9208,similarity,2,2,2,2,0,1,2,3,4,2,The Digital Nomad
9209,similarity,4,0,2,0,4,0,3,2,0,4,The Quiet Observer
9210,similarity,1,1,2,5,4,2,4,1,3,1,The Pure Creator
9211,similarity,5,5,1,4,1,3,3,0,5,3,The Minimalist Architect
9212,similarity,1,0,1,2,5,4,4,0,2,5,The Quiet Observer
9213,similarity,5,4,0,1,2,4,5,5,4,2,The Focused Builder
9214,similarity,3,5,0,0,0,5,4,4,2,4,The Direct Idealist
9215,similarity,1,3,0,4,0,0,5,1,3,4,The Minimalist Architect
9216,similarity,3,4,5,3,3,1,0,0,1,1,The Calm Strategist
9217,similarity,1,2,5,1,1,3,2,0,4,3,The Focused Builder
9218,similarity,5,3,3,0,4,2,1,5,0,5,The Pure Creator
9219,similarity,1,1,4,5,4,3,2,4,3,1,The Spontaneous Socialite
9220,similarity,5,1,4,3,1,5,3,3,5,4,The Quiet Observer
9221,similarity,3,0,3,2,5,0,2,2,3,0,The Aesthetic Rover
9222,similarity,1,4,3,2,3,5,3,5,4,2,The Pure Creator
9223,similarity,3,5,1,1,2,1,4,5,2,5,The Midnight Coder
9224,similarity,1,3,2,0,0,2,3,4,5,5,The Quiet Observer
9225,similarity,5,4,2,4,3,3,4,3,1,1,The Focused Builder
9226,similarity,1,2,1,3,1,5,5,2,4,4,The Grounded Loyalist
9227,similarity,5,3,1,2,5,4,0,1,0,0,The Spontaneous Socialite
9228,similarity,3,1,1,0,4,5,0,0,4,2,The Calm Strategist
9229,similarity,1,2,0,5,2,0,1,0,5,5,The Focused Builder
9230,similarity,3,0,0,3,5,2,2,3,3,1,The Free Spirit
9231,similarity,1,0,4,2,3,1,1,2,4,3,The Spontaneous Socialite
9232,similarity,5,5,5,1,3,2,2,1,2,4,The Quiet Observer
9233,similarity,1,5,5,5,0,4,3,0,5,0,The Digital Nomad
9234,similarity,5,4,4,4,4,5,2,0,1,2,The Grounded Loyalist
9235,similarity,3,4,4,3,1,0,3,5,5,4,The Midnight Coder
9236,similarity,1,3,2,1,1,0,4,4,0,1,The Quiet Observer
9237,similarity,3,3,3,0,4,1,3,3,4,3,The Minimalist Architect
9238,similarity,1,2,3,4,2,2,4,0,5,5,The Grounded Loyalist
9239,similarity,5,0,2,3,0,4,0,5,3,2,The Spontaneous Socialite
9240,similarity,1,1,2,2,5,3,1,5,0,4,The Direct Idealist
9241,similarity,5,5,2,0,3,4,0,4,2,4,The Digital Nomad
9242,similarity,3,0,1,5,0,0,1,3,0,1,The Free Spirit
9243,similarity,5,4,1,4,4,1,2,2,1,3,The Aesthetic Rover
9244,similarity,3,4,5,2,2,0,1,1,5,5,The Pure Creator
9245,similarity,1,3,0,1,1,1,2,1,0,2,The Digital Nomad
9246,similarity,5,3,0,5,5,3,3,4,4,4,The Grounded Loyalist
9247,similarity,1,2,5,4,2,4,2,3,5,0,The Aesthetic Rover
9248,similarity,5,2,5,5,0,5,3,2,3,3,The Direct Idealist
9249,similarity,3,1,3,3,0,5,4,1,1,5,The Minimalist Architect
9250,similarity,5,1,4,2,3,0,0,0,2,5,The Calm Strategist
9251,similarity,3,0,4,0,1,1,5,0,0,1,The Focused Builder
9252,similarity,1,0,3,5,4,3,0,5,1,4,The Direct Idealist
9253,similarity,5,5,3,4,4,2,1,4,5,0,The Digital Nomad
9254,similarity,1,5,3,2,2,3,0,1,0,2,The Calm Strategist
9255,similarity,5,4,2,1,5,5,1,0,4,5,The Aesthetic Rover
9256,similarity,3,2,2,0,3,0,2,0,0,1,The Pure Creator
9257,similarity,5,2,1,4,2,1,1,5,3,3,The Midnight Coder
9258,similarity,3,1,1,3,0,0,2,4,1,0,The Quiet Observer
9259,similarity,1,1,1,1,3,2,3,3,2,0,The Aesthetic Rover
9260,similarity,5,0,0,0,1,3,5,2,0,2,The Direct Idealist
9261,similarity,1,0,0,5,5,4,4,1,2,5,The Midnight Coder
9262,similarity,5,5,4,3,4,4,5,5,5,1,The Calm Strategist
9263,similarity,3,5,5,2,2,5,0,4,1,3,The Focused Builder
9264,similarity,5,4,5,1,5,0,5,3,4,0,The Free Spirit
9265,similarity,3,4,4,5,3,2,0,2,2,2,The Spontaneous Socialite
9266,similarity,1,3,4,4,3,1,1,1,3,4,The Calm Strategist
9267,similarity,3,3,2,2,0,2,0,0,1,0,The Digital Nomad
9268,similarity,1,2,3,1,4,4,1,0,3,1,The Free Spirit
9269,similarity,5,2,3,0,1,5,2,5,0,3,The Midnight Coder
9270,similarity,3,0,2,4,1,0,3,2,2,5,The Quiet Observer
9271,similarity,5,5,2,3,5,0,3,1,5,2,The Minimalist Architect
9272,similarity,3,5,2,2,2,1,4,0,1,4,The Grounded Loyalist
9273,similarity,1,4,1,2,0,2,5,0,4,0,The Midnight Coder
9274,similarity,3,4,1,1,3,3,4,5,2,3,The Direct Idealist
9275,similarity,1,3,5,5,3,3,5,4,4,5,The Minimalist Architect
9276,similarity,5,3,0,4,0,4,0,3,1,5,The Free Spirit
9277,similarity,3,2,0,3,4,5,5,0,3,2,The Spontaneous Socialite
9278,similarity,5,2,5,1,2,1,0,5,0,4,The Pure Creator
9279,similarity,3,1,5,0,1,2,1,5,2,0,The Digital Nomad
9280,similarity,1,1,3,4,5,1,2,4,5,3,The Free Spirit
9281,similarity,3,0,4,3,2,3,1,3,3,5,The Aesthetic Rover
9282,similarity,1,0,4,2,0,4,3,2,5,1,The Pure Creator
9283,similarity,5,4,3,0,0,5,4,1,2,3,The Minimalist Architect
9284,similarity,3,5,3,5,3,5,3,1,4,0,The Grounded Loyalist
9285,similarity,5,3,3,4,1,0,4,4,1,0,The Focused Builder
9286,similarity,3,4,2,2,4,1,5,3,3,2,The Direct Idealist
9287,similarity,1,2,2,1,4,2,4,2,0,5,The Minimalist Architect
9288,similarity,3,1,1,5,2,2,5,1,2,1,The Calm Strategist
9289,similarity,1,1,1,4,5,3,0,0,0,3,The Focused Builder
9290,similarity,5,0,1,3,3,4,1,0,3,0,The Pure Creator
9291,similarity,1,0,0,1,0,0,0,5,5,2,The Spontaneous Socialite
9292,similarity,5,5,0,0,0,1,1,4,2,4,The Quiet Observer
9293,similarity,3,5,4,5,4,0,3,1,4,1,The Aesthetic Rover
9294,similarity,1,4,5,3,1,2,2,0,1,1,The Pure Creator
9295,similarity,3,4,5,2,5,3,3,5,3,3,The Midnight Coder
9296,similarity,1,2,4,0,4,4,4,5,1,5,The Quiet Observer
9297,similarity,5,3,4,5,2,4,3,4,2,2,The Focused Builder
9298,similarity,1,1,2,0,5,5,4,3,0,4,The Grounded Loyalist
9299,similarity,5,2,3,4,3,0,5,2,3,0,The Spontaneous Socialite
9300,similarity,3,0,3,3,3,2,0,1,5,3,The Calm Strategist
9301,similarity,1,1,2,2,0,3,5,5,3,5,The Focused Builder
9302,similarity,3,5,2,0,4,2,0,4,4,1,The Free Spirit
9303,similarity,1,0,2,5,1,3,1,3,2,2,The Spontaneous Socialite
9304,similarity,5,4,1,3,1,5,1,2,3,4,The Quiet Observer
9305,similarity,1,3,1,2,5,0,2,1,1,0,The Digital Nomad
9306,similarity,5,3,5,1,2,5,3,0,4,3,The Grounded Loyalist
9307,similarity,3,2,0,5,0,1,2,0,0,5,The Midnight Coder
9308,similarity,1,2,0,4,3,2,3,5,4,1,The Quiet Observer
9309,similarity,3,0,5,2,3,3,4,2,5,4,The Minimalist Architect
9310,similarity,1,1,5,1,1,3,5,1,3,0,The Grounded Loyalist
9311,similarity,5,5,3,0,4,4,4,0,4,2,The Spontaneous Socialite
9312,similarity,1,0,4,4,2,5,5,0,2,2,The Direct Idealist
9313,similarity,5,4,4,3,1,1,0,5,3,5,The Digital Nomad
9314,similarity,3,5,3,2,5,2,0,4,1,1,The Free Spirit
9315,similarity,5,3,3,0,2,1,1,3,5,3,The Aesthetic Rover
9316,similarity,3,4,3,5,0,2,2,2,0,0,The Pure Creator
9317,similarity,1,2,2,3,0,4,1,5,4,2,The Digital Nomad
9318,similarity,5,3,2,2,3,5,2,5,5,4,The Grounded Loyalist
9319,similarity,1,1,0,1,1,4,3,4,3,1,The Aesthetic Rover
9320,similarity,5,2,1,5,4,0,4,3,4,1,The Direct Idealist
9321,similarity,3,0,1,4,2,1,3,2,2,3,The Minimalist Architect
9322,similarity,5,4,0,3,2,2,4,1,0,0,The Calm Strategist
9323,similarity,3,5,0,1,5,4,5,0,1,2,The Focused Builder
9324,similarity,0,3,4,2,3,3,4,0,5,4,The Minimalist Architect
9325,similarity,4,4,5,0,0,4,0,3,0,1,The Free Spirit
9326,similarity,0,2,5,5,0,0,1,2,4,3,The Focused Builder
9327,similarity,4,3,4,4,4,1,0,1,5,5,The Pure Creator
9328,similarity,2,1,4,2,1,0,1,0,3,1,The Digital Nomad
9329,similarity,4,2,2,1,5,2,2,0,5,2,The Quiet Observer
9330,similarity,2,0,3,0,4,3,3,5,2,4,The Aesthetic Rover
9331,similarity,0,1,3,4,2,4,2,4,0,0,The Pure Creator
9332,similarity,4,5,2,3,0,5,3,1,1,3,The Minimalist Architect
9333,similarity,0,0,2,1,3,5,4,0,5,5,The Quiet Observer
9334,similarity,4,4,2,0,3,0,3,5,0,1,The Focused Builder
9335,similarity,2,4,1,5,0,1,4,5,4,4,The Direct Idealist
9336,similarity,4,3,1,3,4,3,0,4,0,0,The Spontaneous Socialite
9337,similarity,2,1,5,2,1,2,5,3,3,2,The Calm Strategist
9338,similarity,0,2,0,0,5,3,0,2,5,3,The Focused Builder
9339,similarity,2,0,0,5,5,5,1,1,2,5,The Free Spirit
9340,similarity,0,1,5,4,2,0,2,5,0,1,The Spontaneous Socialite
9341,similarity,4,5,5,2,0,5,1,4,1,4,The Quiet Observer
9342,similarity,2,0,3,1,3,1,2,3,5,0,The Aesthetic Rover
9343,similarity,4,4,4,0,3,2,3,2,1,2,The Grounded Loyalist
9344,similarity,2,5,4,4,1,3,2,1,4,4,The Midnight Coder
9345,similarity,0,3,3,3,4,4,3,0,0,1,The Quiet Observer
9346,similarity,2,4,3,1,2,4,4,0,3,3,The Minimalist Architect
9347,similarity,0,2,3,0,1,5,4,5,1,3,The Grounded Loyalist
9348,similarity,4,2,2,5,5,0,5,2,3,0,The Spontaneous Socialite
9349,similarity,2,1,2,5,3,2,0,1,0,2,The Calm Strategist
9350,similarity,4,1,0,4,0,1,5,0,2,4,The Digital Nomad
9351,similarity,2,0,1,3,0,2,0,0,5,1,The Free Spirit
9352,similarity,0,0,1,1,3,4,1,5,1,3,The Spontaneous Socialite
9353,similarity,2,5,0,0,1,5,2,4,4,5,The Pure Creator
9354,similarity,0,3,0,4,4,0,1,3,0,2,The Digital Nomad
9355,similarity,4,4,4,3,2,0,2,2,4,4,The Grounded Loyalist
9356,similarity,2,2,5,2,2,1,3,5,1,4,The Midnight Coder
9357,similarity,4,3,5,0,5,2,2,5,3,1,The Direct Idealist
9358,similarity,2,1,4,5,3,4,4,4,0,3,The Minimalist Architect
9359,similarity,0,2,4,4,0,3,5,3,2,5,The Grounded Loyalist
9360,similarity,2,0,4,2,0,4,4,2,5,1,The Focused Builder
9361,similarity,0,0,3,1,4,5,5,1,1,4,The Direct Idealist
9362,similarity,4,5,3,5,1,1,0,0,5,0,The Digital Nomad
9363,similarity,0,5,2,4,5,0,1,0,0,2,The Calm Strategist
9364,similarity,4,4,2,3,4,1,0,3,4,3,The Aesthetic Rover
9365,similarity,2,4,2,1,2,3,1,2,1,5,The Pure Creator
9366,similarity,0,3,1,0,0,4,2,1,3,1,The Digital Nomad
9367,similarity,2,3,1,4,3,5,1,0,0,4,The Quiet Observer
9368,similarity,0,2,5,3,1,5,2,0,2,0,The Aesthetic Rover
9369,similarity,4,2,0,2,0,0,4,5,0,2,The Direct Idealist
9370,similarity,0,1,0,0,4,1,3,4,1,5,The Midnight Coder
9371,similarity,4,5,5,5,2,3,4,3,5,1,The Calm Strategist
9372,similarity,2,0,5,4,5,2,5,0,2,3,The Focused Builder
9373,similarity,0,4,3,2,5,3,0,5,4,4,The Direct Idealist
9374,similarity,2,4,4,3,2,5,5,5,1,0,The Spontaneous Socialite
9375,similarity,0,3,4,1,0,0,0,4,3,2,The Calm Strategist
9376,similarity,4,3,3,0,3,1,1,3,1,4,The Aesthetic Rover
9377,similarity,0,2,3,5,3,0,0,2,2,1,The Free Spirit
9378,similarity,4,2,3,3,1,2,1,1,0,3,The Midnight Coder
9379,similarity,2,1,2,2,4,3,3,1,1,5,The Quiet Observer
9380,similarity,0,1,2,1,2,4,2,4,5,2,The Aesthetic Rover
9381,similarity,2,0,0,5,1,4,3,3,2,4,The Grounded Loyalist
9382,similarity,0,0,1,4,5,5,4,2,4,4,The Midnight Coder
9383,similarity,4,5,1,2,3,0,5,1,2,1,The Calm Strategist
9384,similarity,0,5,0,1,0,2,4,0,3,3,The Minimalist Architect
9385,similarity,4,3,0,0,4,1,5,0,1,5,The Free Spirit
9386,similarity,2,2,4,4,3,2,0,5,2,2,The Spontaneous Socialite
9387,similarity,4,2,5,3,1,4,5,2,0,4,The Pure Creator
9388,similarity,2,1,5,2,5,5,0,1,4,0,The Digital Nomad
9389,similarity,0,1,4,0,2,0,1,0,5,3,The Free Spirit
9390,similarity,4,0,4,5,2,5,1,5,3,5,The Midnight Coder
9391,similarity,0,0,4,3,5,1,2,5,4,5,The Pure Creator
9392,similarity,4,5,3,2,3,2,3,4,2,1,The Minimalist Architect
9393,similarity,2,5,3,1,0,3,4,3,3,4,The Grounded Loyalist
9394,similarity,4,4,1,5,0,3,3,2,1,0,The Focused Builder
9395,similarity,2,4,2,4,4,4,4,5,3,2,The Direct Idealist
9396,similarity,0,3,2,2,1,5,5,5,0,5,The Minimalist Architect
9397,similarity,4,3,1,1,5,1,4,4,4,1,The Free Spirit
9398,similarity,0,1,1,0,4,2,5,3,5,3,The Focused Builder
9399,similarity,4,2,5,4,2,1,0,2,3,4,The Pure Creator
9400,similarity,2,0,0,5,0,3,5,1,4,0,The Digital Nomad
9401,similarity,4,1,0,4,3,4,1,0,2,2,The Quiet Observer
9402,similarity,2,5,5,2,1,5,2,0,4,5,The Aesthetic Rover
9403,similarity,0,4,5,1,0,5,3,3,1,1,The Pure Creator
9404,similarity,4,4,3,5,4,0,2,2,3,3,The Minimalist Architect
9405,similarity,0,3,4,4,2,1,3,1,0,0,The Quiet Observer
9406,similarity,4,3,4,3,5,2,4,0,4,2,The Focused Builder
9407,similarity,2,2,3,1,5,4,3,0,5,4,The Direct Idealist
9408,similarity,4,2,3,0,2,3,4,5,3,4,The Spontaneous Socialite
9409,similarity,2,1,3,5,0,4,5,4,5,1,The Calm Strategist
9410,similarity,0,1,2,3,4,0,4,3,2,3,The Focused Builder
9411,similarity,2,5,2,2,3,1,5,0,4,5,The Free Spirit
9412,similarity,0,0,0,0,1,0,1,5,1,2,The Spontaneous Socialite
9413,similarity,4,4,1,5,4,2,2,5,5,4,The Quiet Observer
9414,similarity,2,5,1,4,2,3,1,4,0,0,The Aesthetic Rover
9415,similarity,4,3,0,2,5,4,2,3,4,3,The Grounded Loyalist
9416,similarity,2,4,0,1,5,4,3,2,0,5,The Midnight Coder
9417,similarity,0,2,4,0,3,5,2,1,3,5,The Quiet Observer
9418,similarity,2,3,5,4,0,0,3,0,5,2,The Minimalist Architect
9419,similarity,0,1,5,3,4,1,4,4,2,4,The Grounded Loyalist
9420,similarity,4,0,4,1,3,3,3,3,4,0,The Spontaneous Socialite
9421,similarity,2,0,4,0,1,2,4,2,1,3,The Calm Strategist
9422,similarity,4,5,4,5,5,3,5,1,5,5,The Digital Nomad
9423,similarity,2,5,3,3,2,5,1,0,1,1,The Free Spirit
9424,similarity,0,3,3,2,2,0,0,0,4,3,The Spontaneous Socialite
9425,similarity,2,4,1,2,5,5,1,5,0,0,The Pure Creator
9426,similarity,0,2,2,1,3,1,2,4,3,0,The Digital Nomad
9427,similarity,4,3,2,0,1,2,1,1,5,2,The Grounded Loyalist
9428,similarity,2,1,1,4,0,3,2,0,3,5,The Midnight Coder
9429,similarity,4,2,1,3,4,5,3,5,0,1,The Direct Idealist
9430,similarity,2,0,5,2,1,4,2,5,2,3,The Minimalist Architect
9431,similarity,0,1,0,0,5,5,3,4,5,0,The Grounded Loyalist
9432,similarity,2,5,0,5,2,1,4,3,1,2,The Focused Builder
9433,similarity,0,0,5,3,2,2,0,2,4,4,The Direct Idealist
9434,similarity,4,4,5,2,0,1,5,1,0,1,The Digital Nomad
9435,similarity,0,3,5,1,3,2,0,5,4,1,The Calm Strategist
9436,similarity,4,3,4,5,1,4,1,4,5,3,The Aesthetic Rover
9437,similarity,2,1,4,4,0,5,0,3,3,0,The Pure Creator
9438,similarity,0,2,3,3,4,4,1,2,0,2,The Digital Nomad
9439,similarity,1,0,3,1,2,0,2,1,2,4,The Aesthetic Rover
9440,similarity,5,1,3,0,5,1,1,0,5,0,The Direct Idealist
9441,similarity,3,5,2,4,5,2,2,0,1,3,The Minimalist Architect
9442,similarity,5,0,2,3,2,4,3,3,5,5,The Calm Strategist
9443,similarity,3,4,0,2,0,3,4,2,0,5,The Focused Builder
9444,similarity,1,5,1,0,4,4,4,1,4,2,The Direct Idealist
9445,similarity,5,3,1,5,3,0,5,0,5,4,The Digital Nomad
9446,similarity,1,4,0,4,1,1,0,0,3,0,The Calm Strategist
9447,similarity,5,2,0,2,4,0,5,5,0,3,The Aesthetic Rover
9448,similarity,3,3,4,1,2,1,0,4,2,5,The Pure Creator
9449,similarity,5,1,5,5,5,3,1,3,0,1,The Midnight Coder
9450,similarity,3,1,5,4,5,4,0,0,1,4,The Quiet Observer
9451,similarity,1,0,4,5,3,5,1,5,5,0,The Aesthetic Rover
9452,similarity,5,4,4,3,0,5,2,5,0,0,The Direct Idealist
9453,similarity,1,5,4,2,4,0,3,4,4,3,The Midnight Coder
9454,similarity,5,3,3,0,3,1,2,3,1,5,The Calm Strategist
9455,similarity,3,4,3,5,1,3,4,2,3,1,The Focused Builder
9456,similarity,5,2,1,4,5,2,5,1,1,3,The Free Spirit
9457,similarity,3,3,2,2,2,3,4,0,2,0,The Spontaneous Socialite
9458,similarity,1,1,2,1,2,5,5,4,0,2,The Calm Strategist
9459,similarity,3,2,1,0,5,0,0,3,1,4,The Digital Nomad
9460,similarity,1,0,1,4,3,5,5,2,5,1,The Free Spirit
9461,similarity,5,1,5,3,1,1,0,1,0,1,The Midnight Coder
9462,similarity,3,5,0,1,4,2,1,0,4,3,The Quiet Observer
9463,similarity,5,5,0,0,4,3,0,0,2,0,The Minimalist Architect
9464,similarity,3,4,5,5,1,4,1,5,3,2,The Grounded Loyalist
9465,similarity,1,4,5,3,5,4,2,4,1,4,The Midnight Coder
9466,similarity,3,3,5,2,3,5,4,1,2,1,The Direct Idealist
9467,similarity,1,3,4,1,2,0,3,0,0,3,The Minimalist Architect
9468,similarity,5,2,4,5,0,2,4,5,1,5,The Free Spirit
9469,similarity,3,0,2,4,3,1,5,5,5,1,The Spontaneous Socialite
9470,similarity,5,1,3,2,1,2,4,4,3,2,The Pure Creator
9471,similarity,3,5,3,1,0,4,5,3,4,4,The Digital Nomad
9472,similarity,1,0,2,0,4,5,0,2,2,0,The Free Spirit
9473,similarity,3,4,2,4,2,0,5,1,3,3,The Aesthetic Rover
9474,similarity,1,5,0,3,5,0,0,5,1,5,The Pure Creator
9475,similarity,5,3,1,2,5,1,1,4,3,1,The Minimalist Architect
9476,similarity,3,3,1,2,2,2,2,3,0,4,The Grounded Loyalist
9477,similarity,5,2,0,1,0,3,2,2,2,0,The Focused Builder
9478,similarity,3,2,0,5,4,3,3,1,5,2,The Direct Idealist
9479,similarity,1,1,4,4,1,4,4,0,3,3,The Minimalist Architect
9480,similarity,3,1,5,3,1,5,3,0,4,5,The Calm Strategist
9481,similarity,1,0,5,1,4,1,4,5,2,1,The Focused Builder
9482,similarity,5,0,4,0,2,2,5,2,4,4,The Pure Creator
9483,similarity,1,5,4,4,0,1,4,1,1,0,The Spontaneous Socialite
9484,similarity,5,5,4,3,5,3,5,0,3,2,The Quiet Observer
9485,similarity,3,4,3,2,3,4,0,5,0,4,The Aesthetic Rover
9486,similarity,1,2,3,0,0,5,1,5,2,1,The Pure Creator
9487,similarity,3,3,1,5,4,5,0,4,5,1,The Midnight Coder
9488,similarity,1,1,2,4,3,0,2,3,3,3,The Quiet Observer
9489,similarity,5,1,2,2,1,1,3,2,5,0,The Focused Builder
9490,similarity,1,0,1,1,5,3,2,5,2,2,The Grounded Loyalist
9491,similarity,5,0,1,5,2,2,3,5,4,4,The Spontaneous Socialite
9492,similarity,3,5,5,4,2,3,4,4,1,1,The Calm Strategist
9493,similarity,1,5,0,3,5,4,3,3,3,3,The Focused Builder
9494,similarity,3,4,0,1,3,0,4,2,0,5,The Free Spirit
9495,similarity,1,4,5,0,1,1,5,1,4,2,The Spontaneous Socialite
9496,similarity,5,3,5,5,4,0,0,0,0,2,The Quiet Observer
9497,similarity,1,3,5,3,4,2,5,4,3,4,The Digital Nomad
9498,similarity,5,2,4,2,1,3,1,3,5,1,The Grounded Loyalist
9499,similarity,3,2,4,0,5,4,2,2,2,3,The Midnight Coder
9500,similarity,1,1,2,5,3,4,1,1,4,5,The Quiet Observer
9501,similarity,3,5,3,0,2,5,2,0,1,1,The Minimalist Architect
9502,similarity,1,5,3,4,0,0,3,0,3,4,The Grounded Loyalist
9503,similarity,5,4,2,3,3,2,2,5,1,0,The Spontaneous Socialite
9504,similarity,1,4,2,2,1,3,3,4,4,2,The Direct Idealist
9505,similarity,5,3,0,0,1,2,4,1,0,3,The Digital Nomad
9506,similarity,3,3,1,5,4,3,5,0,3,5,The Free Spirit
9507,similarity,5,2,1,3,2,5,4,5,5,1,The Aesthetic Rover
9508,similarity,3,2,0,2,5,0,5,5,2,4,The Pure Creator
9509,similarity,1,1,0,1,3,5,1,4,4,0,The Digital Nomad
9510,similarity,5,1,0,5,2,1,0,3,2,2,The Grounded Loyalist
9511,similarity,1,0,5,4,0,2,1,2,3,5,The Aesthetic Rover
9512,similarity,5,0,5,2,4,3,2,1,1,1,The Direct Idealist
9513,similarity,3,5,4,1,1,3,1,4,4,3,The Minimalist Architect
9514,similarity,5,5,4,0,1,4,2,4,0,4,The Calm Strategist
9515,similarity,3,3,4,4,4,5,3,3,4,0,The Focused Builder
9516,similarity,1,4,3,3,2,1,4,2,5,2,The Direct Idealist
9517,similarity,5,2,3,2,0,2,3,1,3,4,The Digital Nomad
9518,similarity,1,1,1,0,5,1,4,0,4,1,The Calm Strategist
9519,similarity,5,1,2,5,3,3,5,0,2,3,The Aesthetic Rover
9520,similarity,3,0,2,3,0,4,5,5,5,5,The Pure Creator
9521,similarity,5,0,1,2,4,5,0,2,1,2,The Midnight Coder
9522,similarity,3,5,1,1,4,4,1,1,5,4,The Quiet Observer
9523,similarity,1,5,5,5,1,0,0,0,0,4,The Aesthetic Rover
9524,similarity,5,4,0,4,5,1,1,5,4,1,The Direct Idealist
9525,similarity,1,4,0,3,2,2,2,5,5,3,The Midnight Coder
9526,similarity,5,3,5,1,0,4,3,4,3,5,The Calm Strategist
9527,similarity,3,3,5,2,5,3,2,3,4,2,The Focused Builder
9528,similarity,5,1,5,0,3,4,3,2,2,4,The Free Spirit
9529,similarity,3,2,4,5,1,0,4,5,0,0,The Spontaneous Socialite
9530,similarity,1,0,4,4,4,1,3,5,1,3,The Calm Strategist
9531,similarity,3,1,2,2,4,0,5,4,5,3,The Digital Nomad
9532,similarity,1,5,3,1,1,2,0,3,0,5,The Free Spirit
9533,similarity,5,0,3,0,5,3,5,2,4,1,The Midnight Coder
9534,similarity,3,4,2,4,3,4,0,1,5,4,The Quiet Observer
9535,similarity,5,3,2,3,2,3,1,0,3,0,The Minimalist Architect
9536,similarity,3,3,0,1,0,5,2,0,1,2,The Grounded Loyalist
9537,similarity,1,2,1,0,3,0,1,3,2,5,The Midnight Coder
9538,similarity,3,2,1,5,1,1,2,2,0,1,The Direct Idealist
9539,similarity,1,0,0,3,1,3,3,1,1,3,The Minimalist Architect
9540,similarity,5,1,0,2,4,2,2,0,5,4,The Free Spirit
9541,similarity,3,5,0,0,2,3,3,0,0,0,The Spontaneous Socialite
9542,similarity,5,0,5,5,5,5,5,5,4,2,The Pure Creator
9543,similarity,3,4,5,4,3,0,4,4,0,5,The Digital Nomad
9544,similarity,1,5,3,2,3,5,5,3,3,1,The Free Spirit
9545,similarity,3,3,4,1,0,1,0,0,1,3,The Aesthetic Rover
9546,similarity,1,4,4,0,4,2,1,5,2,0,The Pure Creator
9547,similarity,5,2,3,4,1,3,0,5,0,2,The Minimalist Architect
9548,similarity,3,3,3,3,1,5,1,4,1,4,The Grounded Loyalist
9549,similarity,5,1,1,1,4,4,2,3,5,4,The Focused Builder
9550,similarity,3,0,2,0,2,5,1,2,1,1,The Direct Idealist
9551,similarity,1,0,2,5,0,0,2,1,4,3,The Minimalist Architect
9552,similarity,3,4,1,5,5,2,4,4,0,5,The Calm Strategist
9553,similarity,0,5,1,4,3,1,3,4,3,2,The Direct Idealist
9554,similarity,4,3,5,3,0,2,4,3,1,4,The Digital Nomad
9555,similarity,0,4,0,1,4,4,5,2,2,0,The Calm Strategist
9556,similarity,4,2,0,0,2,5,0,1,0,3,The Aesthetic Rover
9557,similarity,2,3,5,4,1,4,5,0,2,5,The Pure Creator
9558,similarity,0,1,5,3,5,0,0,0,5,5,The Digital Nomad
9559,similarity,2,2,5,2,2,1,1,5,1,2,The Quiet Observer
9560,similarity,0,0,4,0,0,2,0,2,4,4,The Aesthetic Rover
9561,similarity,4,1,4,5,0,4,1,1,2,0,The Direct Idealist
9562,similarity,0,5,2,3,3,3,2,0,4,3,The Midnight Coder
9563,similarity,4,0,3,2,1,4,2,5,1,5,The Calm Strategist
9564,similarity,2,4,3,1,4,5,3,5,3,1,The Focused Builder
9565,similarity,0,4,2,5,4,1,4,4,0,3,The Direct Idealist
9566,similarity,2,3,2,4,1,0,5,3,2,4,The Spontaneous Socialite
9567,similarity,0,1,0,3,5,1,4,2,5,0,The Calm Strategist
9568,similarity,4,2,1,1,3,3,5,5,1,2,The Aesthetic Rover
9569,similarity,0,0,1,0,2,4,0,5,5,5,The Free Spirit
9570,similarity,4,1,0,4,0,5,5,4,2,1,The Midnight Coder
9571,similarity,2,5,0,3,3,5,0,3,4,3,The Quiet Observer
9572,similarity,0,0,0,2,1,0,1,2,1,0,The Aesthetic Rover
9573,similarity,2,4,5,0,5,1,0,1,3,2,The Grounded Loyalist
9574,similarity,0,5,5,5,4,3,2,0,0,4,The Midnight Coder
9575,similarity,4,3,3,4,2,2,3,0,2,5,The Calm Strategist
9576,similarity,0,4,4,2,5,3,2,3,0,1,The Minimalist Architect
9577,similarity,4,2,4,3,3,5,3,2,3,3,The Free Spirit
9578,similarity,2,2,3,1,3,0,4,1,5,0,The Spontaneous Socialite
9579,similarity,4,1,3,0,0,1,5,0,2,2,The Pure Creator
9580,similarity,2,1,1,5,4,0,4,5,4,4,The Digital Nomad
9581,similarity,0,0,2,3,1,2,5,5,1,0,The Free Spirit
9582,similarity,4,0,2,2,1,3,0,4,3,3,The Midnight Coder
9583,similarity,0,5,1,1,5,4,5,3,1,5,The Pure Creator
9584,similarity,4,3,1,5,2,4,0,0,2,5,The Minimalist Architect
9585,similarity,2,4,5,4,0,5,2,5,0,2,The Grounded Loyalist
9586,similarity,4,2,0,2,5,0,1,5,3,4,The Focused Builder
9587,similarity,2,3,0,1,3,2,2,4,5,0,The Direct Idealist
9588,similarity,0,1,5,0,0,1,3,3,2,3,The Minimalist Architect
9589,similarity,4,2,5,4,4,2,4,2,4,5,The Free Spirit
9590,similarity,0,0,5,3,2,4,3,1,2,1,The Focused Builder
9591,similarity,4,0,4,1,1,5,4,0,3,4,The Pure Creator
9592,similarity,2,5,4,0,5,0,5,4,1,0,The Digital Nomad
9593,similarity,4,5,2,5,2,5,4,3,2,0,The Quiet Observer
9594,similarity,2,4,3,3,0,1,5,2,0,3,The Aesthetic Rover
9595,similarity,0,4,3,2,0,2,0,1,3,5,The Pure Creator
9596,similarity,4,3,2,1,3,3,0,0,5,1,The Minimalist Architect
9597,similarity,0,3,2,5,1,3,1,0,3,3,The Quiet Observer
9598,similarity,4,2,0,4,4,4,2,5,4,0,The Focused Builder
9599,similarity,2,2,1,2,4,5,3,4,2,2,The Direct Idealist
9600,similarity,4,1,1,1,2,1,2,1,3,4,The Spontaneous Socialite
9601,similarity,2,5,0,0,5,2,3,0,1,1,The Calm Strategist
9602,similarity,0,0,0,4,3,1,4,5,5,1,The Focused Builder
9603,similarity,2,4,0,5,0,3,3,5,0,3,The Free Spirit
9604,similarity,0,4,5,4,0,4,4,4,4,0,The Spontaneous Socialite
9605,similarity,4,3,5,2,3,5,5,3,5,2,The Quiet Observer
9606,similarity,2,3,3,1,1,5,5,2,3,4,The Aesthetic Rover
9607,similarity,4,2,4,5,5,0,0,5,4,1,The Grounded Loyalist
9608,similarity,2,2,4,4,4,1,1,4,2,3,The Midnight Coder
9609,similarity,0,1,3,3,2,2,2,4,4,5,The Quiet Observer
9610,similarity,2,1,3,1,5,2,1,3,1,0,The Minimalist Architect
9611,similarity,0,0,1,0,3,3,2,2,5,2,The Grounded Loyalist
9612,similarity,4,0,2,5,3,4,3,1,0,4,The Spontaneous Socialite
9613,similarity,2,5,2,3,0,0,2,0,4,0,The Calm Strategist
9614,similarity,4,5,1,2,4,1,3,0,5,3,The Digital Nomad
9615,similarity,2,4,1,0,1,0,4,3,3,5,The Free Spirit
9616,similarity,0,2,1,5,1,2,3,2,5,1,The Spontaneous Socialite
9617,similarity,2,2,0,4,5,3,5,1,2,4,The Pure Creator
9618,similarity,0,1,0,2,2,4,0,0,0,0,The Digital Nomad
9619,similarity,4,1,4,1,0,4,1,5,1,0,The Grounded Loyalist
9620,similarity,2,0,5,5,3,5,0,5,5,3,The Midnight Coder
9621,similarity,4,0,5,4,3,0,1,4,0,5,The Direct Idealist
9622,similarity,2,5,4,3,1,1,2,3,4,1,The Minimalist Architect
9623,similarity,0,5,4,1,4,3,1,0,0,4,The Grounded Loyalist
9624,similarity,2,4,2,0,2,2,2,5,3,0,The Focused Builder
9625,similarity,0,4,3,5,1,3,3,5,5,2,The Direct Idealist
9626,similarity,4,3,3,3,5,5,2,4,2,4,The Digital Nomad
9627,similarity,0,3,2,2,2,0,3,3,0,1,The Calm Strategist
9628,similarity,4,2,2,2,0,5,5,2,1,1,The Aesthetic Rover
9629,similarity,2,2,0,1,0,1,0,1,5,3,The Pure Creator
9630,similarity,0,0,1,0,3,2,5,0,1,0,The Digital Nomad
9631,similarity,2,1,1,4,1,3,0,4,4,2,The Quiet Observer
9632,similarity,0,5,0,3,4,3,1,3,0,4,The Aesthetic Rover
9633,similarity,4,4,0,2,4,4,0,2,3,1,The Direct Idealist
9634,similarity,0,4,0,0,2,5,1,1,5,3,The Midnight Coder
9635,similarity,4,3,5,5,5,1,2,0,2,5,The Calm Strategist
9636,similarity,2,3,5,3,3,2,1,0,0,2,The Focused Builder
9637,similarity,0,2,3,2,0,1,2,5,2,2,The Direct Idealist
9638,similarity,2,2,4,1,0,2,3,4,5,4,The Spontaneous Socialite
9639,similarity,0,1,4,5,4,4,5,1,1,1,The Calm Strategist
9640,similarity,4,1,3,4,1,5,4,0,4,3,The Aesthetic Rover
9641,similarity,0,0,3,3,5,4,5,5,0,5,The Free Spirit
9642,similarity,4,0,1,1,4,0,0,5,4,1,The Midnight Coder
9643,similarity,2,4,2,0,2,1,5,4,1,4,The Quiet Observer
9644,similarity,0,5,2,4,5,2,0,3,3,0,The Aesthetic Rover
9645,similarity,2,3,1,3,3,4,1,2,0,2,The Grounded Loyalist
9646,similarity,0,4,1,2,3,3,0,1,2,3,The Midnight Coder
9647,similarity,4,2,1,0,0,4,1,4,5,5,The Calm Strategist
9648,similarity,0,3,0,5,4,0,2,4,1,1,The Minimalist Architect
9649,similarity,4,1,0,3,1,1,3,3,5,4,The Free Spirit
9650,similarity,2,0,4,2,5,0,3,2,0,0,The Spontaneous Socialite
9651,similarity,4,0,5,1,5,1,4,1,4,2,The Pure Creator
9652,similarity,2,5,5,5,2,3,5,0,1,5,The Digital Nomad
9653,similarity,0,5,4,4,0,4,4,0,3,1,The Free Spirit
9654,similarity,4,4,4,5,3,5,5,5,0,1,The Midnight Coder
9655,similarity,0,4,2,3,3,5,0,2,2,4,The Pure Creator
9656,similarity,4,2,3,2,1,0,5,1,0,0,The Minimalist Architect
9657,similarity,2,3,3,0,4,1,0,0,1,2,The Grounded Loyalist
9658,similarity,4,1,2,5,2,3,1,5,5,4,The Focused Builder
9659,similarity,2,2,2,4,1,2,2,5,0,1,The Direct Idealist
9660,similarity,0,0,0,2,5,3,1,4,4,3,The Minimalist Architect
9661,similarity,4,1,1,1,3,5,3,3,1,5,The Free Spirit
9662,similarity,0,5,1,0,0,0,4,0,3,2,The Focused Builder
9663,similarity,4,0,0,4,0,5,3,5,1,2,The Pure Creator
9664,similarity,2,4,0,3,3,1,4,5,2,4,The Digital Nomad
9665,similarity,4,3,0,1,1,2,5,4,0,1,The Quiet Observer
9666,similarity,2,3,5,0,4,3,4,3,1,3,The Aesthetic Rover
9667,similarity,0,2,5,5,2,4,5,2,5,5,The Pure Creator
9668,similarity,3,2,3,3,2,4,0,1,2,2,The Grounded Loyalist
9669,similarity,5,0,4,2,5,5,1,0,4,4,The Focused Builder
9670,similarity,3,1,4,1,3,0,0,4,2,0,The Direct Idealist
9671,similarity,1,5,3,5,0,2,2,3,3,3,The Minimalist Architect
9672,similarity,3,0,3,4,0,1,3,2,1,3,The Calm Strategist
9673,similarity,1,4,1,2,4,2,2,1,2,5,The Focused Builder
9674,similarity,5,5,2,1,1,4,3,0,0,1,The Pure Creator
9675,similarity,1,3,2,0,5,5,4,5,1,4,The Spontaneous Socialite
9676,similarity,5,4,1,4,4,0,3,5,5,0,The Quiet Observer
9677,similarity,3,2,1,3,2,0,4,4,3,2,The Aesthetic Rover
9678,similarity,1,3,1,1,0,1,5,1,4,5,The Pure Creator
9679,similarity,3,1,0,2,3,2,0,0,2,1,The Midnight Coder
9680,similarity,1,2,0,1,3,3,5,5,3,3,The Quiet Observer
9681,similarity,5,0,4,5,0,3,0,5,1,4,The Focused Builder
9682,similarity,1,4,5,4,4,4,2,4,2,0,The Grounded Loyalist
9683,similarity,5,5,5,3,1,5,1,3,0,2,The Spontaneous Socialite
9684,similarity,3,3,4,1,5,1,2,2,4,5,The Calm Strategist
9685,similarity,1,4,4,0,5,0,3,1,5,1,The Focused Builder
9686,similarity,3,2,2,4,2,1,2,4,3,3,The Free Spirit
9687,similarity,1,3,3,3,0,3,3,4,4,0,The Spontaneous Socialite
9688,similarity,5,1,3,2,3,4,4,3,2,2,The Quiet Observer
9689,similarity,1,2,2,0,3,5,3,2,4,4,The Digital Nomad
9690,similarity,5,0,2,5,1,5,4,1,1,4,The Grounded Loyalist
9691,similarity,3,1,2,4,4,0,5,0,3,1,The Midnight Coder
9692,similarity,1,5,1,2,2,1,0,0,0,3,The Quiet Observer
9693,similarity,3,5,1,1,1,3,0,5,4,5,The Minimalist Architect
9694,similarity,1,4,5,5,5,2,1,2,5,2,The Grounded Loyalist
9695,similarity,5,4,0,4,3,3,2,1,3,4,The Spontaneous Socialite
9696,similarity,1,3,0,3,0,4,1,0,5,0,The Direct Idealist
9697,similarity,5,3,5,1,4,0,2,5,2,3,The Digital Nomad
9698,similarity,3,2,5,0,3,1,3,5,4,3,The Free Spirit
9699,similarity,5,0,3,5,1,0,2,4,1,5,The Aesthetic Rover
9700,similarity,3,1,4,3,4,2,3,3,3,2,The Pure Creator
9701,similarity,1,5,4,2,2,3,4,2,0,4,The Digital Nomad
9702,similarity,5,0,3,0,2,4,5,5,4,0,The Grounded Loyalist
9703,similarity,1,4,3,5,5,4,4,4,0,3,The Aesthetic Rover
9704,similarity,5,5,1,0,3,5,0,4,3,5,The Direct Idealist
9705,similarity,3,3,2,4,0,0,1,3,5,1,The Minimalist Architect
9706,similarity,5,3,2,3,0,2,0,2,2,3,The Calm Strategist
9707,similarity,3,2,1,1,4,1,1,1,4,4,The Focused Builder
9708,similarity,1,2,1,0,1,2,2,0,1,0,The Direct Idealist
9709,similarity,5,1,1,5,5,3,1,0,5,2,The Digital Nomad
9710,similarity,1,1,0,3,4,5,2,3,1,5,The Calm Strategist
9711,similarity,5,0,0,2,2,0,3,2,4,1,The Aesthetic Rover
9712,similarity,3,0,4,1,0,5,4,1,0,3,The Pure Creator
9713,similarity,5,5,5,5,3,1,3,0,3,0,The Midnight Coder
9714,similarity,3,3,5,4,1,2,4,5,5,2,The Quiet Observer
9715,similarity,1,4,4,2,0,3,0,5,2,4,The Aesthetic Rover
9716,similarity,5,2,4,1,4,3,5,4,4,5,The Direct Idealist
9717,similarity,1,3,2,0,2,4,0,3,2,1,The Midnight Coder
9718,similarity,5,1,3,4,5,5,1,0,5,3,The Calm Strategist
9719,similarity,3,1,3,3,5,1,0,5,1,0,The Focused Builder
9720,similarity,5,0,2,2,2,2,1,5,4,2,The Free Spirit
9721,similarity,3,0,2,0,0,1,2,4,0,4,The Spontaneous Socialite
9722,similarity,1,5,2,5,3,3,3,3,3,0,The Calm Strategist
9723,similarity,3,5,1,3,3,4,2,2,5,3,The Digital Nomad
9724,similarity,1,4,1,2,1,5,3,1,3,5,The Free Spirit
9725,similarity,5,4,5,1,4,4,5,4,0,5,The Midnight Coder
9726,similarity,3,3,0,5,2,0,4,4,2,2,The Quiet Observer
9727,similarity,5,3,0,4,1,1,5,3,5,4,The Minimalist Architect
9728,similarity,3,2,5,3,5,2,0,2,1,0,The Grounded Loyalist
9729,similarity,1,2,5,1,3,4,5,1,5,3,The Midnight Coder
9730,similarity,3,1,3,2,0,3,0,0,0,5,The Direct Idealist
9731,similarity,1,5,4,0,4,4,1,0,4,1,The Minimalist Architect
9732,similarity,5,5,4,5,3,0,2,5,5,4,The Free Spirit
9733,similarity,3,4,3,4,1,1,1,2,3,4,The Spontaneous Socialite
9734,similarity,5,4,3,2,5,0,2,1,0,0,The Pure Creator
9735,similarity,3,3,1,1,2,2,3,0,2,3,The Digital Nomad
9736,similarity,1,3,2,5,2,3,3,5,0,5,The Free Spirit
9737,similarity,3,2,2,4,5,4,4,5,1,1,The Aesthetic Rover
9738,similarity,1,2,0,3,3,3,5,4,5,3,The Pure Creator
9739,similarity,5,1,1,1,0,5,4,3,0,0,The Minimalist Architect
9740,similarity,3,1,1,0,0,0,5,2,4,2,The Grounded Loyalist
9741,similarity,5,0,0,5,4,1,0,5,5,4,The Focused Builder
9742,similarity,3,0,0,3,1,3,1,4,3,5,The Direct Idealist
9743,similarity,1,5,4,2,5,2,0,4,1,1,The Minimalist Architect
9744,similarity,3,5,5,0,4,3,1,3,2,3,The Calm Strategist
9745,similarity,1,3,5,5,2,5,2,2,0,0,The Focused Builder
9746,similarity,5,4,4,4,0,0,1,1,1,2,The Pure Creator
9747,similarity,1,2,4,2,3,5,3,0,5,4,The Spontaneous Socialite
9748,similarity,5,1,2,1,1,1,4,0,0,1,The Quiet Observer
9749,similarity,3,1,3,0,0,2,3,3,4,3,The Aesthetic Rover
9750,similarity,1,0,3,4,4,3,4,2,2,5,The Pure Creator
9751,similarity,3,0,2,3,2,5,5,1,3,0,The Midnight Coder
9752,similarity,1,5,2,1,5,4,0,0,1,2,The Quiet Observer
9753,similarity,5,5,2,0,5,5,5,5,2,4,The Focused Builder
9754,similarity,1,4,1,5,2,0,0,5,0,0,The Grounded Loyalist
9755,similarity,5,4,1,5,0,2,1,4,1,3,The Spontaneous Socialite
9756,similarity,3,3,5,4,4,1,0,3,5,5,The Calm Strategist
9757,similarity,1,3,0,3,3,2,1,0,1,1,The Focused Builder
9758,similarity,3,1,0,1,1,4,3,5,4,4,The Free Spirit
9759,similarity,1,2,5,0,4,5,2,5,2,0,The Spontaneous Socialite
9760,similarity,5,0,5,4,2,4,3,4,3,0,The Quiet Observer
9761,similarity,1,1,3,3,5,0,4,3,1,3,The Digital Nomad
9762,similarity,5,5,4,2,5,1,5,2,2,5,The Grounded Loyalist
9763,similarity,3,0,4,0,3,2,4,1,0,1,The Midnight Coder
9764,similarity,1,4,3,5,0,4,5,0,2,4,The Quiet Observer
9765,similarity,3,3,3,3,4,3,0,4,5,0,The Minimalist Architect
9766,similarity,1,3,1,2,3,4,5,3,3,2,The Grounded Loyalist
9767,similarity,5,2,2,1,1,5,0,2,4,5,The Spontaneous Socialite
9768,similarity,1,2,2,5,5,1,1,1,2,1,The Direct Idealist
9769,similarity,5,1,0,4,2,0,1,0,3,1,The Digital Nomad
9770,similarity,3,1,1,3,2,1,2,5,1,3,The Free Spirit
9771,similarity,5,5,1,1,5,3,3,5,3,0,The Aesthetic Rover
9772,similarity,3,0,0,0,3,4,4,4,0,2,The Pure Creator
9773,similarity,1,4,0,4,1,5,3,1,2,4,The Digital Nomad
9774,similarity,5,5,4,3,0,5,4,0,5,1,The Grounded Loyalist
9775,similarity,1,3,5,2,4,0,5,5,3,3,The Aesthetic Rover
9776,similarity,5,4,5,0,1,1,4,5,5,5,The Direct Idealist
9777,similarity,3,2,4,5,5,3,5,4,2,0,The Minimalist Architect
9778,similarity,5,3,4,4,2,2,0,3,4,2,The Calm Strategist
9779,similarity,3,1,2,2,2,3,5,2,1,4,The Focused Builder
9780,similarity,1,0,3,3,0,5,1,5,3,1,The Direct Idealist
9781,similarity,5,0,3,1,3,0,2,4,0,3,The Digital Nomad
9782,similarity,0,5,2,0,1,5,3,4,2,5,The Focused Builder
9783,similarity,4,5,2,5,0,0,2,3,0,2,The Pure Creator
9784,similarity,2,3,2,3,4,2,3,2,3,4,The Digital Nomad
9785,similarity,4,4,1,2,2,3,4,1,5,0,The Quiet Observer
9786,similarity,2,2,1,1,5,4,3,0,2,0,The Aesthetic Rover
9787,similarity,0,3,5,5,5,4,4,0,4,3,The Pure Creator
9788,similarity,4,1,0,4,2,5,5,3,1,5,The Minimalist Architect
9789,similarity,0,2,0,2,0,0,4,2,3,1,The Quiet Observer
9790,similarity,4,0,5,1,4,2,0,1,1,4,The Focused Builder
9791,similarity,2,1,5,0,3,1,1,0,4,0,The Direct Idealist
9792,similarity,4,5,3,4,1,2,2,5,0,2,The Spontaneous Socialite
9793,similarity,2,0,4,3,4,4,1,5,3,5,The Calm Strategist
9794,similarity,0,4,4,1,2,5,2,4,5,1,The Focused Builder
9795,similarity,2,5,3,0,0,0,3,3,2,1,The Free Spirit
9796,similarity,0,3,3,5,5,5,2,0,4,4,The Spontaneous Socialite
9797,similarity,4,1,3,3,3,1,3,5,2,0,The Quiet Observer
9798,similarity,2,2,2,2,0,2,4,4,3,2,The Aesthetic Rover
9799,similarity,4,0,2,1,4,3,3,4,1,4,The Grounded Loyalist
9800,similarity,2,1,0,5,3,3,4,3,4,1,The Midnight Coder
9801,similarity,0,5,1,4,1,4,0,2,0,3,The Quiet Observer
9802,similarity,2,0,1,2,5,5,5,1,3,5,The Minimalist Architect
9803,similarity,0,4,0,1,2,1,0,0,5,2,The Grounded Loyalist
9804,similarity,4,5,0,0,2,0,1,4,3,2,The Spontaneous Socialite
9805,similarity,2,3,4,4,5,1,2,3,4,4,The Calm Strategist
9806,similarity,4,4,5,5,3,3,1,2,2,1,The Digital Nomad
9807,similarity,2,2,5,4,1,4,2,1,3,3,The Free Spirit
9808,similarity,0,3,4,2,4,5,3,0,1,5,The Spontaneous Socialite
9809,similarity,2,1,4,1,4,5,2,5,4,2,The Pure Creator
9810,similarity,0,1,2,5,1,0,3,5,0,4,The Digital Nomad
9811,similarity,4,0,3,4,5,1,4,4,4,0,The Grounded Loyalist
9812,similarity,2,0,3,3,3,2,4,1,5,3,The Midnight Coder
9813,similarity,4,5,1,1,2,2,5,0,3,3,The Direct Idealist
9814,similarity,2,3,2,0,0,3,0,5,4,5,The Minimalist Architect
9815,similarity,0,4,2,5,3,4,1,5,2,1,The Grounded Loyalist
9816,similarity,2,2,1,3,1,0,0,4,0,4,The Focused Builder
9817,similarity,0,3,1,2,0,1,1,3,1,0,The Direct Idealist
9818,similarity,4,1,5,0,4,0,2,2,5,2,The Digital Nomad
9819,similarity,0,2,0,5,2,2,1,1,0,5,The Calm Strategist
9820,similarity,4,0,0,4,5,3,2,4,4,1,The Aesthetic Rover
9821,similarity,2,1,5,2,5,4,3,4,5,1,The Pure Creator
9822,similarity,0,5,5,1,2,4,2,3,3,4,The Digital Nomad
9823,similarity,2,5,3,5,0,5,4,2,5,0,The Quiet Observer
9824,similarity,0,4,4,4,4,0,5,1,2,2,The Aesthetic Rover
9825,similarity,4,4,4,3,1,1,0,0,0,5,The Direct Idealist
9826,similarity,0,3,3,1,1,3,5,5,1,1,The Midnight Coder
9827,similarity,4,3,3,0,4,2,0,5,5,3,The Calm Strategist
9828,similarity,2,2,3,5,2,3,1,2,0,0,The Focused Builder
9829,similarity,0,0,2,3,0,5,0,1,4,2,The Direct Idealist
9830,similarity,2,1,2,2,5,0,1,0,0,2,The Spontaneous Socialite
9831,similarity,0,5,0,2,3,5,2,5,3,4,The Calm Strategist
9832,similarity,4,0,1,1,0,1,1,5,1,1,The Aesthetic Rover
9833,similarity,0,4,1,0,4,2,2,4,2,3,The Free Spirit
9834,similarity,4,5,0,4,4,3,4,3,0,5,The Midnight Coder
9835,similarity,2,3,0,3,1,3,5,0,1,2,The Quiet Observer
9836,similarity,0,3,4,2,5,4,4,5,5,4,The Aesthetic Rover
9837,similarity,2,2,5,0,2,5,5,4,1,0,The Grounded Loyalist
9838,similarity,0,2,5,5,2,1,0,4,4,3,The Midnight Coder
9839,similarity,4,1,4,3,5,2,5,3,0,3,The Calm Strategist
9840,similarity,0,1,4,2,3,1,0,2,3,5,The Minimalist Architect
9841,similarity,4,0,2,1,1,2,1,1,1,2,The Free Spirit
9842,similarity,2,0,3,5,4,4,0,0,2,4,The Spontaneous Socialite
9843,similarity,4,5,3,4,4,5,1,4,0,0,The Pure Creator
9844,similarity,2,5,1,3,1,4,3,3,2,3,The Digital Nomad
9845,similarity,0,4,2,1,5,0,4,2,5,5,The Free Spirit
9846,similarity,4,2,2,0,3,1,3,1,1,1,The Midnight Coder
9847,similarity,0,2,1,4,2,2,4,0,4,3,The Pure Creator
9848,similarity,4,1,1,3,0,4,5,5,0,4,The Minimalist Architect
9849,similarity,2,1,5,2,3,3,4,5,3,0,The Grounded Loyalist
9850,similarity,4,0,0,0,1,4,5,4,1,2,The Focused Builder
9851,similarity,2,0,0,5,1,0,0,1,3,5,The Direct Idealist
9852,similarity,0,5,5,3,4,1,5,0,0,1,The Minimalist Architect
9853,similarity,4,5,5,2,2,0,0,5,2,3,The Free Spirit
9854,similarity,0,4,3,1,5,1,1,5,5,0,The Focused Builder
9855,similarity,4,4,4,5,3,3,3,4,1,2,The Pure Creator
9856,similarity,2,3,4,0,2,4,2,3,4,2,The Digital Nomad
9857,similarity,4,3,3,5,0,3,3,2,2,5,The Quiet Observer
9858,similarity,2,2,3,3,4,5,4,1,4,1,The Aesthetic Rover
9859,similarity,0,2,3,2,1,0,3,4,1,3,The Pure Creator
9860,similarity,4,0,2,0,1,1,4,4,3,0,The Minimalist Architect
9861,similarity,0,1,2,5,4,3,5,3,0,2,The Quiet Observer
9862,similarity,4,5,0,4,2,2,4,2,2,4,The Focused Builder
9863,similarity,2,4,1,2,0,3,5,1,0,0,The Direct Idealist
9864,similarity,4,4,1,1,5,5,0,0,1,3,The Spontaneous Socialite
9865,similarity,2,3,0,0,3,0,1,5,5,3,The Calm Strategist
9866,similarity,0,3,0,4,0,5,1,5,2,5,The Focused Builder
9867,similarity,2,2,4,3,4,1,2,2,4,2,The Free Spirit
9868,similarity,0,2,5,1,4,2,3,1,1,4,The Spontaneous Socialite
9869,similarity,4,1,5,0,1,3,2,0,3,0,The Quiet Observer
9870,similarity,2,1,4,5,5,4,3,5,1,3,The Aesthetic Rover
9871,similarity,4,0,4,3,2,4,4,5,2,5,The Grounded Loyalist
9872,similarity,2,0,4,2,0,5,3,4,0,1,The Midnight Coder
9873,similarity,0,4,3,1,0,0,4,3,3,4,The Quiet Observer
9874,similarity,2,5,3,5,3,2,5,2,5,4,The Minimalist Architect
9875,similarity,0,3,1,4,1,1,0,5,2,0,The Grounded Loyalist
9876,similarity,4,4,2,2,4,2,5,4,4,3,The Spontaneous Socialite
9877,similarity,2,2,2,1,4,4,1,4,2,5,The Calm Strategist
9878,similarity,4,3,1,0,1,5,2,3,3,1,The Digital Nomad
9879,similarity,2,1,1,4,5,4,1,2,1,3,The Free Spirit
9880,similarity,0,0,5,3,3,0,2,1,2,0,The Spontaneous Socialite
9881,similarity,2,0,0,1,2,1,3,0,0,2,The Pure Creator
9882,similarity,0,5,0,2,0,2,2,0,3,4,The Digital Nomad
9883,similarity,4,5,5,1,3,3,3,3,5,5,The Grounded Loyalist
9884,similarity,2,4,5,5,1,3,4,2,3,1,The Midnight Coder
9885,similarity,4,4,3,4,1,4,5,1,4,3,The Direct Idealist
9886,similarity,2,2,4,3,4,5,4,0,2,0,The Minimalist Architect
9887,similarity,0,3,4,1,2,1,5,5,3,2,The Grounded Loyalist
9888,similarity,2,1,2,0,5,0,1,5,1,4,The Focused Builder
9889,similarity,0,2,3,4,3,1,0,4,2,1,The Direct Idealist
9890,similarity,4,0,3,3,3,3,1,1,0,3,The Digital Nomad
9891,similarity,0,1,2,2,0,4,2,0,4,5,The Calm Strategist
9892,similarity,4,5,2,0,4,5,1,5,5,0,The Aesthetic Rover
9893,similarity,2,0,0,5,1,5,2,4,3,2,The Pure Creator
9894,similarity,0,4,1,4,1,0,3,4,4,4,The Digital Nomad
9895,similarity,2,3,1,2,4,1,4,3,2,0,The Quiet Observer
9896,similarity,5,3,0,1,2,3,3,2,3,3,The Direct Idealist
9897,similarity,3,2,0,5,0,2,4,1,1,5,The Minimalist Architect
9898,similarity,5,2,4,4,5,3,5,4,5,1,The Calm Strategist
9899,similarity,3,0,5,3,3,4,5,4,0,4,The Focused Builder
9900,similarity,1,1,5,1,0,0,0,3,4,4,The Direct Idealist
9901,similarity,5,5,4,0,4,1,1,2,5,0,The Digital Nomad
9902,similarity,1,0,4,5,2,0,0,1,3,3,The Calm Strategist
9903,similarity,5,4,4,3,1,2,1,0,5,5,The Aesthetic Rover
9904,similarity,3,5,3,2,5,3,2,5,2,1,The Pure Creator
9905,similarity,5,3,3,0,2,4,3,5,4,4,The Midnight Coder
9906,similarity,3,4,1,5,0,4,2,2,1,0,The Quiet Observer
9907,similarity,1,2,2,0,0,5,3,1,5,2,The Aesthetic Rover
9908,similarity,5,3,2,4,3,0,4,0,0,5,The Direct Idealist
9909,similarity,1,1,1,3,1,2,4,5,4,5,The Midnight Coder
9910,similarity,5,2,1,1,4,1,5,5,0,1,The Calm Strategist
9911,similarity,3,0,5,0,4,2,0,4,3,3,The Focused Builder
9912,similarity,5,4,0,5,2,4,5,3,5,0,The Free Spirit
9913,similarity,3,5,0,3,5,5,0,2,2,2,The Spontaneous Socialite
9914,similarity,1,3,5,2,3,0,1,5,4,4,The Calm Strategist
9915,similarity,3,4,5,1,2,5,2,4,1,1,The Digital Nomad
9916,similarity,1,2,3,5,0,1,1,4,5,3,The Free Spirit
9917,similarity,5,3,4,4,3,2,2,3,1,5,The Midnight Coder
9918,similarity,3,1,4,2,1,3,3,2,4,0,The Quiet Observer
9919,similarity,5,2,2,1,5,3,2,1,0,2,The Minimalist Architect
9920,similarity,3,0,3,0,4,4,4,0,3,4,The Grounded Loyalist
9921,similarity,1,1,3,4,2,5,5,5,5,1,The Midnight Coder
9922,similarity,3,5,2,3,5,1,4,3,2,3,The Direct Idealist
9923,similarity,1,0,2,2,3,2,5,2,0,5,The Minimalist Architect
9924,similarity,5,4,0,0,3,1,0,1,2,2,The Free Spirit
9925,similarity,3,4,1,5,0,3,5,0,5,4,The Spontaneous Socialite
9926,similarity,5,3,1,3,4,4,0,5,1,0,The Pure Creator
9927,similarity,3,3,0,2,1,5,1,5,4,0,The Digital Nomad
9928,similarity,1,2,0,1,1,4,2,4,0,3,The Free Spirit
9929,similarity,3,0,4,5,5,0,1,3,3,5,The Aesthetic Rover
9930,similarity,1,1,5,4,2,1,2,0,5,1,The Pure Creator
9931,similarity,5,5,5,2,0,2,4,5,3,4,The Minimalist Architect
9932,similarity,3,0,4,1,5,2,3,4,0,0,The Grounded Loyalist
9933,similarity,5,4,4,2,3,3,4,4,2,2,The Focused Builder
9934,similarity,3,5,4,0,0,4,5,3,5,5,The Direct Idealist
9935,similarity,1,3,3,5,4,0,4,2,1,1,The Minimalist Architect
9936,similarity,3,4,3,4,2,1,5,1,4,1,The Calm Strategist
9937,similarity,1,2,1,2,1,0,0,0,0,4,The Focused Builder
9938,similarity,5,2,2,1,5,2,1,4,4,0,The Pure Creator
9939,similarity,1,1,2,5,2,3,0,3,1,2,The Spontaneous Socialite
9940,similarity,5,1,1,4,0,4,1,2,3,5,The Quiet Observer
9941,similarity,3,0,1,3,0,4,2,1,0,1,The Aesthetic Rover
9942,similarity,1,0,5,1,3,5,2,0,2,3,The Pure Creator
9943,similarity,3,5,0,0,1,0,3,5,0,5,The Midnight Coder
9944,similarity,1,3,0,5,4,1,4,5,1,0,The Quiet Observer
9945,similarity,5,4,5,3,4,3,3,2,5,2,The Focused Builder
9946,similarity,1,2,5,2,2,2,4,1,0,4,The Grounded Loyalist
9947,similarity,5,3,3,0,5,3,5,0,4,1,The Spontaneous Socialite
9948,similarity,3,1,4,5,3,5,0,5,1,3,The Calm Strategist
9949,similarity,1,2,4,4,0,0,5,5,3,5,The Focused Builder
9950,similarity,3,0,2,2,0,5,0,4,1,2,The Free Spirit
9951,similarity,1,0,3,1,4,1,1,3,2,4,The Spontaneous Socialite
9952,similarity,5,5,3,0,1,2,0,2,0,0,The Quiet Observer
9953,similarity,1,5,2,4,5,3,2,5,1,1,The Digital Nomad
9954,similarity,5,4,2,3,4,3,3,4,5,3,The Grounded Loyalist
9955,similarity,3,4,0,1,2,4,2,4,0,5,The Midnight Coder
9956,similarity,1,3,1,0,5,5,3,3,4,1,The Quiet Observer
9957,similarity,3,3,1,5,3,0,4,2,2,4,The Minimalist Architect
9958,similarity,1,2,0,5,3,2,5,1,3,0,The Grounded Loyalist
9959,similarity,5,2,0,4,0,1,4,0,1,2,The Spontaneous Socialite
9960,similarity,1,1,4,2,4,2,5,5,2,5,The Direct Idealist
9961,similarity,5,5,5,1,1,4,0,3,0,1,The Digital Nomad
9962,similarity,3,0,5,0,1,5,5,2,1,1,The Free Spirit
9963,similarity,5,4,3,4,5,4,1,1,5,4,The Aesthetic Rover
9964,similarity,3,4,4,3,2,0,2,0,3,0,The Pure Creator
9965,similarity,1,3,4,2,0,1,1,5,4,2,The Digital Nomad
9966,similarity,5,3,3,0,3,2,2,5,2,5,The Grounded Loyalist
9967,similarity,1,2,3,5,3,4,3,4,3,1,The Aesthetic Rover
9968,similarity,5,2,1,3,1,3,4,3,1,3,The Direct Idealist
9969,similarity,3,1,2,2,4,4,3,0,2,0,The Minimalist Architect
9970,similarity,5,1,2,1,2,0,4,5,0,2,The Calm Strategist
9971,similarity,3,0,1,5,1,1,5,4,2,2,The Focused Builder
9972,similarity,1,0,1,4,5,0,4,4,5,4,The Direct Idealist
9973,similarity,5,5,5,3,2,1,5,3,3,1,The Digital Nomad
9974,similarity,1,5,0,1,0,3,1,2,4,3,The Calm Strategist
9975,similarity,5,4,0,0,0,4,0,1,2,5,The Aesthetic Rover
9976,similarity,3,4,5,4,3,5,1,0,3,2,The Pure Creator
9977,similarity,5,2,5,3,1,5,2,4,1,4,The Midnight Coder
9978,similarity,3,1,5,2,4,0,3,3,3,0,The Quiet Observer
9979,similarity,1,1,4,0,4,1,2,2,0,3,The Aesthetic Rover
9980,similarity,5,0,4,5,2,3,3,1,4,3,The Direct Idealist
9981,similarity,1,0,2,4,5,2,4,0,5,5,The Midnight Coder
9982,similarity,5,5,3,2,3,3,3,5,3,2,The Calm Strategist
9983,similarity,3,5,3,3,0,5,4,5,4,4,The Focused Builder
9984,similarity,5,4,2,1,0,0,5,4,2,0,The Free Spirit
9985,similarity,3,4,2,0,4,5,5,1,4,3,The Spontaneous Socialite
9986,similarity,1,3,0,5,1,0,0,0,1,5,The Calm Strategist
9987,similarity,3,3,1,3,5,2,1,5,3,1,The Digital Nomad
9988,similarity,1,2,1,2,4,3,2,4,0,1,The Free Spirit
9989,similarity,5,2,0,0,2,4,1,4,4,4,The Midnight Coder
9990,similarity,3,0,0,5,5,4,2,3,0,0,The Quiet Observer
9991,similarity,5,1,4,4,3,5,3,2,3,2,The Minimalist Architect
9992,similarity,3,5,5,2,3,0,2,1,5,5,The Grounded Loyalist
9993,similarity,1,4,5,1,0,2,3,4,2,1,The Midnight Coder
9994,similarity,3,4,3,0,4,1,4,4,4,3,The Direct Idealist
9995,similarity,1,3,4,4,1,2,3,3,1,0,The Minimalist Architect
9996,similarity,5,3,4,3,5,4,5,2,3,2,The Free Spirit
9997,similarity,3,2,3,1,5,5,0,1,1,2,The Spontaneous Socialite
9998,similarity,5,2,3,0,2,0,1,0,4,5,The Pure Creator
9999,similarity,3,1,1,5,0,0,0,5,0,1,The Digital Nomad
